/wiki/Miami_Marlins	Miami Marlins
/wiki/Kraze_United	Kraze United
/wiki/Jeff_Torborg	Jeff Torborg
/wiki/Scott_McGough	Scott McGough
/wiki/Sun_Life_Stadium	Sun Life Stadium
/wiki/Baseball_manager	manager
/wiki/Devon_White_(baseball)	Devon White
/wiki/Bay_Area_Pelicans	Bay Area Pelicans
/wiki/Cliff_Floyd	Cliff Floyd
/wiki/Miami_United_FC	Miami United FC
/wiki/National_League_Division_Series	Division Series
/wiki/Michael_Morse	Michael Morse
/wiki/Jacksonville_RFC	Jacksonville RFC
/wiki/St._Lucie_Mets	St. Lucie Mets
/wiki/Jarlin_Garc%C3%ADa	Jarlin García
/wiki/Dan_Uggla	Dan Uggla
/wiki/Palm_Beach_Cardinals	Palm Beach Cardinals
/wiki/No-hitter	no-hitters
/wiki/Mitchell_Report	Mitchell Report
/wiki/Wild_card_(baseball)	Wild Card
/wiki/Mike_Mordecai	Mike Mordecai
/wiki/Color_analyst	color analyst
/wiki/Juan_Nieves	Juan Nieves
/wiki/Palm_Beach_Punishers	Palm Beach Punishers
/wiki/Todd_Dunwoody	Todd Dunwoody
/wiki/Lenny_Harris	Lenny Harris
/wiki/Pensacola_Blue_Wahoos	Pensacola Blue Wahoos
/wiki/Michael_Tejera	Michael Tejera
/wiki/Charlie_Hough	Charlie Hough
/wiki/Cincinnati_Reds	Cincinnati Reds
/wiki/Boca_Chica	Boca Chica
/wiki/Henderson_%C3%81lvarez	Henderson Álvarez
/wiki/College_athletics_in_the_United_States	College athletics
/wiki/Gulf_Coast_League_Marlins	Gulf Coast League Marlins
/wiki/2003_National_League_Championship_Series	National League Championship Series
/wiki/Ice_hockey	Hockey
/wiki/Toronto_Blue_Jays	Toronto Blue Jays
/wiki/National_League_East	East
/wiki/Preston_Wilson	Preston Wilson
/wiki/San_Francisco_Giants	Giants
/wiki/Civil_Rights_Game	Civil Rights Game
/wiki/Alejandro_De_Aza	Alejandro De Aza
/wiki/Luis_Gonzalez_(outfielder)	Luis Gonzalez
/wiki/Gaby_S%C3%A1nchez	Gaby Sánchez
/wiki/Henderson_Alvarez	Henderson Alvarez
/wiki/Justin_Nicolino	Justin Nicolino
/wiki/Miami_Marlins_award_winners_and_league_leaders	Award winners and league leaders
/wiki/Atlanta_Braves	Milwaukee Braves
/wiki/Tampa_Bay_Rowdies	Tampa Bay Rowdies
/wiki/Batavia_Muckdogs	Batavia Muckdogs
/wiki/Craig_Counsell	Craig Counsell
/wiki/National_Football_League	National Football League
/wiki/Charles_Johnson_(catcher)	Charles Johnson
/wiki/NL_West	NL West
/wiki/Miguel_Cabrera	Miguel Cabrera
/wiki/Bobby_Bonilla	Bobby Bonilla
/wiki/Mike_Lowell	Mike Lowell
/wiki/Ford_C._Frick_Award	Ford C. Frick Award
/wiki/Jacksonville_Armada_FC	Jacksonville Armada FC
/wiki/Brian_Banks_(baseball)	Brian Banks
/wiki/Jerry_Browne	Jerry Browne
/wiki/Miami_Fury	Miami Fury
/wiki/Alex_Arias	Alex Arias
/wiki/Lynn_Fighting_Knights	Lynn University
/wiki/Pensacola_Ice_Flyers	Pensacola Ice Flyers
/wiki/Ugueth_Urbina	Ugueth Urbina
/wiki/NCAA_Division_II	NCAA Division II
/wiki/Back_to_the_Future_Part_II	Back to the Future Part II
/wiki/BALCO_scandal	BALCO scandal
/wiki/Orlando_City_B	Orlando City B
/wiki/List_of_sports_teams_in_Florida	Sports teams in Florida
/wiki/Jeff_Cox	Jeff Cox
/wiki/Major_professional_sports_leagues_in_the_United_States_and_Canada	North American professional sports leagues
/wiki/Nate_Bump	Nate Bump
/wiki/Jack_McKeon	Jack McKeon
/wiki/Dontrelle_Willis	Dontrelle Willis
/wiki/Mark_Redman	Mark Redman
/wiki/Robb_Nen	Robb Nen
/wiki/Baseball_awards	Awards
/wiki/Florida_Marlins	Florida Marlins
/wiki/A._J._Ramos	A. J. Ramos
/wiki/A._J._Burnett	A. J. Burnett
/wiki/Mike_Jacobs_(first_baseman)	Mike Jacobs
/wiki/Jack_McKeon	Jack McKeon
/wiki/Michael_Strong	Michael Strong
/wiki/Joe_DiMaggio	Joe DiMaggio
/wiki/1993_in_baseball	1993
/wiki/List_of_college_athletic_programs_in_Florida	College Sports in Florida
/wiki/2015_Miami_Marlins_season	2015 Miami Marlins season
/wiki/1997_World_Series	1997
/wiki/Barry_Bonds	Barry Bonds
/wiki/Flagship	flagship
/wiki/Andre_Dawson	Andre Dawson
/wiki/Perry_Hill_(baseball)	Perry Hill
/wiki/Jose_Reyes_(shortstop)	Jose Reyes
/wiki/Ram%C3%B3n_Castro_(catcher)	Ramón Castro
/wiki/Logan_Morrison	Logan Morrison
/wiki/Retractable_roof	retractable roof
/wiki/Lenny_Harris	Lenny Harris
/wiki/Central_Florida_Jaguars	Central Florida Jaguars
/wiki/Reid_Cornelius	Reid Cornelius
/wiki/Mark_Hendrickson	Mark Hendrickson
/wiki/Forbes	Forbes
/wiki/Rugby_union	Rugby union
/wiki/National_League	National League Champions
/wiki/Professional_baseball	professional baseball
/wiki/Quilvio_Veras	Quilvio Veras
/wiki/Brad_Arnsberg	Brad Arnsberg
/wiki/Boston_Red_Sox	Boston Red Sox
/wiki/World_Series_MVP	World Series MVP
/wiki/Orlando_Predators	Orlando Predators
/wiki/Palm_Beach_Suns_FC	Palm Beach Suns FC
/wiki/Giancarlo_Stanton	Giancarlo Stanton
/wiki/American_League	American League
/wiki/National_League_Championship_Series	Championship Series
/wiki/Greg_Colbrunn	Greg Colbrunn
/wiki/Clearwater_Threshers	Clearwater Threshers
/wiki/Terry_Pendleton	Terry Pendleton
/wiki/Minute_Maid_Park	Minute Maid Park
/wiki/Walt_Weiss	Walt Weiss
/wiki/Jorge_Cant%C3%BA	Jorge Cantú
/wiki/Mart%C3%ADn_Prado	Martín Prado
/wiki/Cocoa_Expo_Sports_Center	Cocoa Expo Stadium
/wiki/Rick_Helling	Rick Helling
/wiki/National_Baseball_Hall_of_Fame_and_Museum	Hall of Fame
/wiki/List_of_Miami_Marlins_owners_and_executives	Owners and executives
/wiki/Jacksonville_Axemen	Jacksonville Axemen
/wiki/Gulf_Coast_League	Gulf Coast League
/wiki/Perry_Hill_(baseball)	Perry Hill
/wiki/Minor_League_Baseball	Minor leagues
/wiki/Miami_Marlins_Radio_Network	Miami Marlins Radio Network
/wiki/Marlins_Man	Marlins Man
/wiki/Floridians_FC	Floridians FC
/wiki/Christian_Yelich	Christian Yelich
/wiki/An%C3%ADbal_S%C3%A1nchez	Aníbal Sánchez
/wiki/Dunedin_Blue_Jays	Dunedin Blue Jays
/wiki/1997_World_Series	1997 World Series
/wiki/Chris_Coghlan	Chris Coghlan
/wiki/Los_Angeles_Dodgers	Los Angeles Dodgers
/wiki/Tampa_Bay_Derby_Darlins	Tampa Bay Derby Darlins
/wiki/Jackie_Robinson_Day	Jackie Robinson Day
/wiki/Tampa_Bay_Krewe	Tampa Bay Krewe
/wiki/Jeff_Torborg	Jeff Torborg
/wiki/Instant_replay_in_Major_League_Baseball	Instant replay
/wiki/Tom%C3%A1s_Telis	Tomás Telis
/wiki/Paul_Lo_Duca	Paul Lo Duca
/wiki/Felo_Ram%C3%ADrez	Felo Ramírez
/wiki/Jupiter_Hammerheads	Jupiter Hammerheads
/wiki/Houston_Astros	Houston Astros
/wiki/Vindicated_(book)	Vindicated
/wiki/Shortstop	shortstop
/wiki/Milwaukee_Brewers	Milwaukee Brewers
/wiki/Andr%C3%A9_Rienzo	André Rienzo
/wiki/San_Diego_Padres	Padres
/wiki/2011_in_baseball	2011
/wiki/2012_in_baseball	2012
/wiki/Matt_Treanor	Matt Treanor
/wiki/2003_World_Series	2003 World Series
/wiki/Frank_Menechino	Frank Menechino
/wiki/Miami	Miami
/wiki/Qualcomm_Stadium	Qualcomm Stadium
/wiki/Major_League_Baseball_relocation_of_1950s%E2%80%9360s	Relocation of the 1950s–60s
/wiki/Benito_Santiago	Benito Santiago
/wiki/Bill_Robinson_(outfielder)	Bill Robinson
/wiki/David_Phelps_(baseball)	David Phelps
/wiki/Roller_derby	Roller derby
/wiki/Jose_Canseco	Jose Canseco
/wiki/List_of_highest_paid_Major_League_Baseball_players	Highest paid players
/wiki/Dave_Magadan	Dave Magadan
/wiki/Austin_Brice	Austin Brice
/wiki/Barry_Buccaneers	Barry University
/wiki/List_of_Miami_Marlins_Opening_Day_starting_pitchers	Opening Day starting pitchers
/wiki/Rob_Brantly	Rob Brantly
/wiki/Junior_Felix	Junior Felix
/wiki/John_Baker_(baseball)	John Baker
/wiki/Bryan_Morris	Bryan Morris
/wiki/Los_Angeles_Angels_of_Anaheim	Anaheim Angels
/wiki/Chicago_White_Sox	Chicago White Sox
/wiki/Tampa_Bay_Rays	Tampa Bay Rays
/wiki/List_of_Miami_Marlins_Opening_Day_starting_pitchers	List of Miami Marlins Opening Day starting pitchers
/wiki/Safeco_Field	Safeco Field
/wiki/Ryan_Jackson_(first_baseman)	Ryan Jackson
/wiki/Kevin_Orie	Kevin Orie
/wiki/FC_Miami_City_Champions	FC Miami City Champions
/wiki/Al_Leiter	Al Leiter
/wiki/Radio_station	radio station
/wiki/Detroit_Tigers	Tigers
/wiki/Ryan_Dempster	Ryan Dempster
/wiki/Donovan_Solano	Donovan Solano
/wiki/Central_Florida_Warriors	Central Florida Warriors
/wiki/Rule_5_draft	Rule 5
/wiki/Edgar_Renter%C3%ADa	Edgar Rentería
/wiki/Jacksonville_Dixie_Blues	Jacksonville Dixie Blues
/wiki/Josh_Booty	Josh Booty
/wiki/1997_National_League_Division_Series	National League Division Series
/wiki/Naming_rights	naming rights
/wiki/Montreal_Expo	Montreal Expo
/wiki/Pittsburgh_Pirates	Pittsburgh Pirates
/wiki/Hanley_Ram%C3%ADrez	Hanley Ramírez
/wiki/Tampa_Yankees	Tampa Yankees
/wiki/Kurt_Abbott	Kurt Abbott
/wiki/New_York%E2%80%93Penn_League	New York–Penn League
/wiki/Ocala_Stampede	Ocala Stampede
/wiki/Florida_Panthers	Florida Panthers
/wiki/SW_Florida_Adrenaline	SW Florida Adrenaline
/wiki/Kevin_Brown_(right-handed_pitcher)	Kevin Brown
/wiki/Jarred_Cosart	Jarred Cosart
/wiki/Chase_Field	Chase Field
/wiki/Lorenzo_Bundy	Lorenzo Bundy
/wiki/Fox_Sports_Florida	Fox Sports Florida
/wiki/Rich_Donnelly	Rich Donnelly
/wiki/Eric_Owens_(baseball)	Eric Owens
/wiki/Mike_Dunn_(baseball)	Mike Dunn
/wiki/Placido_Polanco	Placido Polanco
/wiki/Tampa_Bay_Buccaneers	Tampa Bay Buccaneers
/wiki/Charlotte_Stone_Crabs	Charlotte Stone Crabs
/wiki/Iv%C3%A1n_Rodr%C3%ADguez	Iván Rodríguez
/wiki/MLB_Rookie_of_the_Year#National_League_winners_.281949.E2.80.93present.29	MLB Rookie of the Year#National League winners .281949.E2.80.93present.29
/wiki/Arizona_Diamondbacks	Arizona Diamondbacks
/wiki/Candlestick_Park	Candlestick Park
/wiki/Nova_Southeastern_Sharks	Nova Southeastern University
/wiki/ECHL	ECHL
/wiki/Brian_Schneider	Brian Schneider
/wiki/Florida_Tarpons	Florida Tarpons
/wiki/Antonio_Alfonseca	Antonio Alfonseca
/wiki/Adam_Conley	Adam Conley
/wiki/Mike_Lowell	Mike Lowell
/wiki/Florida_Launch	Florida Launch
/wiki/Florida_Everblades	Florida Everblades
/wiki/Brant_Brown	Brant Brown
/wiki/Detroit_Tigers	Detroit Tigers
/wiki/Timeline_of_Major_League_Baseball	Timeline of Major League Baseball
/wiki/Milt_May	Milt May
/wiki/Brad_Hand	Brad Hand
/wiki/WPXM-TV	WPXM-TV
/wiki/Cole_Gillespie	Cole Gillespie
/wiki/Miami_Orange_Bowl	Orange Bowl
/wiki/Rob_Manfred	Rob Manfred
/wiki/Colorado_Rockies	Rockies
/wiki/Miami_Midnites	Miami Midnites
/wiki/Miguel_Rojas_(baseball)	Miguel Rojas
/wiki/San_Diego_Padres	San Diego Padres
/wiki/Casey_Kotchman	Casey Kotchman
/wiki/Jim_Leyland	Jim Leyland
/wiki/Hee-Seop_Choi	Hee-Seop Choi
/wiki/Miami-Dade_County	Miami-Dade County
/wiki/Donnie_Murphy	Donnie Murphy
/wiki/Storm_FC	Storm FC
/wiki/Bradenton_Marauders	Bradenton Marauders
/wiki/Marcell_Ozuna	Marcell Ozuna
/wiki/NCAA_Division_I	NCAA Division I
/wiki/Texas_Rangers_(baseball)	Texas Rangers
/wiki/Florida_Atlantic_Owls	Florida Atlantic University
/wiki/Colorado_Rockies	Colorado Rockies
/wiki/Rogers_Centre	Rogers Centre
/wiki/Barry_Bonds_perjury_case	perjury case
/wiki/Major_League_Baseball_All-Star_Game	All-Star Game
/wiki/Omar_Infante	Omar Infante
/wiki/Derrek_Lee	Derrek Lee
/wiki/Brian_Ellington	Brian Ellington
/wiki/Raudel_Lazo	Raudel Lazo
/wiki/Jim_Leyland	Jim Leyland
/wiki/John_Burkett	John Burkett
/wiki/Orestes_Destrade	Orestes Destrade
/wiki/Jupiter,_Florida	Jupiter, Florida
/wiki/Glenn_Geffner	Glenn Geffner
/wiki/Brevard_County_Manatees	Brevard County Manatees
/wiki/Miami_Kickers	Miami Kickers
/wiki/Chicago_Cubs	Chicago Cubs
/wiki/Metairie,_Louisiana	Metairie, Louisiana
/wiki/History_of_the_Miami_Marlins	History of the Miami Marlins
/wiki/Nick_Wittgren	Nick Wittgren
/wiki/National_League_Division_Series	National League Wild Card Winners
/wiki/Dave_Van_Horne	Dave Van Horne
/wiki/Lacrosse	Lacrosse
/wiki/Palm_Beach_Atlantic_Sailfish	Palm Beach Atlantic University
/wiki/Philadelphia_Phillies	Philadelphia Phillies
/wiki/Juan_Encarnaci%C3%B3n	Juan Encarnación
/wiki/Weston_FC	Weston FC
/wiki/Josh_Willingham	Josh Willingham
/wiki/Chuck_Carr_(baseball)	Chuck Carr
/wiki/Tampa_Bay_Lightning	Tampa Bay Lightning
/wiki/Washington_Nationals	Washington Nationals
/wiki/Ozzie_Guill%C3%A9n	Ozzie Guillén
/wiki/Spring_training	Spring training
/wiki/MLB.com	MLB.com
/wiki/Second_base	second baseman
/wiki/Jim_Eisenreich	Jim Eisenreich
/wiki/Kevin_Millar	Kevin Millar
/wiki/Steve_Bartman_incident	Steve Bartman
/wiki/National_League_East	National League East
/wiki/Devon_White_(baseball)	Devon White
/wiki/Ricky_Nolasco	Ricky Nolasco
/wiki/Dennis_Cook	Dennis Cook
/wiki/Miguel_Cabrera	Miguel Cabrera
/wiki/Mark_Kotsay	Mark Kotsay
/wiki/Justin_Bour	Justin Bour
/wiki/Florida_State_League	Florida State League
/wiki/Garrett_Jones	Garrett Jones
/wiki/Miami_Heat	Miami Heat
/wiki/WAXY_(AM)	WAXY
/wiki/Brad_Penny	Brad Penny
/wiki/Emilio_Bonifacio	Emilio Bonifacio
/wiki/Fort_Lauderdale_Strikers	Fort Lauderdale Strikers
/wiki/Iv%C3%A1n_Rodr%C3%ADguez	Iván Rodríguez
/wiki/Dominican_Republic	Dominican Republic
/wiki/David_Samson_(baseball)	David Samson
/wiki/Seattle_Mariners	Seattle Mariners
/wiki/American_League_Central	Central
/wiki/Florida	Florida
/wiki/IMG_Academy_Bradenton	IMG Academy Bradenton
/wiki/Bret_Barberie	Bret Barberie
/wiki/Derek_Dietrich	Derek Dietrich
/wiki/Luis_Castillo_(baseball)	Luis Castillo
/wiki/South_Florida_Gold	South Florida Gold
/wiki/Josh_Johnson_(baseball)	Josh Johnson
/wiki/Fort_Myers_Miracle	Fort Myers Miracle
/wiki/Miami_Marlins_award_winners_and_league_leaders	Miami Marlins award winners and league leaders
/wiki/Rich_Waltz	Rich Waltz
/wiki/Jarrod_Saltalamacchia	Jarrod Saltalamacchia
/wiki/Liv%C3%A1n_Hern%C3%A1ndez	Liván Hernández
/wiki/Wild_card_(sports)	wild card
/wiki/Martin_Prado	Martin Prado
/wiki/Jeremy_Hermida	Jeremy Hermida
/wiki/19th-century_National_League_teams	19th-century National League teams
/wiki/Joe_Borchard	Joe Borchard
/wiki/2015_World_Series	2015 World Series
/wiki/Larry_Rothschild	Larry Rothschild
/wiki/The_Franchise_(TV_series)	The Franchise (Showtime TV series)
/wiki/Mike_Redmond	Mike Redmond
/wiki/List_of_Miami_Marlins_broadcasters	List of Miami Marlins broadcasters
/wiki/History_of_baseball_team_nicknames	History of team nicknames
/wiki/John_Wehner	John Wehner
/wiki/Todd_Hollandsworth	Todd Hollandsworth
/wiki/Edgar_Renter%C3%ADa	Edgar Rentería
/wiki/Kansas_City_Royals	Royals
/wiki/Jacksonville_Suns	Jacksonville Suns
/wiki/Winter_Meetings	Winter Meetings
/wiki/Miami_FC	Miami FC
/wiki/Softball	Softball
/wiki/John_Cangelosi	John Cangelosi
/wiki/Fort_Lauderdale_Schulz_Academy	Fort Lauderdale Schulz Academy
/wiki/St._Louis_Cardinals	St. Louis Cardinals
/wiki/Cliff_Floyd	Cliff Floyd
/wiki/Doping_in_baseball	Doping
/wiki/Jeff_Conine	Jeff Conine
/wiki/Pierre_Arsenault	Pierre Arsenault
/wiki/Cleveland_Indians	Cleveland Indians
/wiki/World_Series_Most_Valuable_Player_Award	World Series MVP
/wiki/Cameron_Maybin	Cameron Maybin
/wiki/Jacksonville_Jaguars	Jacksonville Jaguars
/wiki/Yahoo_Sports	Yahoo Sports
/wiki/Kurt_Abbott	Kurt Abbott
/wiki/Tim_Wallach	Tim Wallach
/wiki/Kansas_City_Royals	Kansas City Royals
/wiki/Dee_Gordon	Dee Gordon
/wiki/Major_League_Baseball_drug_policy	Drug policy
/wiki/Little_Havana,_Florida	Little Havana, Florida
/wiki/Carlos_Delgado	Carlos Delgado
/wiki/Joe_Robbie	Joe Robbie
/wiki/Josh_Beckett	Josh Beckett
/wiki/Derrek_Lee	Derrek Lee
/wiki/USSSA_Pride	USSSA Pride
/wiki/Basketball	Basketball
/wiki/George_Brett	George Brett
/wiki/Craig_Counsell	Craig Counsell
/wiki/Orlando_Pride	Orlando Pride
/wiki/Jerry_Manuel	Jerry Manuel
/wiki/New_Orleans_Zephyrs	New Orleans Zephyrs
/wiki/Game_of_Shadows	Game of Shadows
/wiki/Space_Coast_Stadium	Space Coast Stadium
/wiki/World_Baseball_Classic	World Baseball Classic
/wiki/Todd_Hollandsworth	Todd Hollandsworth
/wiki/John_Buck_(baseball)	John Buck
/wiki/Miami_Rugby_Club	Miami Rugby Club
/wiki/National_League_East	East Division
/wiki/Orlando_City_U-23	Orlando City U-23
/wiki/Atlanta_Braves	Atlanta Braves
/wiki/Major_League_Baseball_tie-breaking_procedures	Tie-breaking procedures
/wiki/Gainesville_Roller_Rebels	Gainesville Roller Rebels
/wiki/Tommy_Sandt	Tommy Sandt
/wiki/Miami_Marlins_all-time_roster	Miami Marlins all-time roster
/wiki/Juan_Pierre	Juan Pierre
/wiki/Biogenesis_baseball_scandal	Biogenesis baseball scandal
/wiki/Miami_Dolphins	Miami Dolphins
/wiki/List_of_Miami_Marlins_minor_league_affiliates	List of Miami Marlins minor league affiliates
/wiki/List_of_Miami_Marlins_seasons	List of Miami Marlins seasons
/wiki/Miguel_Olivo	Miguel Olivo
/wiki/Jeff_Conine	Jeff Conine
/wiki/Miami_metropolitan_area	Miami metropolitan area
/wiki/WQAM_(AM)	WQAM
/wiki/Los_Angeles_Angels_of_Anaheim	Los Angeles Angels of Anaheim
/wiki/Carl_Pavano	Carl Pavano
/wiki/Carl_Barger	Carl Barger
/wiki/Baltimore_Orioles	Baltimore Orioles
/wiki/Tony_P%C3%A9rez	Tony Pérez
/wiki/Gary_Sheffield	Gary Sheffield
/wiki/Fire_sale#Sports_usage	Fire sale
/wiki/Jay_Powell	Jay Powell
/wiki/Pittsburgh_drug_trials	Pittsburgh drug trials
/wiki/American_football	Football
/wiki/Jeffrey_Loria	Jeffrey Loria
/wiki/Tom_Koehler	Tom Koehler
/wiki/Bruce_Kimm	Bruce Kimm
/wiki/Rugby_league	Rugby league
/wiki/Orlando_Solar_Bears_(ECHL)	Orlando Solar Bears
/wiki/Michael_Hill_(baseball)	Michael Hill
/wiki/List_of_Miami_Marlins_team_records	List of Miami Marlins team records
/wiki/Pacific_Coast_League	Pacific Coast League
/wiki/Montreal_Expos	Montreal Expos
/wiki/World_Series	World Series Champions
/wiki/Daytona_Tortugas	Daytona Tortugas
/wiki/Batavia,_New_York	Batavia, New York
/wiki/Jacksonville,_Florida	Jacksonville, Florida
/wiki/Cody_Ross	Cody Ross
/wiki/Gary_Sheffield	Gary Sheffield
/wiki/Professional_baseball	Professional baseball
/wiki/Jacksonville_United_FC	Jacksonville United FC
/wiki/Dominican_Summer_League	Dominican Summer League
/wiki/Darren_Daulton	Darren Daulton
/wiki/Gregg_Zaun	Gregg Zaun
/wiki/Carter_Capps	Carter Capps
/wiki/MLB_lockout	Lockouts
/wiki/Major_League_Baseball	Major League Baseball
/wiki/Orlando_Magic	Orlando Magic
/wiki/Ice_hockey	Ice hockey
/wiki/Orlando_Anarchy	Orlando Anarchy
/wiki/Braden_Looper	Braden Looper
/wiki/Alex_Arias	Alex Arias
/wiki/Arizona_Diamondbacks	Diamondbacks
/wiki/Hot_stove_league	Hot stove league
/wiki/List_of_National_League_Wild_Card_winners	Wild Card winners
/wiki/Fort_Myers_Derby_Girls	Fort Myers Derby Girls
/wiki/Josh_Beckett	Josh Beckett
/wiki/Boca_Raton_RFC	Boca Raton RFC
/wiki/Nefi_Ogando	Nefi Ogando
/wiki/F%C3%A9lix_Heredia	Félix Heredia
/wiki/San_Francisco_Giants	San Francisco Giants
/wiki/Interleague_play	Interleague play
/wiki/Greensboro_Grasshoppers	Greensboro Grasshoppers
/wiki/New_York_Yankees	New York Yankees
/wiki/Mois%C3%A9s_Alou	Moisés Alou
/wiki/Houston_Astros	Houston Colt .45s/Astros
/wiki/Juan_Pierre	Juan Pierre
/wiki/Scott_Pose	Scott Pose
/wiki/Dontrelle_Willis	Dontrelle Willis
/wiki/Marlins_Park	Marlins Park
/wiki/Billy_the_Marlin	Billy the Marlin
/wiki/Tallahassee_RollerGirls	Tallahassee RollerGirls
/wiki/Tommy_Hutton	Tommy Hutton
/wiki/Charles_Johnson_(catcher)	Charles Johnson
/wiki/Miller_Park_(Milwaukee)	Miller Park
/wiki/Palm_Beach_United	Palm Beach United
/wiki/Wayne_Huizenga	Wayne Huizenga
/wiki/Jeff_Urgelles	Jeff Urgelles
/wiki/Bobby_Bonilla	Bobby Bonilla
/wiki/Luis_Castillo_(baseball)	Luis Castillo
/wiki/Ichiro_Suzuki	Ichiro Suzuki
/wiki/Liv%C3%A1n_Hern%C3%A1ndez	Liván Hernández
/wiki/Major_League_Baseball_on_Fox	Fox Saturday Baseball
/wiki/Tampa_Mayhem	Tampa Mayhem
/wiki/Oakland_Athletics	Oakland Athletics
/wiki/Tony_Saunders	Tony Saunders
/wiki/Kevin_Brown_(right-handed_pitcher)	Kevin Brown
/wiki/J._T._Realmuto	J. T. Realmuto
/wiki/Chad_Fox	Chad Fox
/wiki/National_League	National League
/wiki/Mois%C3%A9s_Alou	Moisés Alou
/wiki/American_League_West	West
/wiki/Baseball	Baseball
/wiki/Roger_Dean_Stadium	Roger Dean Stadium
/wiki/Al_Leiter	Al Leiter
/wiki/Miami_Hurricanes	University of Miami
/wiki/Jacob_Esch	Jacob Esch
/wiki/Ed_Vosberg	Ed Vosberg
/wiki/Live-ball_era	Live-ball era
/wiki/Adeiny_Hechavarria	Adeiny Hechavarria
/wiki/2003_Florida_Marlins_season	2003 season
/wiki/Eric_Reed_(baseball)	Eric Reed
/wiki/Miami_Marlins_minor_league_players	Minor League affiliates
/wiki/Tampa_Bay_Inferno	Tampa Bay Inferno
/wiki/Jacksonville_Sharks	Jacksonville Sharks
/wiki/List_of_National_League_pennant_winners	List of champions
/wiki/Juan_Encarnaci%C3%B3n	Juan Encarnación
/wiki/Pat_Shine	Pat Shine
/wiki/Bill_Giles_(baseball)	Bill Giles
/wiki/Luis_Quintana	Luis Quintana
/wiki/Dead-ball_era	Dead-ball era
/wiki/Greensboro,_North_Carolina	Greensboro, North Carolina
/wiki/Don_Mattingly	Don Mattingly
/wiki/Orlando_City_SC	Orlando City SC
/wiki/Magic_City_Misfits	Magic City Misfits
/wiki/New_York_Mets	New York Mets
/wiki/Miami_Marlins_(disambiguation)	Miami Marlins (disambiguation)
/wiki/Commissioner_of_Baseball	Commissioner
/wiki/Casey_McGehee	Casey McGehee
/wiki/Tommy_Medica	Tommy Medica
/wiki/Minnesota_Twins	Minnesota Twins
/wiki/Mike_Redmond	Mike Redmond
/wiki/Miami_Orange_Bowl	Miami Orange Bowl
/wiki/Miami_Caliente	Miami Caliente
/wiki/Jeff_Baker	Jeff Baker
/wiki/Opening_Day	Opening Day
/wiki/Ronny_Paulino	Ronny Paulino
/wiki/Jacksonville_RollerGirls	Jacksonville RollerGirls
/wiki/Southern_League_(baseball)	Southern League
/wiki/Alex_Fernandez_(baseball)	Alex Fernandez
/wiki/Norman_Braman	Norman Braman
/wiki/Kendry_Flores	Kendry Flores
/wiki/Jacksonville_Giants	Jacksonville Giants
/wiki/Lakeland_Flying_Tigers	Lakeland Flying Tigers
/wiki/Gold_Coast_Derby_Grrls	Gold Coast Derby Grrls
/wiki/Jackie_Robinson	Jackie
Robinson
/wiki/South_Atlantic_League	South Atlantic League
/wiki/Tampa_Bay_Storm	Tampa Bay Storm
/wiki/Kyle_Barraclough	Kyle Barraclough
/wiki/2003_World_Series	2003
/wiki/List_of_National_League_presidents	National League President
/wiki/World_Series	World Series
