/wiki/York_University	York University
/wiki/Canada	Canada
/wiki/University_of_Toronto_Scarborough	University of Toronto Scarborough
/wiki/Leslie_S._Greenberg	Leslie S. Greenberg
/wiki/Suburb	suburban
/wiki/H._Ian_Macdonald	H. Ian Macdonald
/wiki/Canada_Masters	Canada Masters
/wiki/Liberal_arts_college	liberal arts college
/wiki/Phi_Delta_Theta	Phi Delta Theta
/wiki/Scarborough_Civic_Centre	Scarborough Civic Centre
/wiki/Business	Business
/wiki/WindShare	WindShare Wind Turbine
/wiki/Glendon_College	Glendon
/wiki/Keele_Street	Keele Street
/wiki/Canadian_Ambassador_to_the_United_Nations	Canadian Ambassador to the United Nations
/wiki/University_of_Waterloo	Waterloo
/wiki/Cognitive_Science	Cognitive Science
/wiki/Jim_Flaherty	Jim Flaherty
/wiki/Classics	Classics
/wiki/John_C._McConnell	John C. McConnell
/wiki/Brescia_University_College	Brescia
/wiki/Royal_charter	Royal Charter
/wiki/Fields_Institute	Fields Institute
/wiki/Stephen_Gill_(political_scientist)	Stephen Gill
/wiki/University_of_Windsor	Windsor
/wiki/Henry_S._Harris	Henry S. Harris
/wiki/Leo_Panitch	Leo Panitch
/wiki/Susan_Mann	Susan Mann
/wiki/Delta_Zeta	Delta Zeta
/wiki/Times_Higher_Education_World_University_Rankings	Times Higher Education World University Rankings
/wiki/York_Federation_of_Students	York Federation of Students
/wiki/Latin	Latin
/wiki/African_studies	African studies
/wiki/International_Development	International Development
/wiki/Georgian_College	Georgian
/wiki/Conestoga_College	Conestoga
/wiki/CEO	CEOs
/wiki/Higher_education_in_Ontario	Higher education in Ontario
/wiki/Leaside_Bridge	Leaside Bridge
/wiki/Conrad_Grebel_University_College	Conrad Grebel
/wiki/SPAR_Aerospace	SPAR Aerospace
/wiki/Cambrian_College	Cambrian
/wiki/Yonge-University-Spadina_line	Yonge-University-Spadina line
/wiki/Redeemer_University_College	Redeemer
/wiki/Canada_Christian_College	Canada Christian
/wiki/English_language	English
/wiki/Women%27s_studies	women's studies
/wiki/Confederation_College	Confederation
/wiki/Common_law	common law
/wiki/Chinese_people	Chinese
/wiki/Ian_Jarvie	Ian Jarvie
/wiki/Don_River_(Ontario)	Don River
/wiki/Kenjgewin_Teg_Educational_Institute	Kenjgewin Teg
/wiki/Hot_Docs	Hot Docs
/wiki/Shingwauk_Kinoomaage_Gamig	Shingwauk Kinoomaage Gamig
/wiki/Frosh_week	frosh week
/wiki/Wilfrid_Laurier_University	Laurier
/wiki/Graphic_design	graphic design
/wiki/Health	Health
/wiki/St._Phillips_Seminary	St. Phillips
/wiki/Political_Science	Political Science
/wiki/Etobicoke_Civic_Centre	Etobicoke Civic Centre
/wiki/Six_Nations_Polytechnic	Six Nations Polytechnic
/wiki/Ethnomusicology	ethnomusicology
/wiki/First_Nations_Technical_Institute	First Nations
/wiki/Floyd_Chalmers	Floyd S. Chalmers
/wiki/Black_Creek_Pioneer_Village_(TTC)	Black Creek Pioneer Village station
/wiki/Humber_College	Humber
/wiki/Billy_Bishop_Toronto_City_Airport	Billy Bishop Toronto City Airport
/wiki/Canadian_Reformed_Theological_Seminary	Canadian Reformed Seminary
/wiki/Carleton_University	Carleton
/wiki/Murray_G._Ross_Award	Murray G. Ross Award
/wiki/Brian_Slattery	Brian Slattery
/wiki/QS_World_University_Rankings	QS World University Rankings
/wiki/Canadian_Broadcasting_Corporation	Canadian Broadcasting Corporation
/wiki/Greater_Toronto_Area	Greater Toronto Area
/wiki/City_of_Toronto_Archives	City of Toronto Archives
/wiki/East_York_Civic_Centre	East York Civic Centre
/wiki/Toronto_Reference_Library	Toronto Reference Library
/wiki/Gregory_Sorbara	Gregory Sorbara
/wiki/Deborah_Britzman	Deborah Britzman
/wiki/Alpha_Epsilon_Pi	Alpha Epsilon Pi
/wiki/Research_university	research university
/wiki/History	history
/wiki/Natural_Sciences	Natural Sciences
/wiki/York_University_GO_Station	York University GO Station
/wiki/Northern_College_(Ontario)	Northern
/wiki/Bloomberg_Businessweek	Bloomberg Businessweek
/wiki/Forbes	Forbes
/wiki/Residential_college	residential colleges
/wiki/Corporate_Knights	Corporate Knights
/wiki/Communication_Studies	Communication Studies
/wiki/Lester_Pearson	Lester Pearson
/wiki/Jack_Granatstein	Jack Granatstein
/wiki/Iohahi:io_Akwesasne_Adult_Education_Centre	Iohahi:io Akwesasne
/wiki/Toronto_Baptist_Seminary_and_Bible_College	Toronto Baptist
/wiki/Markham,_Ontario	Markham, Ontario
/wiki/Algonquin_College	Algonquin
/wiki/St._Paul%27s_University_College	St. Paul's
/wiki/David_Frum	David Frum
/wiki/Hiroshi_Ono	Hiroshi Ono
/wiki/Cultural_studies	cultural studies
/wiki/Gareth_Morgan_(author)	Gareth Morgan
/wiki/Phoenix_(spacecraft)	Phoenix
/wiki/Metro_Toronto_Convention_Centre	Convention Centre
/wiki/Downsview_(TTC)	Downsview station
/wiki/Talpiot_College_(Toronto)	Talpiot College
/wiki/University_of_New_Brunswick	University of New Brunswick
/wiki/Psychology	Psychology
/wiki/Urban_area	Urban
/wiki/Excalibur_(newspaper)	Excalibur (newspaper)
/wiki/Legislative_Assembly_of_Ontario	Legislative Assembly of Ontario
/wiki/Tau_Kappa_Epsilon	Tau Kappa Epsilon
/wiki/Philosophy	Philosophy
/wiki/Maclean%27s	Maclean's
/wiki/Anthropology	Anthropology
/wiki/Soccer	soccer
/wiki/Pixel	pixel
/wiki/Canadian_university_scientific_research_organizations	Canadian university scientific research organizations
/wiki/Dominican_University_College	Dominican
/wiki/GMAT	GMAT
/wiki/Oscar_Peterson	Oscar Peterson
/wiki/Postgraduate_education	Postgraduates
/wiki/2008-09_York_University_Strike	2008-09 York University Strike
/wiki/Laurentian_University	Laurentian
/wiki/Emmanuel_Bible_College	Emmanuel
/wiki/Schulich_School_of_Business	business school
/wiki/Hydro_corridor	hydro corridor
/wiki/Thorneloe_University	Thorneloe
/wiki/Samuel_McLaughlin	Samuel McLaughlin
/wiki/Lorraine_Code	Lorraine Code
/wiki/List_of_Ontario_Universities	List of Ontario Universities
/wiki/York_Lions	York Lions
/wiki/Legislative_Assembly_of_Ontario	Act of the Legislative Assembly
/wiki/Osgoode_Hall_Law_School	Osgoode Hall Law School
/wiki/Chancellor_(education)	Chancellor
/wiki/CTV_Television_Network	CTV Television Network
/wiki/Graduate_Studies	Graduate Studies
/wiki/Escott_Reid	Escott Reid
/wiki/David_W._Slater	David Slater
/wiki/John_P._Robarts	John P. Robarts
/wiki/Toronto_Transit_Commission	Toronto Transit Commission
/wiki/Fanshawe_College	Fanshawe
/wiki/Adler_School_of_Professional_Psychology	Adler School of Professional Psychology
/wiki/Norman_Bethune	Norman Bethune
/wiki/Stuart_Shanker	Stuart Shanker
/wiki/Religious_studies	Religious Studies
/wiki/Vanier_College_at_York_University	Vanier College
/wiki/Brampton	Brampton
/wiki/Space_research	space research
/wiki/Motion_(physics)	motion
/wiki/R._C._Harris_Water_Treatment_Plant	R. C. Harris Water Treatment Plant
/wiki/NASA	NASA
/wiki/Huntington_University_(Canada)	Huntington
/wiki/Criminology	Criminology
/wiki/Financial_endowment	Endowment
/wiki/Ellen_Bialystok	Ellen Bialystok
/wiki/List_of_York_University_people	List of York University people
/wiki/Brock_University	Brock
/wiki/Lorna_Marsden	Lorna Marsden
/wiki/Ontario	Ontario
/wiki/Stanford_University	Stanford University
/wiki/Space_engineering	Space engineering
/wiki/OCAD_University	OCAD University
/wiki/Latin_America	Latin American
/wiki/George_Brown_College	George Brown
/wiki/Excalibur	Excalibur
/wiki/Georges_Vanier	Georges Vanier
/wiki/York_University_(TTC)	York University station
/wiki/Languages	Languages
/wiki/Toronto_Subway_and_RT	Toronto Subway
/wiki/Athletic_nickname	Nickname
/wiki/Yeshivas_Ner_Yisroel_of_Toronto	Yeshivas Ner Yisroel of Toronto
/wiki/East_Asian_studies	East Asian studies
/wiki/University_of_Ottawa	Ottawa
/wiki/York_University_Faculty_of_Health	Faculty of Health
/wiki/Osgoode_Law_School	Osgoode Law School
/wiki/Policy	Public Policy
/wiki/Jane_and_Finch	Jane and Finch
/wiki/Schulich_School_of_Business	Schulich School of Business
/wiki/Mamdouh_Shoukri	Mamdouh Shoukri
/wiki/Ryerson_Image_Centre	Ryerson Image Centre
/wiki/York_University_(YRT)	York University (YRT)
/wiki/German_Academic_Exchange_Service	German Academic Exchange Service
/wiki/Ed_Morgan_(professor)	Ed Morgan
/wiki/St._Jerome%27s_University	St. Jerome's
/wiki/Renison_University_College	Renison
/wiki/Sociology	Sociology
/wiki/Jean-Gabriel_Castel	Jean-Gabriel Castel
/wiki/PhD	PhD
/wiki/Faculty_of_Environmental_Studies	Faculty of Environmental Studies
/wiki/Bramalea_Terminal	Bramalea Terminal
/wiki/Academic_Ranking_of_World_Universities	Academic Ranking of World Universities
/wiki/Gravity	gravity
/wiki/North_York_Civic_Centre	North York Civic Centre
/wiki/Canadian_industrial_research_and_development_organizations	Canadian industrial research and development organizations
/wiki/Royal_Assent	Royal Assent
/wiki/Robarts_Centre_for_Canadian_Studies	Robarts Centre for Canadian Studies
/wiki/Sheridan_College	Sheridan
/wiki/Walter_L._Gordon	Walter L. Gordon
/wiki/Great_Lakes_Bible_College_(Ontario)	Great Lakes Bible College
/wiki/International_Affairs	International Affairs
/wiki/Educational_technology	Learning Technologies
/wiki/The_Michener_Institute	Michener
/wiki/Institute_for_Advanced_Judaic_Studies_(Toronto)	Institute for Advanced Judaic Studies
/wiki/Canadian_government_scientific_research_organizations	Canadian government scientific research organizations
/wiki/University_of_Toronto	University of Toronto
/wiki/Canadian_Space_Program	Canadian Space Program
/wiki/Rankings_of_universities_in_Canada#Higher_Education_Strategy_Associates.27_rankings	Higher Education Strategy Associates
/wiki/Physics	physics
/wiki/OCAD_University	OCADU
/wiki/Public_university	Public university
/wiki/Financial_Times	Financial Times
/wiki/Human_Resources	Human Resources
/wiki/Huron_University_College	Huron
/wiki/Arden_Haynes	Arden Haynes
/wiki/Fine_arts	Fine Arts
/wiki/French_language	French
/wiki/History	History
/wiki/La_Cit%C3%A9_coll%C3%A9giale	La Cité
/wiki/GO_Transit	GO Transit
/wiki/Nipissing_University	Nipissing
/wiki/Jerome_Chen	Jerome Ch’en
/wiki/Existere	Existere
/wiki/Italian_language	Italian
/wiki/North_York_Central_Library	North York Central Library
/wiki/Public_university	public
/wiki/Affiliated_Colleges	Affiliated Colleges
/wiki/Canada_Post	Canada Post
/wiki/Robert_Haynes	Robert Haynes
/wiki/Greg_Sorbara	Greg Sorbara
/wiki/Liberal_Arts	Liberal Arts
/wiki/Grant_Strate	Grant Strate
/wiki/Caribbean	Caribbean
/wiki/Jewish_Studies	Jewish Studies
/wiki/York_University_(disambiguation)	York University (disambiguation)
/wiki/South_Asia	South Asian
/wiki/Osgoode_Hall	Osgoode Hall
/wiki/North_York	North York
/wiki/Aviva_Centre	Aviva Centre
/wiki/Kenneth_Davey	Kenneth Davey
/wiki/York_Regional_Transit	York Regional Transit
/wiki/Robarts_Library	Robarts Library
/wiki/Yeomen_Warders	Yeomen Warders
/wiki/Seneca_College	Seneca College
/wiki/Tamil_tigers	Tamil Tigers
/wiki/Crime_in_Toronto	Crime in Toronto
/wiki/Avie_Bennett	Avie J. Bennett
/wiki/Wilfred_Curtis	Wilfred A. Curtis
/wiki/Negahneewin_College	Negahneewin
/wiki/Archives_of_Ontario	Archives of Ontario
/wiki/Queen%27s_University	Queen's
/wiki/Centennial_College	Centennial
/wiki/James_Tenney	James Tenney
/wiki/Prince_Edward_Viaduct	Prince Edward Viaduct
/wiki/Canadian_Space_Agency	Canadian Space Agency
/wiki/Diplomat	diplomats
/wiki/Mass_Spectrometry	Mass Spectrometry
/wiki/St._Lawrence_College,_Ontario	St. Lawrence
/wiki/Sheridan_College	Sheridan College
/wiki/Canadian_Jewish_News	Canadian Jewish News
/wiki/Sigma_Alpha_Mu	Sigma Alpha Mu
/wiki/Anishinabek_Education_Institute	Anishinabek
/wiki/Virtual_reality	virtual reality
/wiki/Keele_Campus_(York_University)	Keele Campus
/wiki/Toronto	Toronto
/wiki/Mohawk_College	Mohawk
/wiki/Chief_Justice	Chief Justice
/wiki/York_Civic_Centre	York Civic Centre
/wiki/University_of_York	University of York
/wiki/Canadian_Interuniversity_Sport	Canadian Interuniversity Sport
/wiki/Lakehead_University	Lakehead
/wiki/Toronto_Police_Services	Toronto Police Services
/wiki/Information_Technology	Information Technology
/wiki/Gabriel_Kolko	Gabriel Kolko
/wiki/Tower_of_London	Tower of London
/wiki/Diamond_and_Diamond	Diamond and Diamond
/wiki/Undergraduate_education	Undergraduates
/wiki/Ontario_Student_Assistance_Program	Ontario Student Assistance Program
/wiki/Niagara_College	Niagara
/wiki/Bank_of_Nova_Scotia	Bank of Nova Scotia
/wiki/Trent_University	Trent
/wiki/School_colors	Colours
/wiki/College_and_university_rankings	University rankings
/wiki/York_University_Busway	York University Busway
/wiki/New_York_University_School_of_Law	New York University School of Law
/wiki/Jazz	Jazz
/wiki/Ryerson_University	Ryerson
/wiki/Environmental_Studies	Environmental Studies
/wiki/Iona_College_(Windsor)	Iona
/wiki/University_president	President
/wiki/Lawrence_Park,_Toronto	Lawrence Park
/wiki/Upper_Atmosphere_Research_Satellite	Upper Atmosphere Research Satellite
/wiki/Health_Science	Health Science
/wiki/Ph.D.	Ph.D.
/wiki/Meteorological	meteorological
/wiki/Convocation	convocation
/wiki/Lassonde_School_of_Engineering	Lassonde School of Engineering
/wiki/Canadore_College	Canadore
/wiki/Minister_of_Finance_(Canada)	Minister of Finance
/wiki/York_University_Libraries	York University Libraries
/wiki/Murray_G._Ross	Murray G. Ross
/wiki/Urban_studies	Urban studies
/wiki/Algoma_University	Algoma
/wiki/Israel_Apartheid_Week	Israel Apartheid Week
/wiki/Village_at_York	Village at York
/wiki/Atmospheric_Chemistry	Atmospheric Chemistry
/wiki/John_Tsotsos	John Tsotsos
/wiki/Bank_of_Montreal	Bank of Montreal
/wiki/Howard_Moscoe	Howard Moscoe
/wiki/Brutalism	brutalist
/wiki/Rachel_McAdams	Rachel McAdams
/wiki/Dalton_McGuinty	Dalton McGuinty
/wiki/CineACTION	CineACTION
/wiki/Kinesiology	Kinesiology
/wiki/Kappa_Sigma_Fraternity	Kappa Sigma Fraternity
/wiki/York_University_(TTC)	York University (TTC)
/wiki/York_University_Observatory	York University Observatory
/wiki/Village_at_York	York University Village
/wiki/University_of_Guelph	Guelph
/wiki/Rogers_Communications	Rogers Communications
/wiki/CN_Tower	CN Tower
/wiki/Ryerson_University	Ryerson University
/wiki/Durham_College	Durham
/wiki/Harry_Arthurs	Harry W. Arthurs
/wiki/Social_Work	Social Work
/wiki/Track_and_field	track and field
/wiki/Baptist_Bible_College_Canada_and_Theological_Seminary	Baptist Bible College Canada
/wiki/Greyhound_Lines	Greyhound buses
/wiki/Faculty_of_Liberal_Arts_%26_Professional_Studies	Faculty of Liberal Arts & Professional Studies
/wiki/CUPE	CUPE
/wiki/Phi_Delta_Phi	Phi Delta Phi
/wiki/Women_in_engineering	Women in engineering
/wiki/National_Post	National Post
/wiki/Ontario_University_Athletics	Ontario University Athletics
/wiki/Lambton_College	Lambton
/wiki/McMaster_University	McMaster
/wiki/Economics	Economics
/wiki/Robert_Winters	Robert Winters
/wiki/Loyalist_College	Loyalist
/wiki/B%27nai_Brith_Canada	B'nai Brith Canada
/wiki/Seneca_College	Seneca
/wiki/York/Sheridan_Design_(YSDN)	York/Sheridan Design (YSDN)
/wiki/The_Royal_Conservatory_of_Music	The Royal Conservatory of Music
/wiki/York_Region_Transit	York Region Transit
/wiki/Yeomen	Yeomen
/wiki/Labour_economics	Labour
/wiki/International_student	overseas student
/wiki/Sault_College	Sault
/wiki/Norman_language	Norman
/wiki/Osgoode_Hall_Law_School	law school
/wiki/Tennis	tennis
/wiki/Peter_Cory	Peter deCarteret Cory
/wiki/Finch_Avenue	Finch Avenue
/wiki/John_Tuzo_Wilson	J. Tuzo Wilson
/wiki/Science	Science
/wiki/Sigma_Delta_Tau	Sigma Delta Tau
/wiki/Finch_West_(TTC)	Finch West station
/wiki/Society	Society
/wiki/Engineering	Engineering
/wiki/Graduate_assistants	graduate assistants
/wiki/Seven_Generations_Education_Institute	Seven Generations
/wiki/Children%27s_Studies	Children's Studies
/wiki/Jack_Layton	Jack Layton
/wiki/Toronto_City_Hall	City Hall
/wiki/The_Economist	The Economist
/wiki/Huw_Pritchard	Huw Pritchard
/wiki/Film	film
/wiki/Group_of_Seven_(artists)	Group of Seven
/wiki/Federal_Court_of_Appeal	Federal Court of Appeal
/wiki/Teaching_assistant	teaching assistant
/wiki/CNN_Expansion	CNN Expansion
/wiki/St._Clair_College	St. Clair
/wiki/Law	Law
/wiki/National_Ballet_of_Canada	National Ballet of Canada
/wiki/Glendon_College	Glendon College
/wiki/Classical_Studies	Classical Studies
/wiki/Keele_Campus_(York_University)	Keele Campus (York University)
/wiki/Larry_Clarke	Larry Clarke
/wiki/University_of_Guelph	University of Guelph
/wiki/Hogg%27s_Hollow_Bridge	Hogg's Hollow Bridge
/wiki/FaithWay_Baptist_College_of_Canada	FaithWay Baptist
/wiki/Ian_Howard	Ian Howard
/wiki/Fleming_College	Fleming
/wiki/Steven_MacLean_(astronaut)	Steve MacLean
/wiki/Roy_McMurtry	Roy McMurtry
/wiki/Geography	Geography
