/wiki/Juan_de_Nova_Island	Juan de Nova Island
/wiki/Sui_generis	Sui generis
/wiki/Saint_Pierre_and_Miquelon	Saint Pierre and Miquelon
/wiki/Saint_Helena,_Ascension_and_Tristan_da_Cunha	Saint Helena, Ascension and Tristan da Cunha
/wiki/Aruba	Aruba
/wiki/Atoll	atoll
/wiki/Azores	Azores
/wiki/P%C3%A9ninsule_Loranchet	Péninsule Loranchet
/wiki/Sovereignty	sovereignty
/wiki/%C3%8Ele_de_la_Possession	Île de la Possession
/wiki/%C3%8Ele_Howe	Île Howe
/wiki/Sint_Eustatius	Sint Eustatius
/wiki/Glorioso_Islands	Glorioso Islands
/wiki/French_Southern_and_Antarctic_Lands	French
Southern and Antarctic Lands
/wiki/Peter_I_Island	Peter I Island
/wiki/%C3%8Ele_Amsterdam	Île Amsterdam
/wiki/Lampedusa	Lampedusa
/wiki/Melilla	Melilla
/wiki/French_Guiana	French Guiana
/wiki/Wallis_and_Futuna	Wallis and Futuna
/wiki/Saint_Barth%C3%A9lemy	St. Barthélemy
/wiki/Sea_turtles	Sea turtles
/wiki/Greenland	Greenland
/wiki/Important_Bird_Area	Important Bird Areas
/wiki/Linosa	Linosa
/wiki/Overseas_region	overseas regions
/wiki/Submarine	submariners
/wiki/%C3%8Ele_de_l%27Est	Île de l'Est
/wiki/Falkland_Islands	Falkland Islands
/wiki/Crozet_Islands	Crozet Islands
/wiki/Overseas_departments_and_territories_of_France	Overseas departments and territories of France
/wiki/Pantelleria	Pantelleria
/wiki/French_Polynesia	French Polynesia
/wiki/Europa_Island	Europa Island
/wiki/Bermuda	Bermuda
/wiki/Overseas_collectivity	Overseas collectivities
/wiki/Pe%C3%B1%C3%B3n_de_Alhucemas	Peñón de Alhucemas
/wiki/%C3%8Eles_Leygues	Îles Leygues
/wiki/R%C3%A9union	Réunion
/wiki/Libert%C3%A9,_%C3%A9galit%C3%A9,_fraternit%C3%A9	Liberté, égalité, fraternité
/wiki/Bassas_da_India	Bassas da India
/wiki/British_Indian_Ocean_Territory	British Indian Ocean Territory
/wiki/%C3%8Ele_Saint-Paul	Île Saint-Paul
/wiki/Europe	European
/wiki/BirdLife_International	BirdLife International
/wiki/Lampione	Lampione
/wiki/Pacific_Ocean	Pacific Ocean
/wiki/Tromelin_Island	Tromelin Island
/wiki/Important_Bird_Area	Important Bird Area
/wiki/%C3%8Elots_des_Ap%C3%B4tres	Îlots des Apôtres
/wiki/Cayman_Islands	Cayman Islands
/wiki/Mauritius	Mauritius
/wiki/Ceuta	Ceuta
/wiki/%C3%8Ele_Foch	Île Foch
/wiki/Collectivity_of_Saint_Martin	St. Martin
/wiki/Courbet_Peninsula	Courbet Peninsula
/wiki/French_Southern_and_Antarctic_Lands	French Southern Territories
/wiki/Portugal	Portugal
/wiki/Plateau_des_Tourbi%C3%A8res	Plateau des Tourbières
/wiki/South_Georgia_and_the_South_Sandwich_Islands	South Georgia and the South Sandwich Islands
/wiki/Caribbean_Netherlands	Caribbean Netherlands
/wiki/Scattered_Islands_in_the_Indian_Ocean	Scattered Islands in the Indian Ocean
/wiki/Clipperton_Island	Clipperton Island
/wiki/Canary_Islands	Canary Islands
/wiki/British_Virgin_Islands	British Virgin Islands
/wiki/Sint_Maarten	Sint Maarten
/wiki/Introduced_species	introduced
/wiki/Collectivity_of_Saint_Martin	Saint Martin
/wiki/%C3%8Ele_Saint-Lanne_Gramont	Île Saint-Lanne Gramont
/wiki/Scattered_Islands_in_the_Indian_Ocean	Scattered islands in
the Indian Ocean
/wiki/Scattered_islands_in_the_Indian_Ocean	scattered islands in the Indian Ocean
/wiki/Pelagie_Islands	Pelagie Islands
/wiki/Guadeloupe	Guadeloupe
/wiki/P%C3%A9ninsule_Rallier_du_Baty	Péninsule Rallier du Baty
/wiki/Golfe_du_Morbihan_(Kerguelen)	Golfe du Morbihan
/wiki/Banc_du_Geyser	Banc du Geyser
/wiki/P%C3%A9ninsule_Jeanne_d%27Arc	Péninsule Jeanne d'Arc
/wiki/Pitcairn_Islands	Pitcairn Islands
/wiki/Sooty_tern	sooty terns
/wiki/Ad%C3%A9lie_Land	Adélie Land
/wiki/Scattered_Islands_in_the_Indian_Ocean	Scattered Islands
/wiki/Baie_Larose	Baie Larose
/wiki/Weather_station	weather station
/wiki/International_Space_Station	International Space Station
/wiki/Overseas_territory_(France)	Overseas territory
/wiki/Tananarive	Tananarive
/wiki/SS_Tottenham_(1901)	SS Tottenham
/wiki/Chafarinas_Islands	Chafarinas Islands
/wiki/Pe%C3%B1%C3%B3n_de_V%C3%A9lez_de_la_Gomera	Peñón de Vélez de la Gomera
/wiki/Overseas_department	Overseas departments
/wiki/Bonaire	Bonaire
/wiki/Cura%C3%A7ao	Curaçao
/wiki/Saint_Barth%C3%A9lemy	Saint Barthélemy
/wiki/Phosphate	phosphate
/wiki/Turks_and_Caicos_Islands	Turks and Caicos Islands
/wiki/Greater_crested_tern	greater crested terns
/wiki/%C3%8Ele_des_Pingouins	Île des Pingouins
/wiki/Madagascar	Madagascar
/wiki/Airstrip	airstrip
/wiki/Scattered_islands_in_the_Indian_Ocean	Scattered islands in the Indian Ocean
/wiki/%C3%8Eles_Nuageuses	Îles Nuageuses
/wiki/Guano	Guano
/wiki/Nature_reserve	nature reserve
/wiki/Anguilla	Anguilla
/wiki/Mozambique_Channel	Mozambique Channel
/wiki/Saint_Pierre_and_Miquelon	St. Pierre and Miquelon
/wiki/British_Antarctic_Territory	British Antarctic Territory
/wiki/Martinique	Martinique
/wiki/Mozambique	Mozambique
/wiki/Kerguelen_Islands	Kerguelen Islands
/wiki/Saint-Pierre,_R%C3%A9union	Saint-Pierre
/wiki/Mayotte	Mayotte
/wiki/Montserrat	Montserrat
/wiki/New_Caledonia	New Caledonia
/wiki/Falaises_d%27Entrecasteaux	Falaises d'Entrecasteaux
/wiki/Saba	Saba
/wiki/Queen_Maud_Land	Queen Maud Land
/wiki/%C3%8Ele_aux_Cochons	Île aux Cochons
/wiki/World_War_II	World War II
/wiki/Bouvet_Island	Bouvet Island
/wiki/French_Southern_and_Antarctic_Lands	French Southern and Antarctic Lands
/wiki/La_Marseillaise	La Marseillaise
/wiki/Madeira	Madeira
/wiki/%C3%8Ele_du_Lys	Île du Lys
/wiki/Plazas_de_soberan%C3%ADa	Plazas de soberanía
/wiki/Comoros	Comoros
/wiki/Casuarinaceae	Casuarinaceae
