/wiki/Mail_(armour)	Mail (armour)
/wiki/Twaron	Twaron
/wiki/Rivet	riveted
/wiki/Epaulette	epaulettes
/wiki/Coppergate_helmet	Coppergate helmet
/wiki/Armour	armour
/wiki/Mad_Max_Beyond_Thunderdome	Mad Max Beyond Thunderdome
/wiki/Gambeson	gambeson
/wiki/Bases_(fashion)	Bases
/wiki/Sabaton	Sabaton
/wiki/Iron_Age	Iron Age
/wiki/Bayeux_Tapestry	Bayeux Tapestry
/wiki/Forge_welding	Forge welding
/wiki/Leeds	Leeds
/wiki/Hauberk	Hauberk
/wiki/Ballistic_vest	bulletproof vests
/wiki/Doron_Plate	Doron Plate
/wiki/Sassanid	Sassanid
/wiki/Culet_(armour)	Culet
/wiki/Pollaxe_(polearm)	pollaxe
/wiki/Tang_Dynasty	Tang Emperor
/wiki/Morion_(helmet)	Morion
/wiki/Chainmail_(disambiguation)	Chainmail (disambiguation)
/wiki/Tassets	Tasset
/wiki/Cavalry_charge	cavalry charge
/wiki/Aventail	aventail
/wiki/Cervelliere	Cervelliere
/wiki/Dacians	Dacian
/wiki/Rondel_(armour)	Rondel
/wiki/Armour	Armour
/wiki/Gaul	Gallic
/wiki/Macula_of_retina	macula of retina
/wiki/Schynbalds	Schynbald
/wiki/Lorica_plumata	Lorica plumata
/wiki/Ron_%26_Valerie_Taylor	Valerie Taylor
/wiki/Mamluk	Mamluk
/wiki/Battle_of_Plassey	Battle of Plassey
/wiki/Hounskull	Hounskull
/wiki/Burgonet	Burgonet
/wiki/Proofing_(armour)	Proofing (armour)
/wiki/Japanese_armour	samurai armour
/wiki/Brigandine	brigandines
/wiki/Ciume%C8%99ti	Ciumești
/wiki/Besagew	Besagew
/wiki/Roman_Republic	Roman Republic
/wiki/Lame_(armor)	Lame (armor)
/wiki/Coat_of_plates	Coat of plates
/wiki/Aramid	Aramid
/wiki/Codpiece	Codpiece
/wiki/Gambeson	Gambeson
/wiki/Plackart	Plackart
/wiki/Hauberk	hauberk
/wiki/China	China
/wiki/Maille_(disambiguation)	Maille (disambiguation)
/wiki/Anglo-Saxon	Anglo-Saxon
/wiki/Aventail	Aventail
/wiki/Ring_armour	Ring armour
/wiki/Kikko_(Japanese_armour)	Kikko (Japanese armour)
/wiki/Splint_armour	Splint armour
/wiki/Gold_Flex	Gold Flex
/wiki/David_(biblical_king)	David
/wiki/Chausses	chausses
/wiki/Visby	Visby
/wiki/Romania	Romania
/wiki/Karuta_(Japanese_armour)	Karuta (Japanese armour)
/wiki/Waterwheel	Waterwheel
/wiki/The_Lord_of_the_Rings_(film_series)	The Lord of the Rings film trilogy
/wiki/Royal_Armouries	Royal Armouries
/wiki/Greave	Greave
/wiki/Jazerant	jazerant
/wiki/Bascinet	Bascinet
/wiki/Japan	Japan
/wiki/Kettle_hat	Kettle hat
/wiki/Deutsches_Historisches_Museum	Deutsches Historisches Museum
/wiki/Rerebrace	Rerebrace
/wiki/Vambrace	Vambrace
/wiki/Crossbows	crossbows
/wiki/Lame_(armor)	Lame
/wiki/Territorial_Army_(United_Kingdom)	Territorial Army
/wiki/Northern_Italy	Northern Italy
/wiki/Personal_armor	body armour
/wiki/Brigandine	Brigandine
/wiki/Draw_plate	draw plate
/wiki/Helmet	helms
/wiki/Normans	Norman
/wiki/Charlemagne	Carolingian
/wiki/Lamellar_armour	Lamellar armour
/wiki/Kevlar_KM2	Kevlar KM2
/wiki/Cataphracts	cataphracts
/wiki/Falling_buffe	Falling buffe
/wiki/Transitional_armour	Transitional armour
/wiki/Edo_period	Edo period
/wiki/Gauntlet_(glove)	Gauntlet
/wiki/Chausses	Chausses
/wiki/Middle_Ages	Middle Ages
/wiki/Cuirass	Cuirass
/wiki/Mirror_armour	mirror plate
/wiki/Trauma_plate	Trauma plate
/wiki/Components_of_medieval_armour	Components of medieval armour
/wiki/Plated_mail	Plated mail
/wiki/Boiled_leather	Boiled leather (cuir bouilli)
/wiki/Eric_Schlosser	Schlosser, Eric
/wiki/Lorica_hamata	Lorica hamata
/wiki/Halberd	halberd
/wiki/Royal_Canadian_Armoured_Corps	Royal Canadian Armoured Corps
/wiki/Sallet	Sallet
/wiki/Stab_vest	Stab vest
/wiki/Neologism	neologism
/wiki/Lamellar_armour	lamellar
/wiki/Pauldron	Pauldron
/wiki/Tatami_(Japanese_armour)	Tatami (Japanese armour)
/wiki/Shrapnel_shell	shrapnel
/wiki/Weta_Workshop	Weta Workshop
/wiki/Deadliest_Warrior	Deadliest Warrior
/wiki/Historical_reenactment	historical reenactment
/wiki/Barbute	Barbute
/wiki/Etruscan_military_history	Etruscan
/wiki/Nasal_helmet	Nasal helmet
/wiki/Laminar_armour	Laminar armour
/wiki/Padded_jack	padded jacks
/wiki/Kuchi	Kuchi
/wiki/Faraday_cage	faraday cage
/wiki/Haubergeon	haubergeon
/wiki/Close_helmet	Close helmet
/wiki/Spectra_Shield	Spectra Shield
/wiki/Lorica_hamata	lorica hamata
/wiki/Mirror_armour	Mirror armour
/wiki/War_hammer	warhammers
/wiki/Cataphract	Cataphract
/wiki/The_Fortunes_of_Nigel	The Fortunes of Nigel
/wiki/Camail	camail
/wiki/Lance_rest	Lance rest
/wiki/Plate_armour	plate armour
/wiki/Jack_of_plate	Jack of plate
/wiki/Wetsuit	wetsuits
/wiki/Battle_of_Omdurman	battle of Omdurman
/wiki/Great_helm	Great helm
/wiki/Gorget	Gorget
/wiki/Breastplate	Breastplate
/wiki/Ballistic_nylon	Ballistic nylon
/wiki/Visor_(armor)	Visor
/wiki/Scale_armour	Scale armour
/wiki/Frog_mouth_(helm)	Frog mouth
/wiki/Flak_jacket	flak jacket
/wiki/Spangenhelm	Spangenhelm
/wiki/Morgan_Bible	Morgan Bible
/wiki/Anodizing	anodized
/wiki/Kusari_(Japanese_mail_armour)	Kusari (Japanese mail armour)
/wiki/Kevlar	Kevlar
/wiki/Ottoman_Empire	Ottoman Empire
/wiki/Scale_armour	scale armour
/wiki/Enclosed_helmet	Enclosed helmet
/wiki/Koran	Koran
/wiki/Coif	coif
/wiki/Poleyn	Poleyn
/wiki/Wrought_iron	wrought iron
/wiki/Faulds_(armour)	Fauld
/wiki/Cuisses	Cuisses
/wiki/Ceramic_plate	Ceramic plate
/wiki/Bevor	Bevor
/wiki/Cisalpine_Gaul	Cisalpine Gaul
/wiki/Monty_Python_and_the_Holy_Grail	Monty Python and the Holy Grail
/wiki/Couter	Couter
/wiki/Banded_mail	Banded mail
/wiki/Armet	Armet
/wiki/Spaulders	Spaulder
/wiki/Canadian_Army	Canadian Army
/wiki/Coif	Mail coif
/wiki/Shark_suit	shark suits
/wiki/Ailette	Ailette
/wiki/Wilkinson_Sword	Wilkinson Sword
/wiki/Plate_armour	Plate armour
/wiki/Gousset	Gousset
