/wiki/Isaac_Asimov	Isaac Asimov
/wiki/Isaac_Asimov%27s_Robots_in_Time	Robots in Time series
/wiki/Rowena_Morrill	Rowena Morrill
/wiki/Asimov%27s_Guide_to_the_Bible	Asimov's Guide to the Bible
/wiki/Three_Mile_Island	Three Mile Island
/wiki/Entropy	entropy
/wiki/Norby,_the_Mixed-Up_Robot	Norby, the Mixed-Up Robot
/wiki/Sherlock_Holmes	Sherlock Holmes
/wiki/New_Wave_science_fiction	New Wave science fiction
/wiki/Hard_science_fiction	hard science fiction
/wiki/Cleon_II	Cleon II
/wiki/Asimov_crater	crater
/wiki/TV_Guide	TV Guide
/wiki/Puzzles_of_the_Black_Widowers	Puzzles of the Black Widowers
/wiki/Robots_and_Empire	Robots and Empire
/wiki/Prometheus_Books	Prometheus Books
/wiki/Russian_Soviet_Federative_Socialist_Republic	Russian Soviet Federative Socialist Republic
/wiki/Nero_Wolfe	Nero Wolfe
/wiki/The_Tragedy_of_the_Moon	The Tragedy of the Moon
/wiki/Galaxy_Science_Fiction	Galaxy Science Fiction
/wiki/Trap_Door_Spiders	Trap Door Spiders
/wiki/Multivac	Multivac
/wiki/Yiddish	Yiddish
/wiki/Science,_Numbers,_and_I	Science, Numbers, and I
/wiki/New_York_City_Subway	New York City Subway
/wiki/Paradise_Lost	Paradise Lost
/wiki/Terminus_(planet)	Terminus
/wiki/Pope_John_Paul_II	Pope John Paul II
/wiki/Consent	consenting
/wiki/Machine_ethics	Machine ethics
/wiki/The_Best_Mysteries_of_Isaac_Asimov	The Best Mysteries of Isaac Asimov
/wiki/Dissertation	dissertation
/wiki/Marvin_Minsky	Marvin Minsky
/wiki/Old_Testament	Old Testament
/wiki/Extraterrestrial_Civilizations_(book)	Extraterrestrial Civilizations
/wiki/Literary_criticism	literary criticism
/wiki/Boston_University_School_of_Medicine	Boston University School of Medicine
/wiki/Inside_the_Atom	Inside the Atom
/wiki/Mutton_chop	mutton chop
/wiki/Church_of_Science	Church of Science
/wiki/Foundation_series	Foundation
/wiki/Social_SF	social SF
/wiki/The_Intelligent_Man%27s_Guide_to_Science	The Intelligent Man's Guide to Science
/wiki/X_Stands_for_Unknown	X Stands for Unknown
/wiki/English_studies	English
/wiki/Novella	novelette
/wiki/Apollo_11	Apollo 11
/wiki/Dors_Venabili	Dors Venabili
/wiki/In_Joy_Still_Felt	In Joy Still Felt: The Autobiography of Isaac Asimov, 1954–1978
/wiki/Superstition	superstitious
/wiki/Susan_Calvin	Susan Calvin
/wiki/Nemesis_(Asimov)	Nemesis
/wiki/Winter_cereals	winter crops
/wiki/Sputnik	Sputnik
/wiki/Satan	Satan
/wiki/Trantor	Trantor
/wiki/Isaac_Asimov%27s_Inferno	Inferno
/wiki/Gulliver%27s_Travels	Gulliver's Travels
/wiki/ISFDB	ISFDB
/wiki/The_Best_of_Isaac_Asimov	The Best of Isaac Asimov
/wiki/Rationalism	rationalist
/wiki/The_Road_to_Infinity	The Road to Infinity
/wiki/Cordwainer_Smith	Cordwainer Smith
/wiki/Asimov%27s_Guide_to_Shakespeare	Asimov's Guide to Shakespeare
/wiki/James_Gunn_(author)	Gunn, James
/wiki/Asteroid	asteroid
/wiki/Wikisource	Wikisource
/wiki/Hugo_Award_for_Best_Novel	Hugo Award for Best Novel
/wiki/Hugo_Gernsback	Hugo Gernsback
/wiki/The_Dick_Cavett_Show	The Dick Cavett Show
/wiki/Poul_Anderson	Poul Anderson
/wiki/Nebula_Award_for_Best_Novelette	Nebula Award for Best Novelette
/wiki/Hugo_Award	Hugo Award
/wiki/The_Rest_of_the_Robots	The Rest of the Robots
/wiki/Space_opera	space opera
/wiki/Isaac_Asimov%27s_Galactic_Empire_Series	Isaac Asimov's Galactic Empire Series
/wiki/Isaac_Asimov%27s_Robot_City	Robot City series
/wiki/Philadelphia_Navy_Yard	Philadelphia Navy Yard
/wiki/Understanding_Physics	Understanding Physics
/wiki/Emeritus	emeritus
/wiki/Asimov%27s_SF_Adventure_Magazine	Asimov's SF Adventure Magazine
/wiki/Don_Juan_(Byron)	Don Juan
/wiki/Mugar_Memorial_Library	Mugar Memorial Library
/wiki/New_York_Newsday	New York Newsday
/wiki/Psychohistory	psychohistory
/wiki/Positronic_brain	positronic brains
/wiki/Solaria	Solaria
/wiki/Mentalic	Mentalic
/wiki/Mule_(Foundation)	The Mule
/wiki/Thomas_Malthus	Thomas Malthus
/wiki/Golden_Age_of_Science_Fiction	Golden Age of Science Fiction
/wiki/History	history
/wiki/Janet_Asimov	Janet Jeppson Asimov
/wiki/The_Stars,_Like_Dust	The Stars, Like Dust
/wiki/Gadget	gadgets
/wiki/David_Brin	David Brin
/wiki/The_Nature_of_Things	The Nature of Things
/wiki/Bel_Riose	Bel Riose
/wiki/UNESCO	UNESCO
/wiki/ASIN	ASIN
/wiki/Foundation%27s_Edge	Foundation's Edge
/wiki/HIV	HIV
/wiki/The_Complete_Stories_(Asimov)	The Complete Stories, Volume 2
/wiki/Paul_Levinson	Paul Levinson
/wiki/William_Shakespeare	William Shakespeare
/wiki/Comporellon	Comporellon
/wiki/Seldon_Plan	Seldon Plan
/wiki/Mark_Tilden	Mark Tilden
/wiki/The_Open_Mind_(TV_series)	The Open Mind (TV series)
/wiki/Lucky_Starr_and_the_Rings_of_Saturn	Lucky Starr and the Rings of Saturn
/wiki/Philosophy	philosophy
/wiki/More_Tales_of_the_Black_Widowers	More Tales of the Black Widowers
/wiki/Artificial_intelligence	artificial intelligences
/wiki/Ethics	ethics
/wiki/Klimavichy	Klimovichi
/wiki/The_Originist	The Originist
/wiki/Science_Fiction_Writers_of_America	Science Fiction Writers of America
/wiki/Democracy	democracy
/wiki/Astounding_Science_Fiction	Astounding Science Fiction
/wiki/Eando_Binder	Eando Binder
/wiki/Locus_Award_for_Best_Science_Fiction_Novel	Locus Award for Best Science Fiction Novel
/wiki/Bill_Moyers	Bill Moyers
/wiki/Raych_Seldon	Raych Seldon
/wiki/Julian_calendar	Julian calendars
/wiki/Gene_Roddenberry	Gene Roddenberry
/wiki/In_Memory_Yet_Green	In Memory Yet Green
/wiki/New_Deal	New Deal
/wiki/RAND	RAND
/wiki/Biochemistry	Biochemistry
/wiki/Android_(robot)	androids
/wiki/Lucky_Starr_series	Lucky Starr series
/wiki/Upper_West_Side	Upper West Side
/wiki/James_T._Grady-James_H._Stack_Award_for_Interpreting_Chemistry	James T. Grady-James H. Stack Award for Interpreting Chemistry
/wiki/The_Sensuous_Man	The Sensuous Man
/wiki/The_End_of_Eternity	The End of Eternity
/wiki/Richard_Nixon	Richard Nixon
/wiki/Earth_Is_Room_Enough	Earth Is Room Enough
/wiki/The_Best_of_Isaac_Asimov	Best of
/wiki/Foundation_Series	Foundation Series
/wiki/Avon_(publisher)	Avon
/wiki/Fear_of_flying	afraid of flying
/wiki/U.S._Robots_and_Mechanical_Men	U.S. Robots and Mechanical Men
/wiki/Susan_Blackmore	Blackmore, Susan
/wiki/Nobel_Memorial_Prize_in_Economic_Sciences	Nobel Prize in Economics
/wiki/Greek_mythology	Greek mythology
/wiki/Cruise_ship	cruise ships
/wiki/Honorary_doctorate	honorary doctorate
/wiki/The_Complete_Robot	The Complete Robot
/wiki/Raymond_A._Palmer	Raymond A. Palmer
/wiki/Mystery_fiction	mystery
/wiki/Ebling_Mis	Ebling Mis
/wiki/Opus_100	Opus 100
/wiki/Paul_R._Ehrlich	Paul R. Ehrlich
/wiki/Frankenstein_complex	Frankenstein complex
/wiki/Curator	curator
/wiki/In_Memory_Yet_Green	In Memory Yet Green: The Autobiography of Isaac Asimov, 1920–1954
/wiki/Positronic_brain	Positronic brain
/wiki/David_Frost	David Frost
/wiki/The_Alternate_Asimovs	The Alternate Asimovs
/wiki/Positronic_robot	positronic robot
/wiki/Popular_science	popular science
/wiki/Renal_failure	kidney failure
/wiki/Jack_Dann	Jack Dann
/wiki/Gilbert_and_Sullivan	Gilbert and Sullivan
/wiki/Idea	idea
/wiki/Love_Canal	Love Canal
/wiki/James_Gunn_(author)	James Gunn
/wiki/Etymology	etymologies
/wiki/Ozone_layer	ozone layer
/wiki/Janov_Pelorat	Janov Pelorat
/wiki/L._Sprague_de_Camp	L. Sprague de Camp
/wiki/Internet_Movie_Database	Internet Movie Database
/wiki/Janet_Asimov	Janet O. Jeppson
/wiki/Nebula_Award_for_Best_Novel	Nebula Award for Best Novel
/wiki/Baker_Street_Irregulars	Baker Street Irregulars
/wiki/Science_fiction_film	science fiction film
/wiki/Psychology	psychology
/wiki/Coronary_artery_bypass_surgery	triple bypass surgery
/wiki/Yugo_Amaryl	Yugo Amaryl
/wiki/Counterculture_of_the_1960s	1960s' counterculture
/wiki/The_Ugly_Little_Boy	The Ugly Little Boy
/wiki/Associate_professor	associate professor
/wiki/Marcel_Proust	Proust
/wiki/Houghton_Mifflin_Harcourt	Houghton Mifflin Harcourt
/wiki/Theory_of_humor	humor theory
/wiki/Cleon_I	Cleon I
/wiki/Gomel_Governorate	Gomel Governorate
/wiki/New_York_accent	New York accent
/wiki/Harlan_Ellison	Harlan Ellison
/wiki/Opus_200	Opus 200
/wiki/Pulp_magazine	pulp magazines
/wiki/The_Magazine_of_Fantasy_%26_Science_Fiction	The Magazine of Fantasy & Science Fiction
/wiki/Calendar_reform	calendar reform
/wiki/Star_Trek:_The_Motion_Picture	Star Trek: The Motion Picture
/wiki/Murder_at_the_ABA	Murder at the ABA
/wiki/West_Philadelphia	West Philadelphia
/wiki/The_Positronic_Man	The Positronic Man
/wiki/Extraterrestrial_life	extraterrestrial life
/wiki/Torah	Torah
/wiki/New_Scientist	New Scientist
/wiki/Pun	puns
/wiki/Second_Foundation	Second Foundation
/wiki/R._Daneel_Olivaw	R. Daneel Olivaw
/wiki/Foundation_and_Earth	Foundation and Earth
/wiki/Science_fiction_on_television	science fiction television
/wiki/Fantasy	fantasy
/wiki/Miller	millers
/wiki/Hari_Seldon	Hari Seldon
/wiki/Corporal	corporal
/wiki/Pebble_in_the_Sky	Pebble in the Sky
/wiki/Isaac_Asimov%27s_Science_Fiction_Magazine	Isaac Asimov's Science Fiction Magazine
/wiki/Phil_Konstantin	Phil Konstantin
/wiki/Robopsychology	Robopsychology
/wiki/Hugo_Award_for_Best_Non-Fiction_Book	Hugo Award for Best Non-Fiction Book
/wiki/In_Joy_Still_Felt	In Joy Still Felt
/wiki/Hugo_Award_for_Best_Novelette	Hugo Award for Best Novelette
/wiki/Science_fiction_convention	science fiction conventions
/wiki/The_Union_Club_Mysteries	The Union Club Mysteries
/wiki/Wings_(band)	Wings
/wiki/Asimov%27s_Chronology_of_the_World	Asimov's Chronology of the World
/wiki/View_from_a_Height	View from a Height
/wiki/The_Complete_Stories_(Asimov)	The Complete Stories, Volume 1
/wiki/Pseudoscience	pseudoscientific
/wiki/Oil_dependence	oil dependence
/wiki/Futurians	Futurians
/wiki/Fantastic_Voyage	Fantastic Voyage
/wiki/MusicBrainz	MusicBrainz
/wiki/Postcard	postcards
/wiki/Isaac_Asimov_short_stories_bibliography	List of short stories by Isaac Asimov
/wiki/Isaac_Asimov%27s_Treasury_of_Humor	Treasury of Humor
/wiki/EMP_Museum#Science_Fiction_and_Fantasy_Hall_of_Fame	Science Fiction and Fantasy Hall of Fame
/wiki/Open_Library	Open Library
/wiki/Bikini_Atoll	Bikini Atoll
/wiki/New_York	New York
/wiki/Isaac_Asimov_short_stories_bibliography	Isaac Asimov short stories bibliography
/wiki/Seldon_Crisis	Seldon Crisis
/wiki/Methyl_isocyanate	methyl isocyanate
/wiki/Galaxy_Science_Fiction	Galaxy
/wiki/Star_Trek:_The_Next_Generation	Star Trek: The Next Generation
/wiki/Janet_Asimov	Janet Opal Jeppson
/wiki/Norby	Norby
/wiki/The_Lord_of_the_Rings	The Lord of the Rings
/wiki/Zionist	Zionist
/wiki/Wendell_Urth	Wendell Urth
/wiki/Janet_Asimov	Janet Asimov
/wiki/Abbie_Hoffman	Abbie Hoffman
/wiki/Lucky_Starr_and_the_Pirates_of_the_Asteroids	Lucky Starr and the Pirates of the Asteroids
/wiki/5020_Asimov	5020 Asimov
/wiki/Asimov%27s_Science_Fiction	Asimov's Science Fiction
/wiki/Doubleday_(publisher)	Doubleday
/wiki/Candy_store	candy stores
/wiki/Park_Avenue	Park Avenue
/wiki/Banquets_of_the_Black_Widowers	Banquets of the Black Widowers
/wiki/Foundation_Trilogy	Foundation trilogy
/wiki/Magazine_of_Fantasy_and_Science_Fiction	Magazine of Fantasy and Science Fiction
/wiki/Oxford_English_Dictionary	Oxford English Dictionary
/wiki/Social_issue	social issues
/wiki/American_Heart_Association	American Heart Association
/wiki/Settler_(Asimov)	Settler
/wiki/First_Speaker	First Speaker
/wiki/Isaac_Asimov_bibliography_(alphabetical)	Isaac Asimov bibliography (alphabetical)
/wiki/Spome	spome
/wiki/Sherlock_Holmes	Sherlockian
/wiki/Oahu	Oahu
/wiki/George_McGovern	George McGovern
/wiki/Robot_series_(Asimov)	Robot series
/wiki/Isaac_Asimov%27s_Guide_to_Earth_and_Space	Isaac Asimov's Guide to Earth and Space
/wiki/Chemistry	chemistry
/wiki/Comic_opera	comic operas
/wiki/Nonlinear_(arts)	nonlinearity
/wiki/Democratic_Party_(United_States)	Democratic Party
/wiki/Columbia_University_School_of_General_Studies	Columbia University School of General Studies
/wiki/Narrative_structure	narrative structures
/wiki/DARPA	DARPA
/wiki/Eugenics	eugenics
/wiki/Jewish_mythology	Hebrew mythology
/wiki/Marooned_Off_Vesta	Marooned Off Vesta
/wiki/John_W._Campbell	John W. Campbell
/wiki/Gregory_Benford	Gregory Benford
/wiki/Dewey_Decimal_Classification	Dewey Decimal Classification
/wiki/Foundation_and_Chaos	Foundation and Chaos
/wiki/Exploring_the_Earth_and_the_Cosmos	Exploring the Earth and the Cosmos
/wiki/American_Humanist_Association	American Humanist Association
/wiki/Arthur_Conan_Doyle	Arthur Conan Doyle
/wiki/Amazing_Stories	Amazing Stories
/wiki/West_Newton,_Massachusetts	West Newton, Massachusetts
/wiki/J._R._R._Tolkien	J. R. R. Tolkien
/wiki/Spome	Spome
/wiki/Foundation%27s_Triumph	Foundation's Triumph
/wiki/Laws_of_robotics	Laws of robotics
/wiki/Magic_(Asimov)	Magic
/wiki/Martin_H._Greenberg	Greenberg, Martin H.
/wiki/The_Naked_Sun	The Naked Sun
/wiki/Columbia_College,_Columbia_University	Columbia College
/wiki/Women%27s_Liberation	Women's Liberation
/wiki/Asimov%27s_Mysteries	Asimov's Mysteries
/wiki/Through_a_Glass,_Clearly	Through a Glass, Clearly
/wiki/The_New_York_Times	The New York Times
/wiki/Robin_Williams	Robin Williams
/wiki/Rod_Serling	Rod Serling
/wiki/Chronology	chronological
/wiki/The_Early_Asimov	The Early Asimov
/wiki/Textbooks	textbooks
/wiki/Tilden%27s_Laws_of_Robotics	Tilden's Laws of Robotics
/wiki/Out_of_the_Everywhere	Out of the Everywhere
/wiki/Lucky_Starr_and_the_Big_Sun_of_Mercury	Lucky Starr and the Big Sun of Mercury
/wiki/Tenure	tenured
/wiki/Humanism	humanist
/wiki/Hell	Hell
/wiki/The_Gods_Themselves	The Gods Themselves
/wiki/From_Earth_to_Heaven	From Earth to Heaven
/wiki/Will_Smith	Will Smith
/wiki/Nightfall_and_Other_Stories	Nightfall and Other Stories
/wiki/Ed_Emshwiller	Ed Emshwiller
/wiki/Runaround_(story)	Runaround
/wiki/Robert_Silverberg	Robert Silverberg
/wiki/Walnut_Hill,_Philadelphia	Walnut Hill
/wiki/Clifford_D._Simak	Clifford D. Simak
/wiki/Ethics_of_artificial_intelligence	Ethics of AI
/wiki/Aurora_(planet)	Aurora
/wiki/Genetic_engineering	genetic engineering
/wiki/Lucky_Starr_series	Lucky Starr novels
/wiki/Kurt_Vonnegut	Kurt Vonnegut
/wiki/Nine_Tomorrows	Nine Tomorrows
/wiki/The_Caves_of_Steel	The Caves of Steel
/wiki/Visions_of_the_Universe	Visions of the Universe
/wiki/Smolensk_Oblast	Smolensk Oblast
/wiki/Committee_for_Skeptical_Inquiry	Committee for Skeptical Inquiry
/wiki/Vietnam_War	Vietnam War
/wiki/The_Ultimate_Crime	The Ultimate Crime
/wiki/Robert_A._Heinlein	Heinlein
/wiki/Howard_W._Blakeslee	Howard W. Blakeslee
/wiki/The_Best_Science_Fiction_of_Isaac_Asimov	The Best Science Fiction of Isaac Asimov
/wiki/Arthur_Ashe	Arthur Ashe
/wiki/LIBRIS	SELIBR
/wiki/The_Disappearing_Man_and_Other_Mysteries	The Disappearing Man and Other Mysteries
/wiki/Locus_Publications	Locus Publications
/wiki/Roboethics	Roboethics
/wiki/Foundation%27s_Fear	Foundation's Fear
/wiki/Alfred_Hitchcock%27s_Mystery_Magazine	Alfred Hitchcock's Mystery Magazine
/wiki/Foundation_series#List_of_books	Foundation series list of books
/wiki/David_Starr,_Space_Ranger	David Starr, Space Ranger
/wiki/Spacer_(Asimov)	Spacer
/wiki/Galactic_Empire_(series)	The Empire series
/wiki/Social_science_fiction	social science fiction
/wiki/Robotics	robotics
/wiki/Far_as_Human_Eye_Could_See	Far as Human Eye Could See
/wiki/Homosexuality	homosexuality
/wiki/Robot_Visions	Robot Visions
/wiki/Computer_animation	computer animation
/wiki/The_Winds_of_Change_and_Other_Stories	The Winds of Change and Other Stories
/wiki/Gaia_(Foundation_universe)	Gaia
/wiki/Fantastic_Voyage_II:_Destination_Brain	Fantastic Voyage II: Destination Brain
/wiki/Frederik_Pohl	Frederik Pohl
/wiki/Bhopal_disaster	Bhopal disaster
/wiki/St._Albans	St. Albans
/wiki/American_Chemical_Society	American Chemical Society
/wiki/Brooklyn	Brooklyn
/wiki/Isaac_Asimov%27s_Inferno	Isaac Asimov's Inferno
/wiki/Columbia_University	Columbia University
/wiki/Photo-realistic	photo-realistic
/wiki/The_Death_Dealers	The Death Dealers
/wiki/Asimov_(disambiguation)	Asimov (disambiguation)
/wiki/Ellery_Queen%27s_Mystery_Magazine	Ellery Queen's Mystery Magazine
/wiki/New_Testament	New Testament
/wiki/OCLC	OCLC
/wiki/Gnome_Press	Gnome Press
/wiki/The_Last_Question	The Last Question
/wiki/The_Asimov_Chronicles:_Fifty_Years_of_Isaac_Asimov	The Asimov Chronicles
/wiki/SFWA_Grand_Master	SFWA Grand Master
/wiki/Isaac_Asimov%27s_Caliban	Isaac Asimov's Caliban
/wiki/Human_sexuality	sexuality
/wiki/Science_Fiction_by_Asimov	Science Fiction by Asimov
/wiki/Metro_Boston	Metro Boston
/wiki/Paul_Krugman	Paul Krugman
/wiki/Studebaker	Studebaker
/wiki/Isaac_Asimov%27s_Treasury_of_Humor	Isaac Asimov's Treasury of Humor
/wiki/Foundation_series	Foundation series
/wiki/Weird_Tales	Weird Tales
/wiki/John_Ciardi	John Ciardi
/wiki/University_of_Kansas	University of Kansas
/wiki/Israel	Israel
/wiki/I,_Robot	I, Robot
/wiki/Orthodox_Judaism	Orthodox Jewish
/wiki/Galactic_Empire_(series)	Empire series
/wiki/The_Relativity_of_Wrong	The Relativity of Wrong
/wiki/Multiverses	multiverses
/wiki/Calvin_Trillin	Calvin Trillin
/wiki/The_Intelligent_Man%27s_Guide_to_Science	Guide to Science
/wiki/William_F._Wu	William F. Wu
/wiki/Arcology	arcology
/wiki/Global_warming	global warming
/wiki/The_Currents_of_Space	The Currents of Space
/wiki/ABC_News	ABC News
/wiki/Fact_and_Fancy	Fact and Fancy
/wiki/Isaac_Asimov%27s_Robots_and_Aliens	Robots and Aliens series
/wiki/Popular_science	Popular science
/wiki/Mensa_International	Mensa International
/wiki/The_Los_Angeles_Times	The Los Angeles Times
/wiki/Robot_Dreams	Robot Dreams
/wiki/National_Book_Award	National Book Award
/wiki/Forward_the_Foundation	Forward the Foundation
/wiki/Counting_the_Eons	Counting the Eons
/wiki/Jerusalem	Jerusalem
/wiki/Limerick_(poetry)	limericks
/wiki/The_Key_Word_and_Other_Mysteries	The Key Word and Other Mysteries
/wiki/The_Planet_That_Wasn%27t	The Planet That Wasn't
/wiki/Arcologies	arcologies
/wiki/Humanist_Manifesto_II	Humanist Manifesto
/wiki/Quasar,_Quasar,_Burning_Bright	Quasar, Quasar, Burning Bright
/wiki/Of_Matters_Great_and_Small	Of Matters Great and Small
/wiki/Science_fiction_fandom	science fiction fandom
/wiki/Isaac_Asimov_bibliography_(chronological)	Isaac Asimov bibliography (chronological)
/wiki/The_Robots_of_Dawn	The Robots of Dawn
/wiki/Paul_McCartney	Paul McCartney
/wiki/The_Edge_of_Tomorrow_(1985_book)	The Edge of Tomorrow
/wiki/Arthur_C._Clarke	Arthur C. Clarke
/wiki/Panther_Books	Panther Books
/wiki/Project_Gutenberg	Project Gutenberg
/wiki/The_Left_Hand_of_the_Electron	The Left Hand of the Electron
/wiki/Freelance_writer	freelance writer
/wiki/Azazel_(Asimov)	Azazel
/wiki/Reason_(Asimov)	Reason
/wiki/Fred_Pohl	Fred Pohl
/wiki/The_Bicentennial_Man_and_Other_Stories	The Bicentennial Man and Other Stories
/wiki/Asimov_(crater)	Asimov
/wiki/Foundation_and_Empire	Foundation and Empire
/wiki/Of_Time_and_Space_and_Other_Things	Of Time and Space and Other Things
/wiki/Mark_W._Tiedemann	Mark W. Tiedemann
/wiki/Human_overpopulation	overpopulation
/wiki/Bar_mitzvah	bar mitzvah
/wiki/Carl_Freedman	Freedman, Carl
/wiki/Human_condition	human condition
/wiki/Wanda_Seldon	Wanda Seldon
/wiki/Dignity	dignity
/wiki/Boston_University	Boston University
/wiki/The_Martian_Way_and_Other_Stories	The Martian Way and Other Stories
/wiki/Union_Carbide	Union Carbide
/wiki/Bicentennial_Man_(film)	Bicentennial Man
/wiki/Elijah_Baley	Elijah Baley
/wiki/Mars	Mars
/wiki/Atomic_bomb	atomic bomb
/wiki/The_Sensuous_Woman	The Sensuous Woman
/wiki/Sociology	sociology
/wiki/Studs_Terkel	Studs Terkel
/wiki/Buy_Jupiter_and_Other_Stories	Buy Jupiter and Other Stories
/wiki/Lecherous_Limericks	Lecherous Limericks
/wiki/Venture_Science_Fiction_Magazine	Venture Science Fiction Magazine
/wiki/Psychohistorical_Crisis	Psychohistorical Crisis
/wiki/Hard_SF	hard SF
/wiki/Mathematical_statistics	mathematical statistics
/wiki/The_Stars_in_their_Courses	The Stars in their Courses
/wiki/Gaal_Dornick	Gaal Dornick
/wiki/Adding_a_Dimension	Adding a Dimension
/wiki/The_Stars_Like_Dust	The Stars Like Dust
/wiki/Atom:_Journey_Across_the_Subatomic_Cosmos	Atom: Journey Across the Subatomic Cosmos
/wiki/Tales_of_the_Black_Widowers	Tales of the Black Widowers
/wiki/Prelude_to_Foundation	Prelude to Foundation
/wiki/The_Solar_System_and_Back	The Solar System and Back
/wiki/Russia	Russia
/wiki/The_Sun_Shines_Bright_(book)	The Sun Shines Bright
/wiki/Isaac_Asimov%27s_Utopia	Isaac Asimov's Utopia
/wiki/Life_and_Energy_(book)	Life and Energy
/wiki/Thomas_Alva_Edison	Thomas Alva Edison
/wiki/Evidence_(Asimov)	Evidence
/wiki/Population_control	population control
/wiki/Carl_Sagan	Carl Sagan
/wiki/Garden_of_Eden	Garden of Eden
/wiki/The_Return_of_the_Black_Widowers	The Return of the Black Widowers
/wiki/Isaac_Asimov%27s_Galactic_Empire_Series	Galactic Empire series
/wiki/Future_history	future history
/wiki/Liar!_(short_story)	Liar!
/wiki/Foundation%27s_Friends	Foundation's Friends
/wiki/Star_Trek	Star Trek
/wiki/Our_Angry_Earth	Our Angry Earth
/wiki/The_Subatomic_Monster	The Subatomic Monster
/wiki/Sputnik_I	Sputnik I
/wiki/Zoology	zoology
/wiki/Positronic_brain	positronic
/wiki/H._G._Wells	H. G. Wells
/wiki/Boys_and_Girls_High_School	Boys High School
/wiki/Iliad	Iliad
/wiki/Wandering_Stars	Wandering Stars
/wiki/War	war
/wiki/Artificial_intelligence	artificial intelligence
/wiki/Psychohistory_(fictional)	Psychohistory
/wiki/Computer_science	computer scientist
/wiki/Donald_Kingsbury	Donald Kingsbury
/wiki/Preem_Palver	Preem Palver
/wiki/Encyclopedia_Galactica	Encyclopedia Galactica
/wiki/Asimov%27s_Biographical_Encyclopedia_of_Science_and_Technology	Asimov's Biographical Encyclopedia of Science and Technology
/wiki/New_York_State_Writers_Hall_of_Fame	New York State Writers Hall of Fame
/wiki/White_flight	middle-class flight
/wiki/The_Beatles	Beatle
/wiki/Black_Widowers	Black Widowers
/wiki/Lucky_Starr_and_the_Oceans_of_Venus	Lucky Starr and the Oceans of Venus
/wiki/Only_a_Trillion	Only a Trillion
/wiki/Gold_(Asimov)	Gold
/wiki/Internet_Speculative_Fiction_Database	Internet Speculative Fiction Database
/wiki/Dictionary_of_Literary_Biography	Dictionary of Literary Biography
/wiki/Hober_Mallow	Hober Mallow
/wiki/Robot_series_(Asimov)	The Robot series
/wiki/The_Bicentennial_Man	The Bicentennial Man
/wiki/Stephen_H._Dole	Stephen H. Dole
/wiki/Lucky_Starr_and_the_Moons_of_Jupiter	Lucky Starr and the Moons of Jupiter
/wiki/Rex_Stout	Rex Stout
/wiki/Isaac_Asimov%27s_Robot_Series	Isaac Asimov's Robot Series
/wiki/To_Tell_The_Truth	To Tell The Truth
/wiki/Mechanics	mechanics
/wiki/Galactic_Empire_(Asimov)	Galactic Empire
/wiki/Robert_A._Heinlein	Robert A. Heinlein
/wiki/LibriVox	LibriVox
/wiki/Nuclear_power	nuclear power
/wiki/The_Secret_of_the_Universe	The Secret of the Universe
/wiki/Manhattan	Manhattan
/wiki/Goodreads	Goodreads
/wiki/Salvor_Hardin	Salvor Hardin
/wiki/Jeff_Vintar	Jeff Vintar
/wiki/American_Academy_of_Arts_and_Sciences	American Academy of Arts and Sciences
/wiki/Mazel_tov	mazel tov
/wiki/Biochemistry	biochemistry
/wiki/Arkady_Darell	Arkady Darell
/wiki/Greg_Bear	Greg Bear
/wiki/Casebook_of_the_Black_Widowers	Casebook of the Black Widowers
/wiki/Mathematics	mathematics
/wiki/It%27s_Been_a_Good_Life	It's Been a Good Life
/wiki/Roger_MacBride_Allen	Roger MacBride Allen
/wiki/Foundation_series	The Foundation series
/wiki/Three_Laws_of_Robotics	Three Laws of Robotics
/wiki/Hydraulics	hydraulics
/wiki/Robot	robots
/wiki/Kurt_Vonnegut	Kurt Vonnegut, Jr.
/wiki/Earth_(Foundation_universe)	Earth
/wiki/Computer-aided_learning	computer-aided learning
/wiki/Astronomy	astronomy
/wiki/RMS_Queen_Elizabeth_2	RMS Queen Elizabeth II
/wiki/Internet_Archive	Internet Archive
/wiki/World_War_II	World War II
/wiki/Atheism	atheist
