/wiki/Cheirogaleidae	Cheirogaleidae
/wiki/Northern_giant_mouse_lemur	Northern giant mouse lemur
/wiki/Golden-brown_mouse_lemur	Golden-brown mouse lemur (M. ravelobensis)
/wiki/Fat-tailed_dwarf_lemur	Fat-tailed dwarf lemur (C. medius)
/wiki/Animal	Animalia
/wiki/Lorisidae	Lorisidae
/wiki/Claire%27s_mouse_lemur	Claire's mouse lemur (M. mamiratra)
/wiki/Anosy_mouse_lemur	Anosy mouse lemur
/wiki/Greater_dwarf_lemur	Greater dwarf lemur (C. major)
/wiki/Northern_giant_mouse_lemur	Northern giant mouse lemur (M. zaza)
/wiki/Masoala_fork-marked_lemur	Masoala fork-marked lemur (P. furcifer)
/wiki/Haplorhini	Haplorhini
/wiki/Bongolava_mouse_lemur	Bongolava mouse lemur (M. bongolavensis)
/wiki/Arboreal	arboreal
/wiki/Mittermeier%27s_mouse_lemur	Mittermeier's mouse lemur
/wiki/Claire%27s_mouse_lemur	Claire's mouse lemur
/wiki/Primate	primates
/wiki/Atelidae	Atelidae
/wiki/Lemuridae	Lemuridae
/wiki/MacArthur%27s_mouse_lemur	MacArthur's mouse lemur (M. macarthurii)
/wiki/Lemur	Lemuroidea
/wiki/Microcebus	Microcebus
/wiki/CITES	CITES
/wiki/Hairy-eared_dwarf_lemur	Hairy-eared dwarf lemur
/wiki/John_Edward_Gray	Gray
/wiki/Danfoss%27_mouse_lemur	Danfoss' mouse lemur
/wiki/Eutheria	Eutheria
/wiki/Fat-tailed_dwarf_lemur	Fat-tailed dwarf lemur
/wiki/International_Code_of_Zoological_Nomenclature	International Code of Zoological Nomenclature
/wiki/Cebidae	Cebidae
/wiki/Nocturnal	nocturnal
/wiki/Strepsirrhini	Strepsirrhini
/wiki/Gray_mouse_lemur	Gray mouse lemur
/wiki/Pariente%27s_fork-marked_lemur	Pariente's fork-marked lemur (P. parienti)
/wiki/Lesser_iron-gray_dwarf_lemur	Lesser iron-gray dwarf lemur
/wiki/Lesser_iron-gray_dwarf_lemur	Lesser Iron-gray dwarf lemur (C. minusculus)
/wiki/Genus	Genera
/wiki/Sambirano_mouse_lemur	Sambirano mouse lemur
/wiki/Amber_Mountain_fork-marked_lemur	Amber Mountain fork-marked lemur (P. electromontis)
/wiki/Coquerel%27s_giant_mouse_lemur	Coquerel's giant mouse lemur (M. coquereli)
/wiki/Fat-tailed_dwarf_lemur	Southern Fat-tailed dwarf lemur (C. adipicaudatus)
/wiki/Lesser_dwarf_lemur	lesser dwarf lemur
/wiki/Tapetum_lucidum	tapetum lucidum
/wiki/Gray_mouse_lemur	Gray mouse lemur (M. murinus)
/wiki/Primate	Primates
/wiki/Pitheciidae	Pitheciidae
/wiki/Tarsier	Tarsiidae
/wiki/Omnivore	omnivores
/wiki/LiveScience	LiveScience
/wiki/Conservation_status	Conservation status
/wiki/Coquerel%27s_giant_mouse_lemur	Coquerel's giant mouse lemur
/wiki/Northern_rufous_mouse_lemur	Northern Rufous mouse lemur (M. tavaratra)
/wiki/Pale_fork-marked_lemur	Pale fork-marked lemur (P. pallescens)
/wiki/Lokobe_Mouse_Lemur	Lokobe Mouse Lemur
/wiki/Sambirano_mouse_lemur	Sambirano mouse lemur (M. sambiranensis)
/wiki/Pale_fork-marked_lemur	Pale fork-marked lemur
/wiki/Lavasoa_dwarf_lemur	Lavasoa dwarf lemur
/wiki/Incisor	incisors
/wiki/Sibree%27s_dwarf_lemur	Sibree's dwarf lemur
/wiki/Arnhold%27s_mouse_lemur	Arnhold's mouse lemur (M. arnholdi)
/wiki/Golden-brown_mouse_lemur	Golden-brown mouse lemur
/wiki/Arnhold%27s_mouse_lemur	Arnhold's mouse lemur
/wiki/Jolly%27s_mouse_lemur	Jolly's mouse lemur
/wiki/Furry-eared_dwarf_lemur	Furry-eared dwarf lemur
/wiki/Phaner	Phaner
/wiki/Danfoss%27_mouse_lemur	Danfoss' mouse lemur (M. danfossi)
/wiki/Wikispecies	Wikispecies
/wiki/Northern_rufous_mouse_lemur	Northern rufous mouse lemur
/wiki/Bongolava_mouse_lemur	Bongolava mouse lemur
/wiki/Masoala_fork-marked_lemur	Masoala fork-marked lemur
/wiki/Simmons%27_mouse_lemur	Simmons' mouse lemur (M. simmonsi)
/wiki/Microcebus_gerpi	Microcebus gerpi
/wiki/Gerp%27s_mouse_lemur	Gerp's mouse lemur
/wiki/Reddish-gray_mouse_lemur	Reddish-gray mouse lemur (M. griseorufus)
/wiki/Amber_Mountain_fork-marked_lemur	Amber Mountain fork-marked lemur
/wiki/Reddish-gray_mouse_lemur	Reddish-gray mouse lemur
/wiki/Cheirogaleus	Cheirogaleus
/wiki/Lemuridae	lemurids
/wiki/Gerp%27s_mouse_lemur	Gerp's mouse lemur (M. gerpi)
/wiki/Brown_mouse_lemur	Brown mouse lemur (M. rufus)
/wiki/Euarchontoglires	Euarchontoglires
/wiki/Margot_Marsh%27s_mouse_lemur	Margot Marsh's mouse lemur (M. margotmarshae)
/wiki/Pygmy_mouse_lemur	Pygmy mouse lemur (M. myoxinus)
/wiki/Brown_mouse_lemur	Brown mouse lemur
/wiki/Madame_Berthe%27s_mouse_lemur	Madame Berthe's mouse lemur (M. berthae)
/wiki/Marohita_mouse_lemur	Marohita mouse lemur
/wiki/International_Journal_of_Primatology	International Journal of Primatology
/wiki/Primate	primate
/wiki/Sibree%27s_dwarf_lemur	Sibree's dwarf lemur (C. sibreei)
/wiki/Jolly%27s_mouse_lemur	Jolly's mouse lemur (M. jollyae)
/wiki/Synonym_(taxonomy)	Synonyms
/wiki/Montagne_d%27Ambre_dwarf_lemur	Montagne d'Ambre dwarf lemur (Cheirogaleus andysabini)
/wiki/Colin_Groves	Groves, C.
/wiki/Madagascar	Madagascar
/wiki/Madame_Berthe%27s_mouse_lemur	Madame Berthe's mouse lemur
/wiki/Lavasoa_dwarf_lemur	Lavasoa dwarf lemur (C. lavasoensis)
/wiki/Greater_dwarf_lemur	Greater dwarf lemur
/wiki/Furry-eared_dwarf_lemur	Furry-eared dwarf lemur (C. crossleyi)
/wiki/Species	species
/wiki/Hairy-eared_dwarf_lemur	Hairy-eared dwarf lemur (A. trichotis)
/wiki/Callitrichidae	Callitrichidae
/wiki/Mittermeier%27s_mouse_lemur	Mittermeier's mouse lemur (M. mittermeieri)
/wiki/Simmons%27_mouse_lemur	Simmons' mouse lemur
/wiki/Strepsirrhine	strepsirrhine
/wiki/Russell_Mittermeier	Mittermeier, R.
/wiki/Mammalia	Mammalia
/wiki/MacArthur%27s_mouse_lemur	MacArthur's mouse lemur
/wiki/Type_genus	Type genus
/wiki/Margot_Marsh%27s_mouse_lemur	Margot Marsh's mouse lemur
/wiki/Chordata	Chordata
/wiki/Lemur	lemurs
/wiki/Galago	Galagidae
/wiki/Goodman%27s_mouse_lemur	Goodman's mouse lemur (M. lehilahytsara)
/wiki/Goodman%27s_mouse_lemur	Goodman's mouse lemur
/wiki/Pygmy_mouse_lemur	Pygmy mouse lemur
/wiki/Indriidae	Indriidae
/wiki/Pariente%27s_fork-marked_lemur	Pariente's fork-marked lemur
/wiki/Hominidae	Hominidae
