/wiki/Carl_Linnaeus	Carl Linnaeus
/wiki/Curate	curate
/wiki/Pistil	pistils
/wiki/Nehemiah_Grew	Nehemiah Grew
/wiki/Francis_Galton	Francis Galton
/wiki/Anders_Sparrman	Anders Sparrman
/wiki/Sugar	Sugar
/wiki/Halfdan_Bryn	Halfdan Bryn
/wiki/Helminthology	Helminthology
/wiki/Herbal	Herbal
/wiki/Leaf	Leaf
/wiki/Dinaric_race	Dinaric
/wiki/Cell_theory	Cell theory
/wiki/Ennoblement	ennoblement
/wiki/Brown_(racial_classification)	Brown
/wiki/Heinrich_Schmidt_(philosopher)	Heinrich Schmidt
/wiki/Liverpool	Liverpool
/wiki/Royal_Society_of_Sciences_in_Uppsala	Royal Society of Sciences in Uppsala
/wiki/Jan_Frederik_Gronovius	Johan Frederik Gronovius
/wiki/A_History_of_British_Birds	A History of British Birds
/wiki/Tree	Trees
/wiki/Plant_stem	Stem
/wiki/Plant_evolutionary_developmental_biology	Evolutionary development
/wiki/Archegonium	Archegonium
/wiki/Stoma	Stoma
/wiki/Ovule	Ovule
/wiki/Patricia_Fara	Fara, Patricia
/wiki/Shoot	Shoot
/wiki/Plant_cell	Plant cells
/wiki/Katedralskolan,_V%C3%A4xj%C3%B6	Katedralskolan
/wiki/Pehr_L%C3%B6fling	Pehr Löfling
/wiki/Egon_Freiherr_von_Eickstedt	Egon Freiherr von Eickstedt
/wiki/Swedish_calendar	Swedish Style
/wiki/Johann_Wolfgang_von_Goethe	Johann Wolfgang von Goethe
/wiki/Vascular_bundle	Vascular bundle
/wiki/Georg_Wilhelm_Steller	Georg Steller
/wiki/Fran%C3%A7ois_Bernier	François Bernier
/wiki/Ornithological_Dictionary	Ornithological Dictionary
/wiki/Bulb	Bulb
/wiki/Historia_animalium_(Gessner)	Historia animalium
/wiki/Creation%E2%80%93evolution_controversy	creation–evolution controversy
/wiki/History_of_plant_systematics	Plant systematics
/wiki/Staminode	Staminode
/wiki/Endosperm	Endosperm
/wiki/Cladistics	Cladistics
/wiki/Jardin_des_Plantes	Jardin des Plantes
/wiki/Concealing-Coloration_in_the_Animal_Kingdom	Concealing-Coloration in the Animal Kingdom
/wiki/Peter_Ascanius	Peter Ascanius
/wiki/Quadrumana	Quadrumana
/wiki/Antonie_van_Leeuwenhoek	Antonie van Leeuwenhoek
/wiki/Lapland_(region)	Lapland
/wiki/Jan_Frederik_Gronovius	Gronovius
/wiki/Algae	Algae
/wiki/Gynostemium	Gynandrium
/wiki/Joseph_Dalton_Hooker	Joseph Dalton Hooker
/wiki/Natural_history	natural history
/wiki/Stereotype	stereotypical
/wiki/History_of_medicine	History of medicine
/wiki/William_Graham_Sumner	William Graham Sumner
/wiki/Horticulture	Horticulture
/wiki/Lewis_H._Morgan	Lewis H. Morgan
/wiki/Phytochemistry	Phytochemistry
/wiki/ABC_model_of_flower_development	Flower development
/wiki/Primatology	Primatology
/wiki/Historical_race_concepts	Historical race concepts
/wiki/Karl_von_Frisch	Karl von Frisch
/wiki/Anthropomorpha	Ant[h]ropomorpha
/wiki/Hans_Sloane	Sir Hans Sloane's
/wiki/AltaMira_Press	AltaMira Press
/wiki/Bract	Bract
/wiki/Vacuole	Vacuole
/wiki/Rhizoid	Rhizoid
/wiki/Scientific_racism	Scientific racism
/wiki/William_Shakespeare	Shakespeare
/wiki/Twinflower	twinflower
/wiki/Plant_taxonomy	Plant taxonomy
/wiki/Systema_Naturae	Systema Naturæ
/wiki/History_of_agricultural_science	History of agricultural science
/wiki/Peter_Artedi	Peter Artedi
/wiki/Georges_Cuvier	Georges Cuvier
/wiki/Latin	Latin
/wiki/Gametophyte	Gametophyte
/wiki/Manticore	manticore
/wiki/Microsporangia	Microsporangia
/wiki/Natural_history_museum	Natural history museums
/wiki/Isaac_La_Peyr%C3%A8re	Isaac La Peyrère
/wiki/Paleobotany	Paleobotany
/wiki/Floral_formula	Floral formula
/wiki/Gripsholm_Castle	Gripsholm Castle
/wiki/Hans_F._K._G%C3%BCnther	Hans F. K. Günther
/wiki/Thomas_Griffith_Taylor	Thomas Griffith Taylor
/wiki/Master_race	Master race
/wiki/Mammalogy	Mammalogy
/wiki/The_Natural_History_and_Antiquities_of_Selborne	The Natural History of Selborne
/wiki/Josiah_C._Nott	Josiah C. Nott
/wiki/Lothrop_Stoddard	Lothrop Stoddard
/wiki/Malaria	malaria
/wiki/Carl_Zimmer	Carl Zimmer
/wiki/Correct_name_(botany)	Correct name
/wiki/Classes_Plantarum	Classes Plantarum
/wiki/Louisa_Ulrika_of_Prussia	Queen Lovisa Ulrika
/wiki/Greek_language	Greek
/wiki/Houston_Stewart_Chamberlain	Houston Stewart Chamberlain
/wiki/Genera_Plantarum	Genera Plantarum
/wiki/Berry_(botany)	Berry
/wiki/Natural_history	Natural history
/wiki/R%C3%B8ros	Røros
/wiki/Physiology	physiology
/wiki/Paleozoology	Paleozoology
/wiki/Visby	Visby
/wiki/Ronald_Lockley	Ronald Lockley
/wiki/Human_skin_color	skin colour
/wiki/Biodiversity	biodiversity
/wiki/HM_Bark_Endeavour	Endeavour
/wiki/William_Derham	William Derham
/wiki/Ornithological	ornithological
/wiki/Sporophyte	Sporophyte
/wiki/Seed	Seed
/wiki/Shrub	Shrubs
/wiki/Ant%C3%A9nor_Firmin	Anténor Firmin
/wiki/Stigma_(botany)	Stigma
/wiki/Meristem	Meristem
/wiki/Eugene_Odum	Eugene Odum
/wiki/Receptacle_(botany)	Receptacle
/wiki/Arabid_race	Arabid
/wiki/Le_R%C3%A8gne_Animal	Le Règne Animal
/wiki/Bibliotheca_Botanica	Bibliotheca Botanica
/wiki/Lar_gibbon	lar gibbon
/wiki/Blanqueamiento	Branqueamento/Blanqueamiento
/wiki/Family_(biology)	family
/wiki/Julian_Huxley	Julian Huxley
/wiki/Liana	Lianas
/wiki/Johann_Georg_Gmelin	Johann Georg Gmelin
/wiki/Aeneid	Aeneid
/wiki/Fritz_Lenz	Fritz Lenz
/wiki/Dormouse	dormouse
/wiki/Phylum	phylum
/wiki/Botanical_nomenclature	Botanical nomenclature
/wiki/Ovary_(botany)	Ovary
/wiki/Pollen_tube	Pollen tube
/wiki/Race_(human_classification)	Racial classification
/wiki/George_Engelmann	George Engelmann
/wiki/10th_edition_of_Systema_Naturae	Systema Naturae, 10th ed.
/wiki/Augustin_Pyramus_de_Candolle	Augustin Pyramus de Candolle
/wiki/Debunk	debunk
/wiki/Lars_Roberg	Lars Roberg
/wiki/Johann_Friedrich_Blumenbach	Johann Friedrich Blumenbach
/wiki/The_Race_Question	The Race Question (1950)
/wiki/Lernaean_Hydra	hydra
/wiki/Otto_Brunfels	Otto Brunfels
/wiki/Frederik_Ruysch	Frederik Ruysch
/wiki/Experiments_on_Plant_Hybridization	Experiments on Plant Hybridization
/wiki/Wikisource	Wikisource
/wiki/Swedish_Museum_of_Natural_History	Swedish Museum of Natural History
/wiki/Lisbet_Rausing	Koerner, Lisbet
/wiki/Plant_physiology	Plant physiology
/wiki/Uppsala_Cathedral	Uppsala Cathedral
/wiki/Grammar_School	Grammar School
/wiki/History_of_biochemistry	History of biochemistry
/wiki/Umbel	Umbel
/wiki/Historical_definitions_of_races_in_India	Race in India
/wiki/Mammal_Species_of_the_World	Mammal Species of the World
/wiki/Mary_Anning	Mary Anning
/wiki/Mercer_University_Press	Mercer University Press
/wiki/William_Buckland	William Buckland
/wiki/Plant_evolution	Evolution
/wiki/Nordic_race	Nordic
/wiki/Hamitic	Hamitic
/wiki/Time_(magazine)	Time
/wiki/Karl_Pearson	Karl Pearson
/wiki/Pehr_Kalm	Pehr Kalm
/wiki/Micrographia	Micrographia
/wiki/Scania	Scania
/wiki/20th_century	20th century
/wiki/Eugen_Fischer	Eugen Fischer
/wiki/Soul	soul
/wiki/Australoid_race	Australoid
/wiki/Ginkgo_biloba	Ginkgo biloba
/wiki/Lund	Lund
/wiki/Floriculture	Floriculture
/wiki/Binomial_nomenclature	binomial nomenclature
/wiki/Geobotanical_prospecting	Geobotany
/wiki/Joseph_Pitton_de_Tournefort	Joseph Pitton de Tournefort
/wiki/Alexander_Winchell	Alexander Winchell
/wiki/Herpetology	Herpetology
/wiki/Estate_(land)	estate
/wiki/Succulent_plant	Succulent plants
/wiki/John_Mitchell_(geographer)	John Mitchell
/wiki/The_Malay_Archipelago	The Malay Archipelago
/wiki/Konrad_Lorenz	Konrad Lorenz
/wiki/Taxidermy	taxidermied
/wiki/Michel_Adanson	Michel Adanson
/wiki/Antoine_de_Jussieu	Antoine de Jussieu
/wiki/History_of_molecular_evolution	History of molecular evolution
/wiki/Joachim_Jungius	Joachim Jungius
/wiki/Botanist	botanist
/wiki/Rhizome	Rhizome
/wiki/Johan_Gottschalk_Wallerius	Johan Gottschalk Wallerius
/wiki/Olof_Rudbeck_the_Younger	Olof Rudbeck the Younger
/wiki/Apostles_of_Linnaeus	Apostles of Linnaeus
/wiki/Herbaceous_plant	Herbaceous plants
/wiki/BIBSYS	BIBSYS
/wiki/Adolf_Frederick_of_Sweden	Adolf Frederick
/wiki/Wood	Wood
/wiki/Sic	sic
/wiki/Fruit	Fruit
/wiki/Sciatica	sciatica
/wiki/Cataphyll	Cataphyll
/wiki/Headstone	Headstone
/wiki/Thomas_Say	Thomas Say
/wiki/The_Renaissance	The Renaissance
/wiki/Marcello_Malpighi	Marcello Malpighi
/wiki/Bertil_Lundman	Bertil Lundman
/wiki/Georges_Cuvier	Cuvier
/wiki/History_of_Animals	History of Animals
/wiki/Philosophy_of_biology	Philosophy of biology
/wiki/Ilse_Schwidetzky	Ilse Schwidetzky
/wiki/Henry_Walter_Bates	Henry Walter Bates
/wiki/Carl_Ludwig_Willdenow	Carl Ludwig Willdenow
/wiki/Joakim_Frederik_Schouw	Joakim Frederik Schouw
/wiki/Daniel_Solander	Daniel Solander
/wiki/Biogeography	Biogeography
/wiki/Frans_Stafleu	Stafleu, Frans A.
/wiki/Historia_Plantarum_(Ray)	Historia Plantarum
/wiki/International_Association_for_Plant_Taxonomy	International Association for Plant Taxonomy
/wiki/Orto_botanico_di_Padova	Orto botanico di Padova
/wiki/Dragon	dragon
/wiki/Pehr_Forssk%C3%A5l	Pehr Forsskål
/wiki/Hebrew	Hebrew
/wiki/Spermatophyte	Spermatophytes
/wiki/Variation_and_Evolution_in_Plants	Variation and Evolution in Plants
/wiki/Order_(biology)	order
/wiki/Zoosemiotics	Zoosemiotics
/wiki/Woody_plant	Woody plants
/wiki/Botanical_name	Botanical name
/wiki/Natural_philosophy	Natural philosophy
/wiki/Carl_Linnaeus_the_Younger	Carl Linnaeus the Younger
/wiki/Alpha_taxonomy	taxonomy
/wiki/Rectory	rectory
/wiki/Felix_von_Luschan	Felix von Luschan
/wiki/PageRank	PageRank
/wiki/Voltaire	Voltaire
/wiki/White_people	White
/wiki/Pamirid_race	Pamirid
/wiki/John_Fiske_(philosopher)	John Fiske
/wiki/Botanical_name	botanical name
/wiki/Linden_tree	linden tree
/wiki/History_of_biotechnology	History of biotechnology
/wiki/Walnut	walnut
/wiki/Anthropology	Anthropology
/wiki/Wastebasket_taxon	wastebasket taxon
/wiki/Aryan_race	Aryan
/wiki/Annihilation_of_Caste	Annihilation of Caste (1936)
/wiki/Hamburg	Hamburg
/wiki/Gustav_IV_Adolf_of_Sweden	King Gustav IV Adolf
/wiki/Jakob_von_Uexk%C3%BCll	Jakob von Uexküll
/wiki/Yeoman	yeoman
/wiki/James_Edward_Smith	James Edward Smith
/wiki/De_Materia_Medica	De Materia Medica
/wiki/Beekeeping	beekeeping
/wiki/On_the_Origin_of_Species	On the Origin of Species
/wiki/Great_chain_of_being	great chain of being
/wiki/Sk%C3%A5ne	Skåne
/wiki/Conchology	Conchology
/wiki/Stephen_Hales	Stephen Hales
/wiki/Jacobus_Bontius	Jacobus Bontius
/wiki/The_Races_of_Europe_(Coon)	The Races of Europe (Coon, 1939)
/wiki/Canals_of_Amsterdam	canals of Amsterdam
/wiki/Rembert_Dodoens	Rembert Dodoens
/wiki/Hypanthium	Hypanthium (Floral cup)
/wiki/Charles_Caldwell_(physician)	Charles Caldwell
/wiki/Adaptive_Coloration_in_Animals	Adaptive Coloration in Animals
/wiki/Prodromus_Systematis_Naturalis_Regni_Vegetabilis	Prodromus Systematis Naturalis Regni Vegetabilis
/wiki/Sami_people	Sami people
/wiki/Joseph_Dalton_Hooker	Joseph Hooker
/wiki/Plant_sexual_reproduction	plant sexual reproduction
/wiki/Edward_Lee_Greene	E. L. Greene
/wiki/Robert_Knox	Robert Knox
/wiki/Racial_whitening	Whitening
/wiki/John_Baker_(biologist)	John Baker
/wiki/Sap	Sap
/wiki/Duchy_of_Carniola	Duchy of Carniola
/wiki/History_of_geology	History of geology
/wiki/Falun	Falun
/wiki/Claudius_Aelianus	Aelian
/wiki/V%C3%A4sterg%C3%B6tland	Västergötland
/wiki/Jan_Ingenhousz	Jan Ingenhousz
/wiki/Ground_tissue	Ground tissue
/wiki/Gymnasieskola	gymnasium
/wiki/Plant_morphology	Plant morphology
/wiki/Timeline_of_zoology	Timeline of zoology
/wiki/Taxonomic_rank	Taxonomic rank
/wiki/International_Code_of_Zoological_Nomenclature	International Code of Zoological Nomenclature
/wiki/Coat_of_arms	coat of arms
/wiki/Royal_Botanic_Gardens,_Kew	Royal Botanic Gardens, Kew
/wiki/Plant_genetics	Plant genetics
/wiki/Ennobled	ennobled
/wiki/Talk.origins	talk.origins
/wiki/Johann_Jacob_Dillenius	Johann Jacob Dillenius
/wiki/Linnaeus	Linnaeus, Carl
/wiki/Aleurone	Aleurone
/wiki/University_and_State_Library_D%C3%BCsseldorf	University and State Library Düsseldorf
/wiki/Zoological_nomenclature	zoological nomenclature
/wiki/Ethiopid_race	Ethiopid
/wiki/Alpine_race	Alpine
/wiki/William_Z._Ripley	William Z. Ripley
/wiki/Zoology	zoological
/wiki/List_of_parson-naturalists	List
/wiki/Vine	Vines
/wiki/Reason	reason
/wiki/Dravidian_peoples	Dravidian
/wiki/Valerius_Cordus	Valerius Cordus
/wiki/Semitic_race	Semitic
/wiki/Passing_(race)	Passing
/wiki/Vascular_tissue	Vascular tissue
/wiki/Photosynthesis	Photosynthesis
/wiki/Kilian_Stob%C3%A6us	Kilian Stobæus
/wiki/Johann_Bartsch	Johann Bartsch
/wiki/Ludwig_Hermann_Plate	Ludwig Hermann Plate
/wiki/Gunnar_Broberg	Broberg, G.
/wiki/Gynoecium	Gynoecium
/wiki/Kingdom_(biology)	kingdoms
/wiki/Gymnosperm	Gymnosperm
/wiki/Philosophie_Zoologique	Philosophie Zoologique
/wiki/Linnaean_taxonomy	Linnaean taxonomy (Linnaean system)
/wiki/TIME	TIME
/wiki/Franz_Boas	Franz Boas
/wiki/Prussian_Academy_of_Sciences	Academy of Sciences in Berlin
/wiki/World_view	world views
/wiki/Botany	botany
/wiki/Leonhart_Fuchs	Leonhart Fuchs
/wiki/The_Rising_Tide_of_Color_Against_White_World-Supremacy	The Rising Tide of Color Against White World-Supremacy (1920)
/wiki/Nazism_and_race	Nazism and race
/wiki/The_Birds_of_America	The Birds of America
/wiki/Zooarchaeology	Zooarchaeology
/wiki/Julius_von_Sachs	Julius von Sachs
/wiki/Taxonomic_rank	rank
/wiki/Wilhelm_Hofmeister	Wilhelm Hofmeister
/wiki/Gotland	Gotland
/wiki/Black_people	Black
/wiki/Idrija	Idrija
/wiki/Natural_History_Museum,_London	Natural History Museum
/wiki/Fruit_anatomy	Fruit anatomy
/wiki/Sefton_Park	Sefton Park
/wiki/Botanical_expedition	Botanical expedition
/wiki/Nature_(journal)	Nature
/wiki/Root	Root
/wiki/Perianth	Perianth
/wiki/Peter_Forssk%C3%A5l	Peter Forsskål
/wiki/Economic_botany	Economic botany
/wiki/Great_chain_of_being	Great chain of being
/wiki/Abbott_Handerson_Thayer	Abbott Thayer
/wiki/Palisade_cell	Palisade tissue
/wiki/Charles_Gabriel_Seligman	Charles Gabriel Seligman
/wiki/Carl_Peter_Thunberg	Carl Peter Thunberg
/wiki/N%C3%A9gritude	Négritude
/wiki/Center_of_diversity	Center of diversity
/wiki/Nagasaki	Nagasaki
/wiki/Chelsea_Physic_Garden	Chelsea Physic Garden
/wiki/William_T._Stearn	Stearn, W. T.
/wiki/Julian_calendar	Julian calendar
/wiki/Pre-Adamite	Pre-Adamite
/wiki/Expedition_to_Lapland	Expedition to Lapland
/wiki/Linda_Hall_Library	Linda Hall Library
/wiki/Charles_Davenport	Charles Davenport
/wiki/Linnaeite	Linnaeite
/wiki/DNA_sequencing	DNA sequencing
/wiki/Otmar_Freiherr_von_Verschuer	Otmar Freiherr von Verschuer
/wiki/Barbara_McClintock	Barbara McClintock
/wiki/On_Aggression	On Aggression
/wiki/Frances_Lincoln	Frances Lincoln
/wiki/Oxford_University_Press	Oxford University Press
/wiki/Creator_deity#Christianity	Creator
/wiki/Grex_(horticulture)	grex
/wiki/List_of_natural_history_dealers	List of natural history dealers
/wiki/Harvard_University_Press	Harvard University Press
/wiki/Image_of_God	image of God
/wiki/Cryptogamia	Cryptogamia
/wiki/Natural_History_(Pliny)	Naturalis Historia
/wiki/Nectary	Nectary
/wiki/The_Passing_of_the_Great_Race	The Passing of the Great Race (1916)
/wiki/Theophrastus	Theophrastus
/wiki/Jonas_Alstr%C3%B6mer	Jonas Alströmer
/wiki/Comparative_anatomy	Comparative anatomy
/wiki/Robert_Bennett_Bean	Robert Bennett Bean
/wiki/History_of_plant_systematics	History of plant systematics
/wiki/Mind	mind
/wiki/Christoph_Theodor_Aeby	Aeby
/wiki/Gilbert_White	Gilbert White
/wiki/University_of_Harderwijk	University of Harderwijk
/wiki/Anders_Celsius	Anders Celsius
/wiki/Willem_Piso	Gulielmo Piso
/wiki/JSTOR	JSTOR
/wiki/Legendary_creature	legendary creatures
/wiki/Cultigen	cultigen
/wiki/History_of_science	History of science
/wiki/Benjamin_Rush	Benjamin Rush
/wiki/Malacology	Malacology
/wiki/Fundamenta_Botanica	Fundamenta Botanica
/wiki/An_Investigation_of_Global_Policy_with_the_Yamato_Race_as_Nucleus	An Investigation of Global Policy with the Yamato Race as Nucleus (1943)
/wiki/Epidermis_(botany)	Epidermis
/wiki/List_of_systems_of_plant_taxonomy	Plant taxonomy systems
/wiki/The_Descent_of_Man,_and_Selection_in_Relation_to_Sex	The Descent of Man
/wiki/Alternation_of_generations	Alternation of generations
/wiki/Transpiration	Transpiration
/wiki/Linnaea	Linnaea
/wiki/William_Jackson_Hooker	William Jackson Hooker
/wiki/Renato_Biasutti	Renato Biasutti
/wiki/Whiteness_studies	Whiteness
/wiki/Capoid_race	Capoid
/wiki/Glossary_of_botanical_terms	Botanical terms
/wiki/%C3%96land	Öland
/wiki/Archiater	archiater
/wiki/Bernard_Germain_de_Lac%C3%A9p%C3%A8de	Bernard Germain de Lacépède
/wiki/Jean-Henri_Fabre	Jean-Henri Fabre
/wiki/Morality	morality
/wiki/Lichenology	Lichenology
/wiki/Miscegenation	Miscegenation
/wiki/Hartekamp	Hartekamp
/wiki/Stanley_Marion_Garn	Stanley Marion Garn
/wiki/Racial_hygiene	Racial hygiene
/wiki/Dalarna	Dalarna
/wiki/Numerical_taxonomy	Numerical taxonomy
/wiki/Ethnogenesis	Ethnogenesis
/wiki/Turanid_race	Turanid
/wiki/Jay_Hosler	Jay Hosler
/wiki/List_of_systems_of_plant_taxonomy	Systems of plant taxonomy
/wiki/Molecular_phylogenetics	Molecular phylogenetics
/wiki/Nobility	nobility
/wiki/International_Plant_Names_Index	International Plant Names Index
/wiki/Botanical_nomenclature	plant nomenclature
/wiki/Andrea_Cesalpino	Andrea Cesalpino
/wiki/The_Races_of_Europe_(Ripley)	The Races of Europe (Ripley, 1899)
/wiki/Johann_Bauhin	Johann Bauhin
/wiki/Rector_(ecclesiastical)	rector
/wiki/Harry_Veitch	Harry Veitch
/wiki/Rudolf_Jakob_Camerarius	Rudolf Jakob Camerarius
/wiki/Arthur_de_Gobineau	Arthur de Gobineau
/wiki/Animalia_Paradoxa	Paradoxa
/wiki/Linnaea_borealis	Linnaea borealis
/wiki/Herman_Boerhaave	Herman Boerhaave
/wiki/William_Kirby_(entomologist)	William Kirby
/wiki/10th_edition_of_Systema_Naturae	10th edition of Systema Naturæ
/wiki/Arthur_Cronquist	Arthur Cronquist
/wiki/Andrew_Dickson_White	Andrew Dickson White
/wiki/Uppsala_University	Uppsala University
/wiki/Gustaf_Retzius	Gustaf Retzius
/wiki/Harderwijk	Harderwijk
/wiki/10th_edition_of_Systema_Naturae	10th edition
/wiki/Nikolaas_Tinbergen	Niko Tinbergen
/wiki/Nils_Ros%C3%A9n_von_Rosenstein	Nils Rosén
/wiki/Netherlands	Netherlands
/wiki/Alma_mater	Alma mater
/wiki/History_of_evolutionary_thought	History of evolutionary thought
/wiki/Floral_diagram	Floral diagram
/wiki/Pedicel_(botany)	Pedicellate
/wiki/Charles_Lyell	Charles Lyell
/wiki/Earnest_Hooton	Earnest Hooton
/wiki/Primate	primates
/wiki/Paul_Topinard	Paul Topinard
/wiki/Author_citation_(botany)	Author abbrev. (botany)
/wiki/Ecology	Ecology
/wiki/Oxford_Dictionaries_Online	Oxford Dictionaries Online
/wiki/Flora_Lapponica	Flora Lapponica
/wiki/National_Geographic_Magazine	National Geographic
/wiki/Taxonomy_(biology)	Taxonomy
/wiki/Ludwig_Woltmann	Ludwig Woltmann
/wiki/Mediterranean_race	Mediterranean
/wiki/Jacob_Theodor_Klein	Jacob Theodor Klein
/wiki/August_Grisebach	August Grisebach
/wiki/William_Smith_(geologist)	William Smith
/wiki/Botanical_garden	Botanical garden
/wiki/Mongoloid	Mongoloid
/wiki/Dendrology	Dendrology
/wiki/Systematic_Zoology	Systematic Zoology
/wiki/Uppsala	Uppsala
/wiki/Georges-Louis_Leclerc,_Comte_de_Buffon	Georges-Louis Leclerc, Comte de Buffon
/wiki/George_Montagu_(naturalist)	George Montagu
/wiki/Armenoid_race	Armenoid
/wiki/Gaspard_Bauhin	Gaspard Bauhin
/wiki/Critica_Botanica	Critica Botanica
/wiki/Sessility_(botany)	Sessility
/wiki/CiNii	CiNii
/wiki/Andreas_Franz_Wilhelm_Schimper	Andreas Franz Wilhelm Schimper
/wiki/Biology	Biology
/wiki/Systema_Naturae	Systema Naturae
/wiki/Germination	Germination
/wiki/Melittology	Apiology
/wiki/Cellulose	Cellulose
/wiki/Racial_stereotype	Racial stereotypes
/wiki/Jean-Baptiste_Lamarck	Jean-Baptiste Lamarck
/wiki/Caucasian_race	Caucasoid
/wiki/Plant_hormone	Plant hormone
/wiki/John_James_Audubon	John James Audubon
/wiki/History_of_molecular_biology	History of molecular biology
/wiki/Occasional_Discourse_on_the_Negro_Question	Occasional Discourse on the Negro Question (1849)
/wiki/LIBRIS	SELIBR
/wiki/Commemoration_of_Carl_Linnaeus	Commemoration of Carl Linnaeus
/wiki/Teuthology	Teuthology
/wiki/Plant_reproduction	Reproduction
/wiki/International_Association_for_Plant_Taxonomy	International Association for Plant Taxonomy (IAPT)
/wiki/19th_century	19th century
/wiki/Project_Gutenberg	Project Gutenberg
/wiki/List_of_botanists_by_author_abbreviation	by author abbreviation
/wiki/Pitcher_plant	pitcher plants
/wiki/Biological_classification	Biological classification
/wiki/Samuel_A._Cartwright	Samuel A. Cartwright
/wiki/Nomenclature	nomenclature
/wiki/Biodiversity_Heritage_Library	Biodiversity Heritage Library
/wiki/Richard_Lydekker	Richard Lydekker
/wiki/Georges_Vacher_de_Lapouge	Georges Vacher de Lapouge
/wiki/Non-vascular_plant	Non-vascular plants
/wiki/History_of_botany	History of botany
/wiki/Zoology	Zoology
/wiki/Seed_dispersal	Seed dispersal
/wiki/Author_citation_(botany)	author abbreviation
/wiki/Robert_Hooke	Robert Hooke
/wiki/University_of_Lund	University of Lund
/wiki/Linnean_Society_of_London	Linnean Society of London
/wiki/Moss	mosses
/wiki/Giuseppe_Sergi	Giuseppe Sergi
/wiki/%C3%84lmhult_Municipality	Älmhult Municipality
/wiki/Forestry	Forestry
/wiki/Cryptid	cryptids
/wiki/Matthias_Jakob_Schleiden	Matthias Jakob Schleiden
/wiki/Floral_symmetry	Floral symmetry
/wiki/University_of_California_Museum_of_Paleontology	University of California Museum of Paleontology
/wiki/James_Hutton	James Hutton
/wiki/Microspore	Microspore
/wiki/Classical_antiquity	Classical antiquity
/wiki/Raceme	Raceme
/wiki/Malay_race	Malay
/wiki/Pliny_the_Elder	Pliny the Elder
/wiki/Reindeer	reindeer
/wiki/De_plantis_libri_XVI	De plantis libri XVI
/wiki/Thomas_Henry_Huxley	Thomas Henry Huxley
/wiki/JHU_Press	JHU Press
/wiki/Bud	Bud
/wiki/Flora	Flora
/wiki/Author_citation_(botany)	Author citation
/wiki/Ernst_Haeckel	Ernst Haeckel
/wiki/Alexander_Braun	Alexander Braun
/wiki/Capsule_(botany)	Capsule
/wiki/Index_card	Index cards
/wiki/Race_Life_of_the_Aryan_Peoples	Race Life of the Aryan Peoples (1907)
/wiki/Minister_(Christianity)	minister
/wiki/Castes_in_India:_Their_Mechanism,_Genesis_and_Development	Castes in India: Their Mechanism, Genesis and Development (1916)
/wiki/Hans_Sloane	Sir Hans Sloane
/wiki/Tornio	Tornio
/wiki/Johannes_Burman	Johannes Burman
/wiki/Pteridology	Pteridology
/wiki/Tissue_(biology)	Tissues
/wiki/Philip_Henry_Gosse	Philip Henry Gosse
/wiki/Reginald_Ruggles_Gates	Reginald Ruggles Gates
/wiki/George_Clifford_III	George Clifford III
/wiki/Martial_Race	Martial Race
/wiki/Johann_Friedrich_Blumenbach	Blumenbach
/wiki/Nested_hierarchy	nested hierarchy
/wiki/Herbert_Spencer	Herbert Spencer
/wiki/Arachnology	Arachnology
/wiki/Arthropodology	Arthropodology
/wiki/Von	von
/wiki/Lichen	lichens
/wiki/Hans_Sloane	Hans Sloane
/wiki/Gottingen	Gottingen
/wiki/Clive_A._Stace	Stace, Clive A.
/wiki/Charles_Darwin	Charles Darwin
/wiki/Tepal	Tepal
/wiki/Linnaean_Garden	Linnaean Garden
/wiki/Carl_Gustav_Tessin	Count Carl Gustav Tessin
/wiki/Kre%C3%BCtterbuch	Kreütterbuch
/wiki/Alfred_Ploetz	Alfred Ploetz
/wiki/Tattoo	tattoo
/wiki/Plant	Plant
/wiki/Eugenius_Warming	Eugenius Warming
/wiki/Olof_Celsius	Olof Celsius
/wiki/Myrmecology	Myrmecology
/wiki/Plant_anatomy	Plant anatomy
/wiki/Typographic_ligature	ligature
/wiki/L%C3%A9on-Joseph_Chavalliaud	Léon-Joseph Chavalliaud
/wiki/Nematology	Nematology
/wiki/Ultrastructure	Ultrastructure
/wiki/Cytology	Cytology
/wiki/Sm%C3%A5land	Småland
/wiki/Cambridge_University_Press	Cambridge University Press
/wiki/John_Grattan	John Grattan
/wiki/The_Myth_of_the_Twentieth_Century	The Myth of the Twentieth Century (1930)
/wiki/Lund_University	Lund University
/wiki/Trichome	Trichome
/wiki/Scientific_classification	scientific classification
/wiki/Linnaeus_University	Linnaeus University
/wiki/William_Turner_(naturalist)	William Turner
/wiki/Thomas_Nuttall	Thomas Nuttall
/wiki/Swedish_Institute	Swedish Institute
/wiki/Calvin_Ira_Kephart	Calvin Ira Kephart
/wiki/S%C3%A9bastien_Vaillant	Sébastien Vaillant
/wiki/Cetology	Cetology
/wiki/Sporophyll	Sporophyll
/wiki/Methuen_Publishing	Methuen Publishing
/wiki/Bernard_de_Jussieu	Bernard de Jussieu
/wiki/Theology	theology
/wiki/Dutch_Republic	Dutch Republic
/wiki/Cultivated_plant_taxonomy	Cultivated plant taxonomy
/wiki/International_Code_of_Nomenclature_for_Cultivated_Plants	- for Cultivated Plants (ICNCP)
/wiki/Palynology	Palynology
/wiki/Gunnar_Broberg	Gunnar Broberg
/wiki/Thomas_Bewick	Thomas Bewick
/wiki/Physalis_angulata	Physalis angulata
/wiki/Sonia_Mary_Cole	Sonia Mary Cole
/wiki/Flower	Flower
/wiki/Plastid	Plastid
/wiki/Nepenthes	Nepenthes
/wiki/Species_Plantarum	Species Plantarum
/wiki/Albertus_Seba	Albertus Seba
/wiki/William_Gilson_Farlow	William Gilson Farlow
/wiki/Dejima	Dejima
/wiki/Vascular_plant	Vascular plants
/wiki/Orto_botanico_di_Pisa	Orto botanico di Pisa
/wiki/C%C3%B4n_S%C6%A1n_Island	Côn Sơn Island
/wiki/Secondary_growth	Secondary growth
/wiki/Patronymic	patronymic
/wiki/Cultivar_group	Group
/wiki/James_Cook	James Cook
/wiki/Otto_Reche	Otto Reche
/wiki/Continent	continent
/wiki/Lutheran	Lutheran
/wiki/Biological_classification	classification
/wiki/Hortus_Cliffortianus	Hortus Cliffortianus
/wiki/Northcaucasian_race	Northcaucasian
/wiki/History_of_paleontology	History of paleontology
/wiki/Praeses	Praeses
/wiki/Slovenia	Slovenia
/wiki/Atlantid_race	Atlantid
/wiki/Pedanius_Dioscorides	Dioscorides
/wiki/Ethnobotany	Ethnobotany
/wiki/Lepidopterology	Lepidopterology
/wiki/Aim%C3%A9_Bonpland	Aimé Bonpland
/wiki/Megaspore	Megaspore
/wiki/Nikolai_Vavilov	Nikolai Vavilov
/wiki/G._Ledyard_Stebbins	G. Ledyard Stebbins
/wiki/Floristics	Floristics
/wiki/Linnaean_taxonomy	Linnaean taxonomy
/wiki/Parson-naturalist	Parson-naturalists
/wiki/History_of_anthropometry	History of anthropometry
/wiki/Pollen	Pollen
/wiki/Chlorophyll	Chlorophyll
/wiki/Pollination	Pollination
/wiki/Ornithology	Ornithology
/wiki/Jean-Jacques_Rousseau	Jean-Jacques Rousseau
/wiki/Elisabeth_Christina_von_Linn%C3%A9	Elisabeth Christina
/wiki/Swedish_East_India_Company	Swedish East India Company
/wiki/Giovanni_Antonio_Scopoli	Giovanni Antonio Scopoli
/wiki/Banknote	banknotes
/wiki/Irano-Afghan_race	Irano-Afghan
/wiki/Ashley_Montagu	Ashley Montagu
/wiki/Lichfield_Botanical_Society	Lichfield Botanical Society
/wiki/Gregor_Mendel	Gregor Mendel
/wiki/Aristotle	Aristotle
/wiki/Petal	Petal
/wiki/Erwin_Baur	Erwin Baur
/wiki/Spore	Spore
/wiki/Swedish_people	Swedish
/wiki/Alexander_Roslin	Alexander Roslin
/wiki/Paul_Broca	Paul Broca
/wiki/Carl_Gyllenborg	Carl Gyllenborg
/wiki/Scientific_revolution	Scientific revolution
/wiki/International_Code_of_Nomenclature_for_algae,_fungi,_and_plants	International Code of Nomenclature for Plants (ICN)
/wiki/Genetic_engineering	Genetic engineering
/wiki/David_Quammen	Quammen, David
/wiki/Philosophia_Botanica	Philosophia Botanica
/wiki/The_Foundations_of_the_Nineteenth_Century	The Foundations of the Nineteenth Century (1899)
/wiki/History_of_ecology	History of ecology
/wiki/Johan_Christian_Fabricius	Johan Christian Fabricius
/wiki/History_of_agriculture	History of agriculture
/wiki/John_Ray	John Ray
/wiki/Royal_Swedish_Academy_of_Sciences	Royal Swedish Academy of Sciences
/wiki/History_of_phycology	History of phycology
/wiki/University_of_California_Press	University of California Press
/wiki/East_Baltic_race	East Baltic
/wiki/Royal_Swedish_Academy_of_Science	Royal Swedish Academy of Science
/wiki/Stamen	stamens
/wiki/Nathanael_Pringsheim	Nathanael Pringsheim
/wiki/Entomology	Entomology
/wiki/Johan_Andreas_Murray	Johan Andreas Murray
/wiki/Eugenics	Eugenics
/wiki/Centuria_Insectorum	Centuria Insectorum
/wiki/V%C3%A4xj%C3%B6_University	Växjö University
/wiki/Heemstede	Heemstede
/wiki/Linnaeus_(disambiguation)	Linnaeus (disambiguation)
/wiki/Inflorescence	Inflorescence
/wiki/Monogenism	Monogenism
/wiki/Phragmoplast	Phragmoplast
/wiki/Whorl_(botany)	Whorl
/wiki/Taxon_(journal)	Taxon
/wiki/Herbarium	Herbarium
/wiki/Linnaeus%27_flower_clock	Linnaeus' flower clock
/wiki/Sweden	Sweden
/wiki/Order_of_the_Polar_Star	Order of the Polar Star
/wiki/Madison_Grant	Madison Grant
/wiki/Double_fertilization	Double fertilization
/wiki/Bulk_movement	Bulk flow
/wiki/R%C3%A5shult	Råshult
/wiki/Kalmar_College	Kalmar College
/wiki/Lule%C3%A5	Luleå
/wiki/OCLC	OCLC
/wiki/Riksdag_of_Sweden	Riksdag of Sweden
/wiki/George_Gliddon	George Gliddon
/wiki/Joseph_Deniker	Joseph Deniker
/wiki/Pteridophyte	Pteridophyte
/wiki/Dominick_McCausland	Dominick McCausland
/wiki/Scopolamine	scopolamine
/wiki/Sporangium	Sporangium
/wiki/Natural_History_(Pliny)	Natural History
/wiki/Bryophyte	Bryophyte
/wiki/Petrus_Camper	Petrus Camper
/wiki/Theomorphism	theomorphism
/wiki/Scopolia	Scopolia
/wiki/Ichthyology	Ichthyology
/wiki/Bryology	Bryology
/wiki/Anthrozoology	Anthrozoology
/wiki/Henric_Sanielevici	Henric Sanielevici
/wiki/Satyrus_(ape)	satyrus
/wiki/Louis_Agassiz	Louis Agassiz
/wiki/Rothamsted_Research	Rothamsted Research
/wiki/Alfred_Russel_Wallace	Alfred Russel Wallace
/wiki/Charles_Pickering_(naturalist)	Charles Pickering
/wiki/Citrus_taxonomy	Citrus taxonomy
/wiki/Conrad_Gessner	Conrad Gessner
/wiki/Zoology	zoology
/wiki/Carleton_S._Coon	Carleton S. Coon
/wiki/Negroid	Negroid
/wiki/Plant_nutrition	Nutrition
/wiki/Habit_(biology)#Structure	Habit
/wiki/Enslow_Publishers	Enslow Publishers
/wiki/Zoologist	zoologist
/wiki/Samuel_George_Morton	Samuel George Morton
/wiki/The_Enlightenment	The Enlightenment
/wiki/Jacobus_Bontius	Bontius, J.
/wiki/Japhetites	Japhetic
/wiki/Phylogenetic_nomenclature	Phylogenetic nomenclature
/wiki/Philip_Miller	Philip Miller
/wiki/Alfred_Rosenberg	Alfred Rosenberg
/wiki/Frederick_Ludwig_Hoffman	Frederick Ludwig Hoffman
/wiki/Plant_pathology	Plant pathology
/wiki/Phytogeography	Phytogeography
/wiki/Ontogeny_and_Phylogeny_(book)	Ontogeny and Phylogeny
/wiki/Princeton_University_Press	Princeton University Press
/wiki/Hugh_B._Cott	Hugh B. Cott
/wiki/Alice_Mossie_Brues	Alice Mossie Brues
/wiki/Richard_C._Banks	Richard C. Banks
/wiki/Robert_E._Kuttner	Robert E. Kuttner
/wiki/Greenwood_Publishing_Group	Greenwood Publishing Group
/wiki/G%C3%A4vle	Gävle
/wiki/Epicuticular_wax	Epicuticular wax
/wiki/Karl_Ernst_von_Baer	Karl Ernst von Baer
/wiki/Plasmodesmata	Plasmodesmata
/wiki/Kunstformen_der_Natur	Kunstformen der Natur
/wiki/Sepal	Sepal
/wiki/Olm	olm
/wiki/Joseph_Banks	Joseph Banks
/wiki/Oscar_Peschel	Oscar Peschel
/wiki/Adolf_Frederick,_King_of_Sweden	King Adolf Fredrik
/wiki/Samuel_Stanhope_Smith	Samuel Stanhope Smith
/wiki/John_H._Van_Evrie	John H. Van Evrie
/wiki/Cesare_Lombroso	Cesare Lombroso
/wiki/HMS_Resolution_(1771)	Resolution
/wiki/Planktology	Planktology
/wiki/Archaeplastida	Archaeplastida
/wiki/Botany	Botany
/wiki/Plant_cuticle	Plant cuticle
/wiki/Caspian_race	Caspian
/wiki/Dutch_East_India_Company	Dutch East India Company
/wiki/Linnaeus%27_Hammarby	countryhouse at Hammarby
/wiki/Histoire_Naturelle	Histoire Naturelle
/wiki/Journal_of_the_Royal_Horticultural_Society	Journal of the Royal Horticultural Society
/wiki/Mycology	Mycology
/wiki/Library_of_Congress	Library of Congress
/wiki/Natural_History_Museum,_London	Natural History Museum, London
/wiki/Linnean_Medal	Linnean Medal
/wiki/Sporangium	Megasporangium
/wiki/Cell_wall	Cell wall
/wiki/The_Naturalist_on_the_River_Amazons	The Naturalist on the River Amazons
/wiki/Jan_Czekanowski	Jan Czekanowski
/wiki/Polygenism	Polygenism
/wiki/Catherine_II_of_Russia	Catherine II of Russia
/wiki/Nicolas-Th%C3%A9odore_de_Saussure	Nicolas-Théodore de Saussure
/wiki/Storage_organ	Storage organs
/wiki/Heredity_in_Relation_to_Eugenics	Heredity in Relation to Eugenics (1911)
/wiki/Plant_ecology	Plant ecology
/wiki/Carl_Linnaeus_bibliography	Carl Linnaeus bibliography
/wiki/Turgor_pressure	Turgor pressure
/wiki/Ronald_Reagan	Ronald Reagan
/wiki/Alexander_von_Humboldt	Alexander von Humboldt
/wiki/William_T._Stearn	William T. Stearn
/wiki/Bimana	Bimana
/wiki/Agriculture	Agriculture
/wiki/Botanical_nomenclature	botanical nomenclature
/wiki/Timeline_of_biology_and_organic_chemistry	Timeline of biology and organic chemistry
/wiki/Starch	Starch
/wiki/Uppsala_University	University of Uppsala
/wiki/Race_in_Brazil	Race in Brazil
/wiki/Gulf_of_Bothnia	Gulf of Bothnia
/wiki/Spontaneous_generation	Spontaneous generation
/wiki/Race_(human_categorization)	Race (human categorization)
/wiki/Petiole_(botany)	Petiole
/wiki/Mathematics	mathematics
/wiki/Asa_Gray	Asa Gray
/wiki/Gunnar_Broberg	Broberg, Gunnar
/wiki/Linnaean_Garden	Uppsala Botanical Garden
/wiki/History_of_genetics	History of genetics
/wiki/August_Strindberg	August Strindberg
/wiki/Georges-Louis_Leclerc,_Comte_de_Buffon	Comte de Buffon
/wiki/Phoenix_(mythology)	phoenix
/wiki/Hieronymus_Bock	Hieronymus Bock
/wiki/Classical_antiquity	classical antiquity
/wiki/Multiracial	Multiracial
/wiki/Rudolf_Virchow	Rudolf Virchow
/wiki/Four_temperaments	four temperaments
/wiki/Hardiness_zone	Hardiness zone
/wiki/Plantesamfund	Plantesamfund
/wiki/Adolf_Frederick,_King_of_Sweden	Adolf Fredrik
/wiki/Pedanius_Dioscorides	Pedanius Dioscorides
/wiki/Ethology	Ethology
/wiki/An_Essay_on_the_Inequality_of_the_Human_Races	An Essay on the Inequality of the Human Races (1855)
/wiki/Internet_Archive	Internet Archive
/wiki/James_Cowles_Prichard	James Cowles Prichard
/wiki/Morris_Steggerda	Morris Steggerda
/wiki/Batrachology	Batrachology
/wiki/Phycology	Phycology
/wiki/Sir_William_Jardine,_7th_Baronet	William Jardine
/wiki/Baruch_Spinoza	Spinoza
/wiki/John_Beddoe	John Beddoe
/wiki/Cameralism	Cameralism
/wiki/Coleopterology	Coleopterology
/wiki/Cultivar	cultivar
/wiki/Neuroethology	Neuroethology
/wiki/Agronomy	Agronomy
/wiki/Pollinator	Pollinators
/wiki/Stockholm	Stockholm
