/wiki/Ursa_Major	Ursa Major
/wiki/Canis_Minor	Canis Minor
/wiki/Hydra_(constellation)	Hydra
/wiki/Jordanus_(constellation)	Jordanus
/wiki/Libra_(constellation)	Libra
/wiki/G_196-3	G 196-3
/wiki/Pictor	Pictor
/wiki/Leo_(constellation)	Leo
/wiki/Triangulum_Australe	Triangulum Australe
/wiki/Lacerta	Lacerta
/wiki/Hot_Jupiter	hot Jupiter
/wiki/Ladle_(spoon)	ladle
/wiki/Alaska	Alaska
/wiki/Messier_object	Messier objects
/wiki/Johannes_Hevelius	Johannes Hevelius
/wiki/Caelum	Caelum
/wiki/Crustacean	crustacean
/wiki/Constellation_family	constellation family
/wiki/Hydrus	Hydrus
/wiki/Mass_of_Jupiter	mass of Jupiter
/wiki/Solarium_(constellation)	Solarium
/wiki/William_Shakespeare	Shakespeare
/wiki/Eridanus_(constellation)	Eridanus
/wiki/Edmund_Spenser	Spenser
/wiki/Crux	Crux
/wiki/Ultraviolet	ultraviolet emissions
/wiki/Saptarshi	Saptarshi
/wiki/Sextans	Sextans
/wiki/Mizar_(star)	Mizar
/wiki/Roman_mythology	Roman mythology
/wiki/M82_X-2	M82 X-2
/wiki/Lakota_people	Lakota people
/wiki/36_Ursae_Majoris	36
/wiki/Mensa_(constellation)	Mensa
/wiki/Aries_(constellation)	Aries
/wiki/Sagittarius_(constellation)	Sagittarius
/wiki/Juno_(mythology)	Juno
/wiki/ADS_7251	ADS 7251
/wiki/Alula_Australis	Australis
/wiki/Scientific_American	Scientific American
/wiki/Crab	crab
/wiki/Fornax	Fornax
/wiki/Delphinus	Delphinus
/wiki/Orbital_eccentricity	eccentric orbit
/wiki/Starburst_galaxy	starburst
/wiki/Messier_101	M101
/wiki/Canis_Major	Canis Major
/wiki/Seven_Rays#In_Theosophy	Seven Rays
/wiki/Ursa_Major_Family	Ursa Major
/wiki/Telescopium_Herschelii	Telescopium Herschelii
/wiki/Constellation_family	Family
/wiki/Horologium_(constellation)	Horologium
/wiki/Orion_(constellation)	Orion
/wiki/Apoapsis	apoapsis
/wiki/Carina_(constellation)	Carina
/wiki/Meteor_shower	meteor shower
/wiki/Lenticular_galaxy	lenticular galaxy
/wiki/Right_ascension	Right ascension
/wiki/Zeta_Ursae_Majoris	ζ Ursae Majoris
/wiki/Sanskrit	Sanskrit
/wiki/Triangulum_Minus	Triangulum Minus
/wiki/Phoenix_(constellation)	Phoenix
/wiki/Starry_Night_Over_the_Rhone	Starry Night Over the Rhone
/wiki/Polaris	Polaris
/wiki/Corona_Borealis	Corona Borealis
/wiki/Lupus_(constellation)	Lupus
/wiki/Officina_Typographica	Officina Typographica
/wiki/Lucan	Lucan
/wiki/The_American_Cyclop%C3%A6dia	The American Cyclopædia
/wiki/Ophiuchus	Ophiuchus
/wiki/Urania%27s_Mirror	Urania's Mirror
/wiki/Lilium_(constellation)	Lilium
/wiki/Local_Group	Local Group
/wiki/Eta_Ursae_Majoris	η Ursae Majoris
/wiki/Grus_(constellation)	Grus
/wiki/Psalterium_Georgii	Psalterium Georgianum/Harpa Georgii
/wiki/Vulgate	Vulgate
/wiki/Scorpius	Scorpius
/wiki/Ptolemy	Ptolemy
/wiki/Custos_Messium	Custos Messium
/wiki/Ursa_Minor	Ursa Minor
/wiki/Alkaid	Alkaid
/wiki/HIP_57050	HIP 57050
/wiki/Volans	Volans
/wiki/24_Ursae_Majoris	24
/wiki/H._A._Rey	H. A. Rey
/wiki/23_Ursae_Majoris	23
/wiki/Nymph	nymph
/wiki/Northern_Celestial_Hemisphere	northern celestial hemisphere
/wiki/Dubhe	Dubhe
/wiki/River_Tigris_(constellation)	Tigris
/wiki/Noctua_(constellation)	Noctua
/wiki/Galactic_quadrant	Quadrant
/wiki/Alpha_Ursae_Majoris	α Ursae Majoris
/wiki/Planetary_nebula	planetary nebula
/wiki/Human_race	human race
/wiki/Telescopium	Telescopium
/wiki/Malus_(constellation)	Malus
/wiki/Puppis	Puppis
/wiki/Wagon	wagon
/wiki/3C_268.3	3C 268.3
/wiki/Quadrans_Muralis	Quadrans Muralis
/wiki/Benetnash	Benetnash
/wiki/Tania_Borealis	Tania Borealis
/wiki/Winnecke_4	Winnecke 4
/wiki/Prawn	prawn
/wiki/Pierre_M%C3%A9chain	Pierre Méchain
/wiki/The_Odyssey	The Odyssey
/wiki/Cancer_Minor_(constellation)	Cancer Minor
/wiki/Sidus_Ludoviciana	Sidus Ludoviciana
/wiki/83_Ursae_Majoris	83
/wiki/HD_80606_b	HD 80606 b
/wiki/Cerberus_(constellation)	Cerberus
/wiki/Oral_tradition	oral tradition
/wiki/Andromeda_(constellation)	Andromeda
/wiki/Equatorial_coordinate_system	equatorial coordinate system
/wiki/Second_magnitude_star	the second magnitude
/wiki/Cepheus_(constellation)	Cepheus
/wiki/Hercules_(constellation)	Hercules
/wiki/Almagest	Almagest
/wiki/Galaxies	galaxies
/wiki/HIP_57274	HIP 57274
/wiki/W_Ursae_Majoris	W
/wiki/Mizar_and_Alcor	Alcor
/wiki/41_Lyncis	41 Lyn
/wiki/Octans	Octans
/wiki/Piscis_Austrinus	Piscis Austrinus
/wiki/Machina_Electrica	Machina Electrica
/wiki/Polophylax	Polophylax
/wiki/Lalande_21185	Lalande 21185
/wiki/I_Zwicky_18	I Zwicky 18
/wiki/Sirius	Sirius
/wiki/Nebula	nebulae
/wiki/Taurus_Poniatovii	Taurus Poniatovii
/wiki/Pyxis	Pyxis
/wiki/Alula_Borealis	Alula Borealis
/wiki/Integrated_magnitude	integrated magnitude
/wiki/Musca	Musca
/wiki/15_Ursae_Majoris	15
/wiki/Cancer_(constellation)	Cancer
/wiki/18_Ursae_Majoris	18
/wiki/Mons_Maenalus	Mons Maenalus
/wiki/International_Astronomical_Union	International Astronomical Union
/wiki/Capricornus	Capricornus
/wiki/Frederici_Honores	Frederici Honores/Gloria Frederici
/wiki/Triangulum	Triangulum
/wiki/Proper_motion	proper motions
/wiki/Arcas	Arcas
/wiki/Jew	Jewish
/wiki/Corvus_(constellation)	Corvus
/wiki/Apus	Apus
/wiki/Amateur_astronomy	amateur astronomy
/wiki/Bansenshukai	Bansenshukai
/wiki/Salmon	salmon
/wiki/Lynx_(constellation)	Lynx
/wiki/Alioth	Alioth
/wiki/Zodiac	Zodiac
/wiki/78_Ursae_Majoris	78
/wiki/Musca_Borealis	Musca Borealis
/wiki/Variable_star	variable stars
/wiki/Vela_(constellation)	Vela
/wiki/Coma_Berenices	Coma Berenices
/wiki/Federico_Garcia_Lorca	Federico Garcia Lorca
/wiki/Earth	Earth
/wiki/Spiral_galaxy	spiral galaxy
/wiki/Talitha_Borealis	Talitha Borealis
/wiki/Amenominakanushi	Amenominakanushi
/wiki/List_of_stars_in_Ursa_Major	List of stars in Ursa Major
/wiki/Gliese_412	Gliese 412
/wiki/Double_star	double star
/wiki/Pegasus_(constellation)	Pegasus
/wiki/Lyra	Lyra
/wiki/Homer	Homer
/wiki/Bear	bear
/wiki/Native_Americans_in_Canada	Native Americans
/wiki/Felis_(constellation)	Felis
/wiki/Aquila_(constellation)	Aquila
/wiki/Ursa_Major_(disambiguation)	Ursa Major (disambiguation)
/wiki/Asterion_(constellation)	Asterion
/wiki/Sagitta	Sagitta
/wiki/Callisto_(mythology)	Callisto
/wiki/Big_Dipper	Big Dipper
/wiki/Lenticular_galaxy	lenticular galaxies
/wiki/Draco_(constellation)	Draco
/wiki/Shinto	Shinto
/wiki/Ramus_Pomifer	Ramus Pomifer
/wiki/Plough	plough
/wiki/Cetus	Cetus
/wiki/Centaurus	Centaurus
/wiki/Constellation	constellation
/wiki/Canes_Venatici	Canes Venatici
/wiki/Gallus_(constellation)	Gallus
/wiki/Bo%C3%B6tes	Boötes
/wiki/Indus_(constellation)	Indus
/wiki/Cassiopeia_(constellation)	Cassiopeia
/wiki/Sculptor_(constellation)	Sculptor
/wiki/Columba_(constellation)	Columba
/wiki/Wampanoag_people	Wampanoag people
/wiki/Bible	Bible
/wiki/Kalevala	Kalevala
/wiki/26_Ursae_Majoris	26
/wiki/Argo_Navis	Argo Navis
/wiki/Supermassive_black_hole	supermassive black hole
/wiki/Burmese_language	Burmese
/wiki/HAT-P-13	HAT-P-13
/wiki/Douglas_Baker	Baker, Dr. Douglas
/wiki/Delta_Ursae_Majoris	δ Ursae Majoris
/wiki/Periapsis	periapsis
/wiki/Former_constellations	Obsolete constellations
/wiki/Gamma_Ursae_Majoris	γ Ursae Majoris
/wiki/Owl_Nebula	Owl Nebula
/wiki/Gemini_(constellation)	Gemini
/wiki/HD_80606	HD 80606
/wiki/HD_80607	HD 80607
/wiki/Sceptrum_et_Manus_Iustitiae	Sceptrum et Manus Iustitiae
/wiki/Scutum	Scutum
/wiki/Delaware	Delaware
/wiki/HD_118203	118203
/wiki/61_Ursae_Majoris	61
/wiki/47_Ursae_Majoris_b	47 Ursae Majoris b
/wiki/47_Ursae_Majoris_c	47 Ursae Majoris c
/wiki/47_Ursae_Majoris_d	47 Ursae Majoris d
/wiki/Third_Eye_Blind	Third Eye Blind
/wiki/Book_of_Job	book of Job
/wiki/Northern_hemisphere	northern hemisphere
/wiki/Antinous_(constellation)	Antinous
/wiki/NGC_3079	NGC 3079
/wiki/Feige_55	Feige 55
/wiki/Leo_Minor	Leo Minor
/wiki/Flamsteed_designation	Flamsteed
/wiki/Type_Ia_supernova	Type Ia supernova
/wiki/North_Star	North Star
/wiki/Javanese_language	Javanese
/wiki/Globus_Aerostaticus	Globus Aerostaticus
/wiki/Serpens	Serpens
/wiki/M82_X-1	M82 X-1
/wiki/Messier_97	M97
/wiki/Beta_Ursae_Majoris	β Ursae Majoris
/wiki/Turdus_Solitarius	Turdus Solitarius
/wiki/Gliese_338	Gliese 338
/wiki/Phecda	Phecda
/wiki/Vultur_cadens	Vultur cadens
/wiki/Hinduism	Hinduism
/wiki/Globular_cluster	globular clusters
/wiki/Pavo_(constellation)	Pavo
/wiki/Equuleus	Equuleus
/wiki/Bear	Bear
/wiki/Starry_Plough_(flag)	Starry Plough
/wiki/Dorado	Dorado
/wiki/Chara_(constellation)	Chara
/wiki/Lord_Vishnu	Lord Vishnu
/wiki/Messier_82	Messier 82
/wiki/Sanat_Kumara	Sanat Kumara
/wiki/Messier_81	Messier 81
/wiki/Eug%C3%A8ne_Joseph_Delporte	Eugène Delporte
/wiki/NGC_3310	NGC 3310
/wiki/Auriga_(constellation)	Auriga
/wiki/Circinus	Circinus
/wiki/Arab_culture	Arab culture
/wiki/Tucana	Tucana
/wiki/Megrez	Megrez
/wiki/Messier_82	M82
/wiki/SN_2014J	SN 2014J
/wiki/Contact_binary	contact binary
/wiki/Messier_81	M81
/wiki/Monoceros	Monoceros
/wiki/HD_68988	68988
/wiki/Aquarius_(constellation)	Aquarius
/wiki/Taurus_(constellation)	Taurus
/wiki/Hubble_Deep_Field	Hubble Deep Field
/wiki/HD_80606_and_HD_80607	HD 80606 and HD 80607
/wiki/Theosophy	Theosophy
/wiki/Vulpecula	Vulpecula
/wiki/88_modern_constellations	88 modern constellations
/wiki/47_Ursae_Majoris	47 Ursae Majoris
/wiki/55_Ursae_Majoris	55
/wiki/56_Ursae_Majoris	56
/wiki/Spiral_galaxies	spiral galaxies
/wiki/Ara_(constellation)	Ara
/wiki/HAT-P-3	HAT-P-3
/wiki/Vincent_van_Gogh	Vincent van Gogh
/wiki/Ursa_Major_Moving_Group	Ursa Major Moving Group
/wiki/Sun	Sun
/wiki/Lochium_Funis	Lochium Funis
/wiki/HD_80606	80606
/wiki/Kozai_mechanism	Kozai mechanism
/wiki/Lobster	lobster
/wiki/WISE_1405%2B5534	WISE 1405+5534
/wiki/NGC_2787	NGC 2787
/wiki/Messier_108	Messier 108
/wiki/Messier_109	Messier 109
/wiki/Reticulum	Reticulum
/wiki/Bayer_designation	Bayer
/wiki/Genitive_case	Genitive
/wiki/Indo-European_studies	Indo-European
/wiki/Arcadia	Arcadia
/wiki/Parrhasia	Parrhasia
/wiki/Cygnus_(constellation)	Cygnus
/wiki/Fishing_weir	weir
/wiki/Alfred_Lord_Tennyson	Tennyson
/wiki/Declination	Declination
/wiki/Meteor_shower	Meteor showers
/wiki/Vultur_volans	Vultur volans
/wiki/Shrimp	shrimp
/wiki/James_Connolly	James Connolly
/wiki/Pinwheel_Galaxy	Pinwheel Galaxy
/wiki/Polar_bear	polar bear
/wiki/Pleiades	Pleiades
/wiki/Antlia	Antlia
/wiki/Solar_System	Solar System
/wiki/Pole_star	northern pole star
/wiki/Virgo_(constellation)	Virgo
/wiki/Dust_lane	dust lane
/wiki/HD_98618	98618
/wiki/Norma_(constellation)	Norma
/wiki/Coat_of_arms_of_Sweden	coat of arms of Sweden
/wiki/NGC_4013	NGC 4013
/wiki/Sceptrum_Brandenburgicum	Sceptrum Brandenburgicum
/wiki/Variable_star_designation	Variable
/wiki/Microscopium	Microscopium
/wiki/W_Ursae_Majoris	W Ursae Majoris
/wiki/Vespa_(constellation)	Vespa
/wiki/Galaxy_cluster	galaxy cluster
/wiki/Groombridge_1830	Groombridge 1830
/wiki/Phad	Phad
/wiki/Lists_of_constellations	Lists of constellations
/wiki/Spiritual_energy	spiritual energy
/wiki/Diana_(mythology)	Diana
/wiki/Corona_Australis	Corona Australis
/wiki/Lepus_(constellation)	Lepus
/wiki/Apes_(constellation)	Apes
/wiki/Camelopardalis	Camelopardalis
/wiki/Crater_(constellation)	Crater
/wiki/Exoplanet	planets
/wiki/Anser_(constellation)	Anser
/wiki/47_Ursae_Majoris	47
/wiki/Irish_Citizen_Army	Irish Citizen Army
/wiki/41_Ursae_Majoris	41
/wiki/Right_ascension	right ascension
/wiki/Star_formation	star formation
/wiki/Robur_Carolinum	Robur Carolinum
/wiki/Chamaeleon	Chamaeleon
/wiki/Asterism_(astronomy)	asterism
/wiki/Perseus_(constellation)	Perseus
/wiki/AN_Ursae_Majoris	AN
/wiki/Pisces_(constellation)	Pisces
/wiki/HR_5256	5256
/wiki/Iroquois	Iroquois
/wiki/Finnish_language	Finnish language
/wiki/Epsilon_Ursae_Majoris	ε Ursae Majoris
/wiki/Groombridge_1618	Groombridge 1618
/wiki/Declination	declination
/wiki/OCLC	OCLC
