/wiki/Shang-Chi	Shang-Chi
/wiki/Iron_Man	Iron Man
/wiki/Deadpool_(comics)	Deadpool
/wiki/Robert_Kirkman	Kirkman, Robert
/wiki/Elektra_(comics)#Ultimate_Marvel	Elektra
/wiki/Shen_Kuei	Shen Kuei
/wiki/Comics_Bulletin	Comics Bulletin
/wiki/Bigot	bigoted
/wiki/Mark_Millar	Millar, Mark
/wiki/Kingpin_(comics)#Ultimate_Kingpin	Kingpin
/wiki/Gene_Day	Gene Day
/wiki/Steve_Englehart	Englehart, Steve
/wiki/Sherlock_Holmes	Sherlock Holmes
/wiki/Christos_Gage	Gage, Christos
/wiki/Hammerhead_(comics)#Ultimate_Hammerhead	Hammerhead
/wiki/Black_Jack_Tarr	Black Jack Tarr
/wiki/Journey_into_Mystery	Journey into Mystery
/wiki/Alvin_Lee_(comics)	Lee, Alvin
/wiki/Mike_Zeck	Mike Zeck
/wiki/Ron_Wilson_(comics)	Wilson, Ron
/wiki/Sax_Rohmer	Sax Rohmer
/wiki/Brian_Garvey_(comics)	Garvey, Brian
/wiki/Marvel_Zombies_Return	Marvel Zombies Return
/wiki/Mike_Zeck	Zeck, Mike
/wiki/Avengers_(comics)	Avengers
/wiki/Detective_Comics	Detective Comics
/wiki/First_appearance	First appearance
/wiki/The_Fiendish_Plot_of_Dr._Fu_Manchu	The Fiendish Plot of Dr. Fu Manchu
/wiki/Joe_Staton	Staton, Joe
/wiki/Jack_Abel	Abel, Jack
/wiki/Dr._Fu_Manchu	Dr. Fu Manchu
/wiki/TwoMorrows_Publishing	TwoMorrows Publishing
/wiki/Ian_Akin	Akin, Ian
/wiki/The_Brides_of_Fu_Manchu	The Brides of Fu Manchu
/wiki/Chinatown	Chinatown
/wiki/Mantis_(Marvel_Comics)	Mantis
/wiki/People%27s_Republic_of_China	People's Republic of China
/wiki/Dark_Avengers	Dark Avengers
/wiki/Billy_Tan	Tan, Billy
/wiki/John_Tartaglione	Tartaglione, John
/wiki/The_Vengeance_of_Fu_Manchu	The Vengeance of Fu Manchu
/wiki/Mister_Negative	Mister Negative
/wiki/Hunan	Hunan
/wiki/The_Castle_of_Fu_Manchu	The Castle of Fu Manchu
/wiki/Karl_Kesel	Kesel, Karl
/wiki/Ultimate_Spider-Man	Ultimate Spider-Man
/wiki/MAX_(comics)	MAX
/wiki/The_Face_of_Fu_Manchu	The Face of Fu Manchu
/wiki/Grand_Comics_Database	Grand Comics Database
/wiki/Nick_Fury	Nick Fury
/wiki/Cable_%26_Deadpool	Cable & Deadpool
/wiki/Killraven	Killraven
/wiki/Prime_Mover_(comics)	Prime Mover
/wiki/Paul_Gulacy	Gulacy, Paul
/wiki/Spider-Man	Spider-Man
/wiki/James_Bond	James Bond
/wiki/Kung_Fu	Kung Fu
/wiki/Wolverine_(character)	Wolverine
/wiki/Danny_Rand	Danny Rand
/wiki/Clive_Reston	Clive Reston
/wiki/Len_Wein	Wein, Len
/wiki/Ed_Brubaker	Brubaker, Ed
/wiki/Alan_Zelenetz	Zelenetz, Alan
/wiki/Mike_Deodato	Deodato, Mike
/wiki/Drums_of_Fu_Manchu	Drums of Fu Manchu
/wiki/Pete_Wisdom	Wisdom
/wiki/Marvel_Zombies:_Dead_Days	Marvel Zombies: Dead Days
/wiki/Elixir_of_life	elixir vitae
/wiki/Marvel_Two-in-One	Marvel Two-in-One
/wiki/New_York_Police_Department	New York Police Department
/wiki/The_Mystery_of_Dr._Fu-Manchu	The Mystery of Dr. Fu-Manchu
/wiki/Marvel_NOW!	Marvel NOW!
/wiki/Thing_(comics)	Thing
/wiki/Swordsman_(comics)	Swordsman
/wiki/Jerome_Ope%C3%B1a	Opeña, Jerome
/wiki/David_Wellington_(author)	Wellington, David
/wiki/Silver_Samurai	Silver Samurai
/wiki/Razor_Fist	Razor Fist
/wiki/Yellow_Peril	Yellow Peril
/wiki/Jim_Starlin	Jim Starlin
/wiki/Marvel_Universe	Marvel Universe
/wiki/Ultimate_Marvel_Team-Up	Ultimate Marvel Team-Up
/wiki/Sam_Grainger	Grainger, Sam
/wiki/Africa	African
/wiki/Marvel_Comics	Marvel Comics
/wiki/Daughter_of_the_Dragon	Daughter of the Dragon
/wiki/Mike_Perkins	Perkins, Mike
/wiki/The_Shadow_of_Fu_Manchu	The Shadow of Fu Manchu
/wiki/Leonard_Kirk	Kirk, Leonard
/wiki/X-Men	X-Men
/wiki/Wolfpack_(Marvel_Comics)	Wolfpack
/wiki/Rom_(comics)	Rom
/wiki/Traditional_Chinese_characters	Chinese
/wiki/Moon_Knight	Moon Knight
/wiki/Doug_Moench	Moench, Doug
/wiki/Al%C3%A9_Garza	Garza, Alé
/wiki/Pablo_Marcos	Marcos, Pablo
/wiki/Dave_Cockrum	Cockrum, Dave
/wiki/Fu_Manchu	Fu Manchu
/wiki/Captain_America	Captain America
/wiki/Alan_Kupperberg	Kupperberg, Alan
/wiki/Mark_Farmer	Farmer, Mark
/wiki/House_of_M	House of M
/wiki/Peter_Sanderson	Sanderson, Peter
/wiki/The_Mask_of_Fu_Manchu	The Mask of Fu Manchu
/wiki/Mercy_kill	mercy kill
/wiki/Dan_Slott	Slott, Dan
/wiki/Dan_Adkins	Adkins, Dan
/wiki/Fu_Manchu_moustache	Fu Manchu moustache
/wiki/Man-Thing	Man-Thing
/wiki/The_Adventures_of_Dr._Fu_Manchu	The Adventures of Dr. Fu Manchu
/wiki/Marvel_Knights	Marvel Knights
/wiki/Shadowland_(comics)	Shadowland
/wiki/Pocket_Books	Pocket Books
/wiki/Justin_Timberlake	Justin Timberlake
/wiki/The_Yellow_Claw	The Yellow Claw
/wiki/Steve_Leialoha	Leialoha, Steve
/wiki/Paul_Cornell	Cornell, Paul
/wiki/Nayland_Smith	Nayland Smith
/wiki/W._C._Fields	W. C. Fields
/wiki/African-American	African-American
/wiki/Hand_(comics)	Hand
/wiki/Jonathan_Hickman	Hickman, Jonathan
/wiki/Tom_Sutton	Sutton, Tom
/wiki/Corporation_(comics)	Corporation
/wiki/Brynocki	Brynocki
/wiki/Paul_Gulacy	Paul Gulacy
/wiki/Sir_Denis_Nayland_Smith	Sir Denis Nayland Smith
/wiki/Humbug_(comics)	Humbug
/wiki/Wizard_(magazine)	Wizard
/wiki/Sal_Buscema	Buscema, Sal
/wiki/Daughters_of_the_Dragon	Daughters of the Dragon
/wiki/Pinyin	pinyin
/wiki/The_Mysterious_Dr._Fu_Manchu	The Mysterious Dr. Fu Manchu
/wiki/Nunchaku	nunchaku
/wiki/Marlon_Brando	Marlon Brando
/wiki/Blue_Area_of_the_Moon	Blue Area of the Moon
/wiki/Shockwave_(comics)	Shockwave
/wiki/Marvel_Comics_Presents	Marvel Comics Presents
/wiki/Boomerang_(comics)	Boomerang
/wiki/Misty_Knight	Misty Knight
/wiki/Femme_fatale	femme fatale
/wiki/Sonny_Trinidad	Trinidad, Sonny
/wiki/Black_Cat_(comics)#Ultimate_Marvel	Black Cat
/wiki/Doctor_Doom	Doctor Doom
/wiki/The_Return_of_Dr._Fu_Manchu	The Return of Dr. Fu Manchu
/wiki/Sean_Phillips	Phillips, Sean
/wiki/Jeff_Parker_(comics)	Parker, Jeff
/wiki/Iron_Fist_(comics)	Iron Fist
/wiki/Dire_Wraith	Dire Wraiths
/wiki/Alcoholism	alcoholism
/wiki/Ross_Andru	Andru, Ross
/wiki/Colleen_Wing	Colleen Wing
/wiki/Secret_Avengers	Secret Avengers
/wiki/Les_Daniels	Les Daniels
/wiki/Brian_Michael_Bendis	Bendis, Brian Michael
/wiki/Marvel_Zombies	Marvel Zombies
/wiki/MI-13_(Marvel_Comics)	MI-13
/wiki/Al_Milgrom	Milgrom, Al
/wiki/CIA	CIA
/wiki/Keith_Pollard	Pollard, Keith
/wiki/Kwai_Chang_Caine	Kwai Chang Caine
/wiki/Groucho_Marx	Groucho Marx
/wiki/Cable_(comics)	Cable
/wiki/Greg_Land	Land, Greg
/wiki/Viper_(Madame_Hydra)	Viper
/wiki/Sabretooth_(comics)	Sabretooth
/wiki/Gene_Day	Day, Gene
/wiki/Tarantula_(Marvel_Comics)	Tarantula
/wiki/Carbon_paper	carbon paper
/wiki/Pete_Wisdom	Pete Wisdom
/wiki/Andy_Diggle	Diggle, Andy
/wiki/Black_Widow_(Natalia_Romanova)	Black Widow
/wiki/Jack_of_Hearts	Jack of Hearts
/wiki/Anthology	anthology
/wiki/Dracula_(comics)	Dracula
/wiki/Kali_stick	kali sticks
/wiki/White_Tiger_(comics)	White Tiger
/wiki/Mike_Mignola	Mignola, Mike
/wiki/Ultimate_Marvel	Ultimate Marvel
/wiki/Deadly_Hands_of_Kung_Fu	Deadly Hands of Kung Fu
/wiki/Bill_Mantlo	Mantlo, Bill
/wiki/Machete_(comics)	Machete
/wiki/Martial_arts	martial arts
/wiki/Heroes_for_Hire	Heroes for Hire
/wiki/David_Niven	David Niven
/wiki/Vince_Colletta	Colletta, Vince
/wiki/Doug_Moench	Doug Moench
/wiki/The_Blood_of_Fu_Manchu	The Blood of Fu Manchu
/wiki/Humberto_Ramos	Ramos, Humberto
/wiki/Dorling_Kindersley	Dorling Kindersley
/wiki/Ultimate_Fantastic_Four	Ultimate Fantastic Four
/wiki/Silver_Surfer	Silver Surfer
/wiki/Jim_Starlin	Starlin, Jim
/wiki/Duck_Soup_(1933_film)	Duck Soup
/wiki/Marlene_Dietrich	Marlene Dietrich
/wiki/Chris_Claremont	Claremont, Chris
/wiki/Inhumans	Inhumans
/wiki/Zeb_Wells	Wells, Zeb
/wiki/Les_Daniels	Daniels, Les
/wiki/Welsh_dragon	Welsh dragon
/wiki/Marvel_Team-Up	Marvel Team-Up
/wiki/Mark_Bagley	Bagley, Mark
/wiki/Sean_Connery	Sean Connery
/wiki/Keith_Moon	Keith Moon
/wiki/Marv_Wolfman	Wolfman, Marv
/wiki/Basil_Rathbone	Basil Rathbone
/wiki/Kree	Kree
/wiki/Shang-Chi,_Master_of_Kung_Fu	Shang-Chi, Master of Kung Fu
/wiki/Tom_Grindberg	Grindberg, Tom
/wiki/Steve_Englehart	Steve Englehart
/wiki/Zaran	Zaran
