/wiki/Ohio_State_University	Ohio State University
/wiki/Morrill_Act_of_1862	Morrill Act of 1862
/wiki/Ohio_State_Buckeyes_men%27s_ice_hockey	Ohio State Buckeyes men's ice hockey
/wiki/Richard_E._Byrd	Richard E. Byrd
/wiki/Wexner_Center_for_the_Arts	Wexner Center for the Arts
/wiki/University_of_Toledo	Toledo
/wiki/Indiana_University_Bloomington	Indiana
/wiki/Fred_Taylor_(basketball_coach)	Fred Taylor
/wiki/Religious	religious
/wiki/Brown_University	Brown
/wiki/Columbia_University	Columbia
/wiki/University_of_California,_Irvine	University of California, Irvine
/wiki/Ohio_State_Buckeyes	Buckeyes
/wiki/Edward_Harrington_Jennings	Jennings
/wiki/Columbus,_Ohio	Columbus, Ohio
/wiki/Ohio_State_University_Golf_Club	Ohio State University Golf Club
/wiki/Mirror_Lake_(Ohio)	Mirror Lake
/wiki/Bill_Willis	Bill Willis
/wiki/University_of_Pittsburgh	University of Pittsburgh
/wiki/National_Baseball_Hall_of_Fame_and_Museum	Baseball Hall of Fame
/wiki/Tulane_University	Tulane
/wiki/William_English_Kirwan	Kirwan
/wiki/University_of_Michigan	Michigan
/wiki/Rhodes_Scholarship	Rhodes
/wiki/John_Glenn_School_of_Public_Affairs	John Glenn School of Public Affairs
/wiki/Buckeye_TV	Buckeye TV
/wiki/Kent_State_University	Kent State
/wiki/University_of_Central_Florida	University of Central Florida (Orlando)
/wiki/Big_Ten_Network	Big Ten Network
/wiki/Northeastern_University	Northeastern
/wiki/Chic_Harley	Chic Harley
/wiki/Michigan_Wolverines	Wolverines
/wiki/Sigma_Alpha	Sigma Alpha
/wiki/University_of_California,_Santa_Barbara	Santa Barbara
/wiki/North_Sea_Jazz_Festival	North Sea Jazz Festival
/wiki/List_of_Ohio_State_University_people	List of Ohio State University people
/wiki/History_of_Ohio_State_University	History of Ohio State University
/wiki/Jon_Stewart	Jon Stewart
/wiki/University_of_Maryland	Maryland
/wiki/WOSU-FM	WOSU-FM
/wiki/United_States_National_Academy_of_Sciences	National Academy of Sciences
/wiki/University_of_Wisconsin%E2%80%93Madison	University of Wisconsin–Madison
/wiki/Times_Higher_Education_World_University_Rankings	Times Higher Education World University Rankings
/wiki/Latin	Latin
/wiki/Georgian_architecture	Georgian
/wiki/University_of_California,_San_Diego	San Diego
/wiki/Ohio_State_University_College_of_Engineering	College of Engineering
/wiki/Carmen_Ohio	Carmen Ohio
/wiki/Department_of_Homeland_Security	Department of Homeland Security
/wiki/Georgia_Institute_of_Technology	Georgia Institute of Technology
/wiki/Maryland_Terrapins	Terrapins
/wiki/Public_university	public
/wiki/Research_library	research library
/wiki/Sea_grant_colleges	Sea grant
/wiki/The_Richard_M._Ross_Heart_Hospital	Richard M. Ross Heart Hospital
/wiki/Dante_Lavelli	Dante Lavelli
/wiki/Ohio	Ohio
/wiki/Iowa_State_University	Iowa State
/wiki/Pennsylvania_State_University	Pennsylvania State University
/wiki/Ohio_University	Ohio University
/wiki/Greek_theatre	Greek theatre
/wiki/Georgia_Institute_of_Technology	Georgia Tech
/wiki/Rutgers_University	Rutgers University
/wiki/Social_issues	social
/wiki/OSU_College_of_Medicine_and_Public_Health	Ohio State College of Medicine
/wiki/Buckeye_Leadership_Society	Buckeye Leadership Society
/wiki/University,_Hayes_and_Orton_Halls	Hayes Hall
/wiki/Emory_University	Emory
/wiki/University_of_Pisa	Pisa
/wiki/Roy_Lichtenstein	Roy Lichtenstein
/wiki/The_Ohio_State_University_College_of_Medicine	College of Medicine
/wiki/Carnegie_Mellon_University	Carnegie Mellon
/wiki/Blackwell_Inn	Blackwell Inn
/wiki/Land-grant_university	land-grant university
/wiki/Wales	Wales
/wiki/Fudan_University	Fudan
/wiki/Pixar	Pixar
/wiki/Ohio_State_University_Men%27s_Glee_Club	Ohio State University Men's Glee Club
/wiki/Columbus,_Ohio	Columbus
/wiki/Scholarship	scholarship programs
/wiki/WOSU-TV	WOSU-TV / WPBO
/wiki/Jim_Parker_(American_football)	Jim Parker
/wiki/Ohio_State_Buckeyes_women%27s_basketball	Ohio State Buckeyes women's basketball
/wiki/Vanderbilt_University	Vanderbilt
/wiki/Institute_of_Medicine	Institute of Medicine
/wiki/Dentistry	Dentistry
/wiki/University_of_Akron	Akron
/wiki/Picasso	Picasso
/wiki/QS_World_University_Rankings	QS World University Rankings
/wiki/University_of_Notre_Dame	Notre Dame
/wiki/Duke_University	Duke
/wiki/Michigan_State_University	Michigan State University
/wiki/John_Richard_Sisson	Sisson
/wiki/The_Richard_M._Ross_Heart_Hospital	the Richard M. Ross Heart Hospital
/wiki/UCLA	UCLA
/wiki/Sid_Gillman	Sid Gillman
/wiki/Buckeye_Bullet	Buckeye Bullet 2
/wiki/John_Glenn	John Glenn
/wiki/Texas_A%26M_University	Texas A&M
/wiki/WOSU-TV	WOSU-TV
/wiki/Lund_University	Lund
/wiki/University_of_North_Texas	North Texas
/wiki/History	history
/wiki/Center_for_Urban_and_Regional_Analysis	Center for Urban and Regional Analysis
/wiki/Jack_Nicklaus	Jack Nicklaus
/wiki/William_Oxley_Thompson	Thompson
/wiki/Forbes_400	Forbes 400
/wiki/List_of_largest_United_States_university_campuses_by_enrollment	Largest United States university campuses by enrollment
/wiki/University_of_Glasgow	Glasgow
/wiki/DNB_Extension_for_Education_and_Research	DNB Extension for Education and Research
/wiki/Case_Western_Reserve_University	Case Western
/wiki/Northeast_Ohio_Medical_University	Northeast Ohio Medical University
/wiki/Northwestern_University	Northwestern University
/wiki/Nude_on_a_black_armchair	Nude on a Black Armchair
/wiki/Secrest_Arboretum	Secrest Arboretum
/wiki/Pulitzer_Prize	Pulitzer Prize
/wiki/Poetry	poetry
/wiki/Max_M._Fisher_College_of_Business	Fisher College of Business
/wiki/Shanghai_Jiao_Tong_University	Shanghai Jiao Tong
/wiki/McGill_University	McGill
/wiki/University_of_New_South_Wales	New South Wales (UNSW)
/wiki/Tufts_University	Tufts
/wiki/Large_Binocular_Telescope	Large Binocular Telescope
/wiki/Frank_Howard_(baseball_player)	Frank Howard
/wiki/Yale_University	Yale
/wiki/New_Mexico_State_University	New Mexico State
/wiki/Youngstown_State_University	Youngstown State
/wiki/The_Stadium_Scholarship_Program	The Stadium Scholarship Program
/wiki/Public_Ivy	The Public Ivies
/wiki/University_of_Tennessee	Tennessee
/wiki/Ohio_State_University_Airport	Ohio State University Airport
/wiki/Truman_Scholarship	Truman
/wiki/John_Wilce	John Wilce
/wiki/Across_the_Field	Across the Field
/wiki/Brandeis_University	Brandeis
/wiki/Wayne_State_University	Wayne State
/wiki/Texnikoi_Engineering_Honorary	Texnikoi Engineering Honorary
/wiki/Central_State_University	Central State
/wiki/James_Hulme_Canfield	Canfield
/wiki/Fight_song	fight song
/wiki/The_Princeton_Review	The Princeton Review
/wiki/Urban_area	Urban
/wiki/Journal_of_Number_Theory	Journal of Number Theory
/wiki/Aeronautical/Astronautical_Research_Laboratory	Aeronautical/Astronautical Research Laboratory
/wiki/University_of_Delhi	Delhi
/wiki/Graduate_students	graduate students
/wiki/Arizona_State_University	Arizona State University
/wiki/National_Cartoon_Museum	National Cartoon Museum
/wiki/WVSG_(AM)	WVSG
/wiki/University_of_British_Columbia	British Columbia
/wiki/Ohio_State_University,_Delaware_Center	Delaware Center
/wiki/Interdisciplinary	interdisciplinary
/wiki/Miami_University	Miami
/wiki/Postgraduate_education	Postgraduates
/wiki/Mobius_project	Mobius project
/wiki/South_Bass_Island_Light	South Bass Island Light
/wiki/Howard_Landis_Bevis	Bevis
/wiki/Katie_Smith	Katie Smith
/wiki/Choir	choir
/wiki/University_of_Kansas	Kansas
/wiki/Paul_Brown	Paul Brown
/wiki/Dick_LeBeau	Dick LeBeau
/wiki/Medicine	Medicine
/wiki/Deconstructivism	deconstructivist
/wiki/Woody_Hayes	Woody Hayes
/wiki/Michael_V._Drake	Michael V. Drake
/wiki/Hang_on_Sloopy	Hang on Sloopy
/wiki/University_of_Nottingham	Nottingham
/wiki/Old_North_Columbus	Old North Columbus
/wiki/Ohio_State_Buckeyes_women%27s_ice_hockey	OSU women's ice hockey
/wiki/Basketball_Hall_of_Fame	Basketball Hall of Fame
/wiki/James_Cancer_Hospital	James Cancer Hospital
/wiki/University_of_Manchester	Manchester
/wiki/Universitas_21	Universitas 21
/wiki/Northwestern_University	Northwestern
/wiki/Sports_Illustrated	Sports Illustrated
/wiki/Chicago_Maroons	Maroons
/wiki/Rockefeller_University	Rockefeller
/wiki/United_States	United States
/wiki/Ryan_Kesler	Ryan Kesler
/wiki/Architecture	Architecture
/wiki/National_Register_of_Historic_Places	National Register of Historic Places
/wiki/Ohio_General_Assembly	Ohio General Assembly
/wiki/University_of_Vermont	University of Vermont
/wiki/Boston_University	Boston
/wiki/Northwestern_Wildcats	Wildcats
/wiki/Northern_Illinois_University	Northern Illinois
/wiki/Financial_endowment	Endowment
/wiki/Woody_Hayes_Athletic_Center	Woody Hayes Athletic Center
/wiki/Political_science	political science
/wiki/Arizona_State_University	Arizona State University (Tempe)
/wiki/Stanford_University	Stanford University
/wiki/Ohio_county_government	Ohio's 88 counties
/wiki/Student_organizations	Student organizations
/wiki/University_of_Rochester	Rochester
/wiki/University_of_Colorado_at_Boulder	University of Colorado at Boulder
/wiki/Veterinary_Medicine	Veterinary Medicine
/wiki/Slavic_languages	Slavic
/wiki/St._John_Arena	St. John Arena
/wiki/Fiction	fiction
/wiki/Byrd_Polar_and_Climate_Research_Center	Byrd Polar and Climate Research Center
/wiki/Rutherford_B._Hayes	Rutherford B. Hayes
/wiki/Athletic_nickname	Nickname
/wiki/Bobby_Knight	Bobby Knight
/wiki/University_of_Houston	Houston
/wiki/BBC	BBC
/wiki/Script_Ohio	Script Ohio
/wiki/Texas_A%26M_University	Texas A&M University
/wiki/Leslie_Wexner	Leslie Wexner
/wiki/University_of_Iowa	University of Iowa
/wiki/Western_Collegiate_Hockey_Association	Western Collegiate Hockey Association
/wiki/Carnegie_Foundation_for_the_Advancement_of_Teaching	Carnegie Foundation for the Advancement of Teaching
/wiki/New_York	New York
/wiki/Ross_Mathematics_Program	Ross Mathematics Program
/wiki/The_Ohio_State_University_College_of_Dentistry	College of Dentistry
/wiki/Aeronautical_and_Astronautical_Research_Laboratory	Aeronautical & Astronautical Research Laboratory
/wiki/University_of_Chicago	Chicago
/wiki/American_Folklore_Society	American Folklore Society
/wiki/Stony_Brook_University	Stony Brook
/wiki/Optometry	Optometry
/wiki/Anime_Punch!	Anime Punch!
/wiki/Maudine_Ormsby	Maudine Ormsby
/wiki/William_Oxley_Thompson_Memorial_Library	William Oxley Thompson Memorial Library
/wiki/Academic_Ranking_of_World_Universities	Academic Ranking of World Universities
/wiki/University_of_Virginia	Virginia
/wiki/Arizona_State_University	Arizona State
/wiki/National_Academy_of_Engineering	National Academy of Engineering
/wiki/National_Science_Foundation	National Science Foundation
/wiki/SUNY	SUNY
/wiki/University_of_Arizona	Arizona
/wiki/Center_for_Interdisciplinary_Law_and_Policy_Studies	Center for Interdisciplinary Law and Policy Studies
/wiki/Ohio_Agricultural_Research_and_Development_Center	Ohio Agricultural Research and Development Center
/wiki/University_of_Alabama	Alabama
/wiki/Wisconsin_Badgers	Badgers
/wiki/Fulbright_Program	Fulbright Fellows
/wiki/Edison_Welding_Institute	Edison Welding Institute
/wiki/Indiana_University	Indiana University
/wiki/University_System_of_Ohio	University System of Ohio
/wiki/Ohio_State_University,_Mansfield_Campus	Mansfield Campus
/wiki/Artistic	artistic
/wiki/University_of_Amsterdam	Amsterdam
/wiki/Ohio_State_Buckeyes_men%27s_basketball	Ohio State Buckeyes men's basketball
/wiki/Sportsman_of_the_Year	Sportsman of the Year
/wiki/University_of_Connecticut	University of Connecticut
/wiki/University_of_Florida	University of Florida
/wiki/University_of_Johannesburg	Johannesburg
/wiki/Michigan_State_University	Michigan State
/wiki/National_Forensics_Association	National Forensics Association
/wiki/Financial_endowment	endowment
/wiki/Public_university	Public
/wiki/Gothic_revival	Gothic revival
/wiki/Miami_University	Miami University
/wiki/Association_of_American_Universities	Association of American Universities (AAU)
/wiki/George_Steinbrenner	George Steinbrenner
/wiki/Florida_State_University	Florida State
/wiki/The_Lantern	The Lantern
/wiki/Glee_Club	Glee Club
/wiki/Ice_hockey	hockey
/wiki/Michigan_State_Spartans	Spartans
/wiki/University_District,_Columbus,_Ohio	University District
/wiki/Larry_Sanger	Larry Sanger
/wiki/University_of_Washington	University of Washington
/wiki/University_of_Minnesota	Minnesota
/wiki/NCAA_Division_I	Division I
/wiki/Larry_Siegfried	Larry Siegfried
/wiki/Moritz_College_of_Law	Moritz College of Law
/wiki/Troy_Smith	Troy Smith
/wiki/I/S:_A_Journal_of_Law_and_Policy_for_the_Information_Society	Journal of Law and Policy for the Information Society
/wiki/Ohio_State_University_Agricultural_Technical_Institute	Agricultural Technical Institute
/wiki/Olympic_Games	Olympic
/wiki/University_of_Wisconsin%E2%80%93Madison	University of Wisconsin
/wiki/University_of_Washington	Washington
/wiki/Bonneville_Salt_Flats	Bonneville Salt Flats
/wiki/University_of_Central_Florida	University of Central Florida
/wiki/Art	art
/wiki/Jim_Tressel	Jim Tressel
/wiki/Joseph_A._Alutto	Alutto
/wiki/University_of_Hong_Kong	Hong Kong (HKU)
/wiki/Ohio_State_University,_Marion_Campus	Marion Campus
/wiki/Harold_Leroy_Enarson	Enarson
/wiki/Central_Park	Central Park
/wiki/University_of_Michigan	University of Michigan
/wiki/Football_Bowl_Subdivision	Football Bowl Subdivision
/wiki/Purdue_Boilermakers	Boilermakers
/wiki/Pennsylvania_State_University	Pennsylvania State University (University Park)
/wiki/University_of_Iowa	Iowa
/wiki/Bill_Davis_Stadium	Bill Davis Stadium
/wiki/Montreux_Jazz_Festival	Montreux Jazz Festival
/wiki/Illibuck	Illibuck
/wiki/Representation_(politics)	representatives
/wiki/University_of_Oregon	Oregon
/wiki/Harvard_University	Harvard
/wiki/University_of_California,_Los_Angeles	Los Angeles
/wiki/Gold_Medal	Gold Medalists
/wiki/Republican_Party_(U.S.)	Republican
/wiki/Peter_Eisenman	Peter Eisenman
/wiki/Korea_University	Korea
/wiki/Max_M._Fisher_College_of_Business	Max M. Fisher College of Business
/wiki/University_of_Florida	Florida
/wiki/LGBT	LGBT
/wiki/Wexner_Medical_Center_at_Ohio_State_University	Wexner Medical Center
/wiki/Jessica_Davenport	Jessica Davenport
/wiki/OSU_Ice_Rink	OSU Ice Rink
/wiki/NACDA_Director%27s_Cup	Athletic Director's Cup
/wiki/Cartoon_Research_Library	Ohio State Cartoon Library & Museum
/wiki/Pennsylvania_State_University	Penn State
/wiki/Bowling_Green_State_University	Bowling Green State
/wiki/Indiana_Hoosiers	Hoosiers
/wiki/Ohio_State_Buckeyes	Ohio State Buckeyes
/wiki/Undergraduates	undergraduates
/wiki/Walter_Quincy_Scott	W. Q. Scott
/wiki/University_of_New_Mexico	New Mexico
/wiki/Iowa_Hawkeyes	Hawkeyes
/wiki/Boston_University	Boston U
/wiki/Alexander_Wendt	Alexander Wendt
/wiki/Undergraduate	undergraduate
/wiki/Ohio_State_University_(disambiguation)	Ohio State University (disambiguation)
/wiki/The_Ohio_State_University_Marching_Band	OSU Marching Band
/wiki/University_of_Connecticut	Connecticut
/wiki/Ohio_State_Buckeyes_baseball	Ohio State Buckeyes baseball
/wiki/Johns_Hopkins_Blue_Jays_men%27s_lacrosse	Blue Jays
/wiki/University_of_California	University of California
/wiki/Gordon_Gee	Gee
/wiki/University_of_Queensland	Queensland
/wiki/University_of_Toronto	Toronto
/wiki/Waseda_University	Waseda
/wiki/Diversity_(politics)	diversity
/wiki/University_of_Nebraska-Lincoln	University of Nebraska-Lincoln
/wiki/Association_of_American_Universities	Association of American Universities
/wiki/University_of_Birmingham	Birmingham
/wiki/Naxos_Records	Naxos
/wiki/Florida_International_University	Florida International University
/wiki/Ohio_State_University_Health_Sciences_Center_for_Global_Health	Health Sciences Center for Global Health
/wiki/Marshall_Scholarship	Marshall
/wiki/Big_Ten_Athlete_of_the_Year	Athlete of the Year
/wiki/Wright_State_University	Wright State
/wiki/Undergraduate_education	Undergraduates
/wiki/School_colors	Colors
/wiki/Cable_TV	cable TV
/wiki/The_Wall_Street_Journal	The Wall Street Journal
/wiki/Le_R%C3%A9giment_de_Sambre_et_Meuse	Le Regiment de Sambre et Meuse
/wiki/U.S._News_%26_World_Report	U.S. News & World Report
/wiki/Buckeye_Bullet	Buckeye Bullet
/wiki/Block_O	Block "O"
/wiki/Newman_projection	Newman projection
/wiki/US_News_%26_World_Report	US News & World Report
/wiki/Purdue_University	Purdue University
/wiki/S%26P_500	S&P 500
/wiki/Big_Ten_Conference	Big Ten Conference
/wiki/Nebraska_Cornhuskers	Cornhuskers
/wiki/NCI-designated_Cancer_Center	comprehensive cancer centers
/wiki/Pro_Football_Hall_of_Fame	NFL Hall of Fame
/wiki/Stone_Laboratory	Stone Laboratory on Gibraltar Island, OH
/wiki/College_and_university_rankings	University rankings
/wiki/Ohio_State_Buckeyes_field_hockey	OSU field hockey
/wiki/College_of_William_%26_Mary	College of William & Mary
/wiki/James_E._Sullivan_Award	Sullivan Award
/wiki/Knowlton_Hall	Knowlton Hall
/wiki/Ohio_State_University,_Newark_Campus	Newark Campus
/wiki/Ohio_State_Buckeyes_women%27s_basketball	OSU women's basketball
/wiki/University_of_Delaware	University of Delaware
/wiki/University_president	President
/wiki/Television_station	television station
/wiki/Purdue_University	Purdue
/wiki/Wayback_Machine	Wayback Machine
/wiki/Convocation	convocation
/wiki/University_of_Texas_at_Austin	University of Texas at Austin
/wiki/List_of_largest_United_States_universities_by_undergraduate_enrollment	Largest United States universities by undergraduate enrollment
/wiki/University_of_Georgia	University of Georgia
/wiki/Olympic_Games	Olympic Games
/wiki/WOSA	WOSA
/wiki/Washington_University_in_St._Louis	Washington University
/wiki/Journal_of_Money,_Credit_and_Banking	Journal of Money, Credit and Banking
/wiki/Committee_on_Institutional_Cooperation	Committee on Institutional Cooperation
/wiki/John_A._Prior_Health_Sciences_Library	John A. Prior Health Sciences Library
/wiki/Academic	academic
/wiki/Novice_Gail_Fawcett	Fawcett
/wiki/Ohio_Stadium	Ohio Stadium
/wiki/American_Association_for_the_Advancement_of_Science	American Association for the Advancement of Science
/wiki/John_Havlicek	John Havlicek
/wiki/Olentangy_River_Wetland_Research_Park	Olentangy River Wetland Research Park
/wiki/Eisteddfod	Eisteddfod
/wiki/Medal_of_Honor	Medal of Honor
/wiki/Lou_Groza	Lou Groza
/wiki/Sigma_Eta_Chi	Sigma Eta Chi
/wiki/University_of_Illinois_at_Urbana%E2%80%93Champaign	University of Illinois at Urbana–Champaign
/wiki/Ohio_Buckeye	Ohio Buckeye, Aesculus glabra
/wiki/Eddie_George	Eddie George
/wiki/University_of_Illinois_at_Urbana-Champaign	University of Illinois at Urbana-Champaign
/wiki/Academic_administration	administrative
/wiki/United_States_Department_of_Education	U.S. Department of Education
/wiki/Mershon_Center_for_International_Security_Studies	Mershon Center for International Security Studies
/wiki/The_Daily_Show	The Daily Show
/wiki/Low-income	low-income
/wiki/Michael_V._Drake	Drake
/wiki/University_of_South_Carolina	South Carolina
/wiki/Student_cheering_section	student cheering section
/wiki/University,_Hayes_and_Orton_Halls	Orton Hall
/wiki/University_of_Missouri	Missouri
/wiki/Chadwick_Arboretum	Chadwick Arboretum
/wiki/University_of_Cincinnati	Cincinnati
/wiki/James_S._Albus	James S. Albus
/wiki/Brutus_Buckeye	Brutus Buckeye
/wiki/Cleveland_State_University	Cleveland State
/wiki/Scarlet_(color)	Scarlet
/wiki/Rutgers_Scarlet_Knights	Scarlet Knights
/wiki/Penn_State_Nittany_Lions	Nittany Lions
/wiki/Karen_Holbrook	Holbrook
/wiki/University_of_Auckland	Auckland
/wiki/Industrial_Design	Industrial Design
/wiki/Pharmacy	Pharmacy
/wiki/WOSA	WOSA-FM
/wiki/University_of_Edinburgh	Edinburgh
/wiki/Buckeye_Battle_Cry	Buckeye Battle Cry
/wiki/National_Cancer_Institute	National Cancer Institute
/wiki/University_of_Pittsburgh	Pittsburgh
/wiki/Midwestern_Intercollegiate_Volleyball_Association	Midwestern Intercollegiate Volleyball Association
/wiki/Drake_Performance_and_Event_Center	Drake Performance and Event Center
/wiki/University_of_Maryland	University of Maryland
/wiki/Ohio_State_University,_Lima_Campus	Lima Campus
/wiki/Sousaphone	sousaphone
/wiki/Ohio_State_Varsity_O_Hall_of_Fame	Ohio State Varsity O Hall of Fame
/wiki/Syracuse_University	Syracuse
/wiki/University_of_Minnesota	University of Minnesota
/wiki/Gray	Gray
/wiki/Case_Western_Reserve_University	Case Western Reserve
/wiki/Medieval	medieval
/wiki/PBS	PBS
/wiki/Center_for_Survey_Research	Center for Survey Research
/wiki/University_of_Oklahoma	Oklahoma
/wiki/Paul_Warfield	Paul Warfield
/wiki/William_Oxley_Thompson_Memorial_Library	Thompson Memorial Library
/wiki/New_York_Yankees	New York Yankees
/wiki/Block_O	Block O
/wiki/Reading_Recovery	Reading Recovery
/wiki/Northwest_Ordinance	Northwest Ordinance
/wiki/Fraternities_and_sororities_in_North_America	fraternities and sororities
/wiki/Byrd_Polar_Research_Center	Byrd Polar Research Center
/wiki/Virginia_Tech	Virginia Tech
/wiki/Washington_Monthly	Washington Monthly
/wiki/Fundraising	fundraising
/wiki/Cornell_University	Cornell
/wiki/Heisman_Trophy	Heisman Awards
/wiki/George_Washington_Rightmire	Rightmire
/wiki/United_States_National_Research_Council	National Research Council
/wiki/Hilandar_Research_Library	Hilandar Research Library
/wiki/University_of_California	California
/wiki/The_Ohio_State_University_Men%27s_Glee_Club	Men's Glee Club
/wiki/Ohio_State_Buckeyes_men%27s_ice_hockey	OSU men's ice hockey
/wiki/Illinois_Fighting_Illini	Fighting Illini
/wiki/University_of_Virginia	University of Virginia
/wiki/Rutgers_University	Rutgers
/wiki/Wikisource	Wikisource
/wiki/Ohio_State_Buckeyes_football	Ohio State Buckeyes football
/wiki/Mortar_Board	Mortar Board
/wiki/Ohio_Union	Ohio Union
/wiki/Jerome_Schottenstein_Center	Schottenstein Center
/wiki/New_College_of_Florida	New College of Florida
/wiki/Johns_Hopkins_University	Johns Hopkins
/wiki/Rice_University	Rice
/wiki/Fortune_500	Fortune 500
/wiki/Nobel_Prize	Nobel Prize
/wiki/University_of_Illinois_at_Urbana%E2%80%93Champaign	University of Illinois
/wiki/University_of_Arizona	University of Arizona
/wiki/Jesse_Owens	Jesse Owens
/wiki/Ford_Motor_Company	Ford Motor Company
/wiki/Guggenheim_Fellowship	Guggenheim Fellowship
/wiki/Universities_Research_Association	Universities Research Association
/wiki/University_of_California,_Berkeley	University of California at Berkeley
/wiki/Minnesota_Golden_Gophers	Golden Gophers
/wiki/University_of_North_Carolina_at_Chapel_Hill	University of North Carolina at Chapel Hill
/wiki/Public_Ivy	Public Ivy universities
/wiki/TV	TV
/wiki/Princeton_University	Princeton
/wiki/Utah	Utah
/wiki/University_of_Washington	University of Washington at Seattle
/wiki/Law	Law
/wiki/Stalwart_(politics)	stalwart
/wiki/University_of_Chicago	University of Chicago
/wiki/Stanford_University	Stanford
/wiki/University_of_Melbourne	Melbourne
/wiki/Shawnee_State_University	Shawnee State
/wiki/Billy_Ireland_Cartoon_Library_%26_Museum	Billy Ireland Cartoon Library & Museum
/wiki/Archie_Griffin	Archie Griffin
/wiki/Private_university	Private
/wiki/Jerry_Lucas	Jerry Lucas
/wiki/Ohio_State_University_Press	Ohio State University Press
/wiki/Texas_Tech_University	Texas Tech
/wiki/World_Series	World Series
