/wiki/Yiddish_language	Yiddish
/wiki/Canada	Canada
/wiki/Solomon_Birnbaum	Solomon Birnbaum
/wiki/Sabesdiker_losn	Sabesdiker losn
/wiki/The_Holocaust	The Holocaust
/wiki/Silesian_German	Silesian German
/wiki/Dzhidi_language	Dzhidi
/wiki/Minority_languages_of_Sweden	official minority languages
/wiki/Linguasphere_Observatory	Linguasphere
/wiki/Jewish_assimilation	Assimilation
/wiki/University_of_Toronto_Press	University of Toronto Press
/wiki/Gabbai	Gabbai
/wiki/Kol_Nidre	Kol Nidre
/wiki/Internationalism_(politics)	Internationalism
/wiki/Moses	Moses
/wiki/Western_Yiddish	Western Yiddish
/wiki/American_Labor_Party	American Labor Party
/wiki/Yiddish_words_used_in_English	Yiddish words used in English
/wiki/Proletariat	proletariat
/wiki/Kayla_language	Kayla
/wiki/Yevanic_language	Yevanic
/wiki/Judaeo-Latin	Judaeo-Latin
/wiki/Russia	Russian Federation
/wiki/Southern_Italy	Southern Italy
/wiki/Kiruna_dialect	Kiruna
/wiki/University_of_Sao_Paulo	University of Sao Paulo
/wiki/Tefillin	Tefillin
/wiki/Tikkun_olam	Tikkun olam
/wiki/Lish%C3%A1n_Did%C3%A1n	Lishán Didán
/wiki/Galician_SSR	Galician SSR
/wiki/Shomer_Masoret	Shomer Masoret
/wiki/West_Germanic_languages	West
Germanic
/wiki/Bokm%C3%A5l	Bokmål
/wiki/Neolog_Judaism	Neolog
/wiki/Judeo-Golpaygani_language	Judaeo-Golpaygani
/wiki/Karaite_Judaism	Karaite
/wiki/East_Asian_Jews	East Asian Jews
/wiki/Mesopotamia	Mesopotamia
/wiki/Mizrahi_Jews	Mizrahi Jews
/wiki/Macaronic	macaronic
/wiki/Norman_Lamm	Norman Lamm
/wiki/Joshua	Joshua
/wiki/Hassidim	Hassidim
/wiki/Vestlandsk	Vestlandsk
/wiki/Yosef_Dov_Soloveitchik_(Beis_Halevi)	Yosef Dov Soloveitchik
/wiki/Jewish_Buddhist	Jewish Buddhist
/wiki/Judeo-Tripolitanian_Arabic	Judaeo-Tripolitanian
/wiki/Yaakov_Kamenetsky	Yaakov Kamenetsky
/wiki/Dravidian_languages	Dravidian
/wiki/Antisemitism	Antisemitism
/wiki/Arba%27ah_Turim	Arba'ah Turim
/wiki/List_of_Yiddish_newspapers_and_periodicals	List of Yiddish newspapers and periodicals
/wiki/Rachel	Rachel
/wiki/New_York_University	New York University
/wiki/Stellingwarfs	Stellingwarfs
/wiki/Mishneh_Torah	Mishneh Torah
/wiki/Sephardi_Hebrew	Sephardi
/wiki/Language_family	Language family
/wiki/Tel_Aviv_University	Tel Aviv University
/wiki/Jewish_prayer	Jewish prayer
/wiki/Ashkenazi_Hebrew	Ashkenazi
/wiki/Maryland	Maryland
/wiki/Central_German	Central
German
/wiki/Bukharan_Jews	Bukharan Jews
/wiki/Arizona	Arizona
/wiki/Orthodox_Judaism	Orthodox
/wiki/Galicia_Jewish_Museum	Galicia Jewish Museum
/wiki/Saadia_Gaon	Saadia Gaon
/wiki/Temple_in_Jerusalem	Temple in Jerusalem
/wiki/Yemenite_Jews	Yemenite Jews
/wiki/Aramaic	Aramaic
/wiki/Brandeis_University	Brandeis University
/wiki/Shlomo_Carlebach_(musician)	Shlomo Carlebach
/wiki/Jewish_languages	Jewish languages
/wiki/Hallel	Hallel
/wiki/Aharon_Kotler	Aharon Kotler
/wiki/Yad_Vashem	Yad Vashem
/wiki/Finland_Swedish	Finland
/wiki/Isaac_Asimov	Isaac Asimov
/wiki/Old_French	Old French
/wiki/Syrian_Jews	Syrian Jews
/wiki/Greek_language	Greek
/wiki/Spell_checker	spell checker
/wiki/Haskalah	Haskalah
/wiki/Ohio	Ohio
/wiki/Jews	Jews
/wiki/Nahmanides	Nahmanides
/wiki/Mendele_Mocher_Sforim	Mendele Mocher Sforim
/wiki/Golders_Green	Golders Green
/wiki/Bornholmsk_dialect	Bornholmsk
/wiki/Targum_(Aramaic_dialect)	Targum
/wiki/Beta_Israel	Beta Israel
/wiki/Google_Translate	Google Translate
/wiki/Ghil%27ad_Zuckermann	Ghil'ad Zuckermann
/wiki/Palatine_German_language	Palatine German
/wiki/DMOZ	DMOZ
/wiki/Religious_Zionism	Religious
/wiki/Talmud	Talmud
/wiki/Four_species	Four species
/wiki/Franklin_D._Roosevelt	Franklin D. Roosevelt
/wiki/Jewish_principles_of_faith	Principles of faith
/wiki/Bovo-Bukh	Bovo-Bukh
/wiki/Reform_Judaism	Reform
/wiki/Anti-Semitism	anti-Semitic
/wiki/Languages_of_Israel	Languages
/wiki/Shammai	Shammai
/wiki/Berber_Jews	Berber Jews
/wiki/Modern_Hebrew	Modern Hebrew
/wiki/Rashi_script	Rashi script
/wiki/Israeli_Sign_Language	Israeli Sign Language
/wiki/ISO_639-3	ISO 639-3
/wiki/ISO_639-2	ISO 639-2
/wiki/ISO_639-1	ISO 639-1
/wiki/Australia	Australia
/wiki/The_Ohio_State_University	The Ohio State University
/wiki/American_Community_Survey	American Community Survey
/wiki/High_German	High German
/wiki/Jewish_wedding	Wedding
/wiki/Wikisource	Wikisource
/wiki/West_Germanic_languages	West Germanic languages
/wiki/Birobidzhaner_Shtern	Der Birobidzhaner Shtern
/wiki/Eugene_Volokh	Eugene Volokh
/wiki/Hazzan	Hazzan
/wiki/Wiktionary	Wiktionary
/wiki/The_Unimportance_of_Being_Oscar	The Unimportance of Being Oscar
/wiki/Isaac_Bashevis_Singer	Isaac Bashevis Singer
/wiki/Nosson_Tzvi_Finkel_(Slabodka)	Nosson Tzvi Finkel
/wiki/Northern_Bavarian	Northern Bavarian
/wiki/Montreal	Montreal
/wiki/Elia_Levita	Elia Levita
/wiki/Sabbateans	Sabbateans
/wiki/Estonian_Swedish	Estonia
/wiki/German_language	German
/wiki/West_Frisian_language	West Frisian
/wiki/Surinamese_Dutch	Surinamese Dutch
/wiki/UCLA	UCLA
/wiki/Ashkenaz	Ashkenaz
/wiki/Secondary_antisemitism	Secondary
/wiki/Elazar_Shach	Elazar Shach
/wiki/Yeshiva	yeshiva
/wiki/Neo-Zionism	Neo-Zionism
/wiki/Westrobothnian	Westrobothnian
/wiki/Jerusalem	Jerusalem
/wiki/Cochin_Jews	Cochin Jews
/wiki/Dutch_language	Dutch
/wiki/Jewish_Community_of_Antwerp	Antwerp Jewish community
/wiki/Yeshivos	yeshivos
/wiki/National_Yiddish_Book_Center	National Yiddish Book Center
/wiki/Lakewood,_NJ	Lakewood
/wiki/Greater_Manchester	Greater Manchester
/wiki/Tallit	Tallit
/wiki/Modern_Orthodox_Judaism	Modern Orthodox
/wiki/Jersey_Dutch	Jersey Dutch
/wiki/Isaac_Alfasi	Isaac Alfasi
/wiki/Judeo-Romance_languages	Judaeo-Romance
/wiki/Chumash_(Judaism)	Chumash
/wiki/Germanic_languages	Germanic
/wiki/Leonard_Cohen	Leonard Cohen
/wiki/Leo_Rosten	Rosten, Leo
/wiki/Mountain_Jews	Mountain Jews
/wiki/Babylonian_captivity	Babylonian captivity
/wiki/Leo_Rosten	Leo Rosten
/wiki/Judaeo-Catalan	Judaeo-Catalan
/wiki/I.L._Peretz	Isaac Leib Peretz
/wiki/Forbidden_relationships_in_Judaism	Forbidden Relationships
/wiki/Mussar_movement	mussar
/wiki/Russian_Census_(2010)	2010 census
/wiki/Kiryas_Joel,_New_York	Kiryas Joel, New York
/wiki/Rosh_Hashanah	Rosh Hashanah
/wiki/Abraham_ibn_Ezra	Abraham ibn Ezra
/wiki/Kersal	Kersal
/wiki/Kabbalah_Centre	Kabbalah Centre
/wiki/Solomon_Schechter	Solomon Schechter
/wiki/Illinois	Illinois
/wiki/Rabbinic_literature	Rabbinic literature
/wiki/Judaeo-Portuguese	Judaeo-Portuguese
/wiki/Veluws	Veluws
/wiki/Jewish_studies	Jewish studies
/wiki/Messianic_Judaism	Messianic Judaism
/wiki/Dutch_Low_Saxon	Dutch Low
Saxon
/wiki/Polabian_language	Polabian
/wiki/Klezmer	klezmer
/wiki/Bene_Ephraim	Bene Ephraim
/wiki/Bergensk	Bergensk
/wiki/Low_Franconian_languages	Low
Franconian
/wiki/Judah_Halevi	Judah Halevi
/wiki/Jewish_philosophy	Philosophy
/wiki/Spanish_and_Portuguese_Jews	Spanish and Portuguese Jews
/wiki/Writing_system	Writing system
/wiki/Tanakh	Tanakh
/wiki/Elijah	Elijah
/wiki/Same-sex_marriage_and_Judaism	Same-Sex Marriage
/wiki/List_of_major_biblical_figures	Biblical figures
/wiki/New_Square,_New_York	Village of New Square
/wiki/Gershom_ben_Judah	Gershom ben Judah
/wiki/Hebrew_Bible	Hebrew Bible
/wiki/World_War_I	World War I
/wiki/Crypto-Judaism	Crypto-Judaism
/wiki/University_of_Pennsylvania	University of Pennsylvania
/wiki/Judaism	Judaism
/wiki/Born_to_Kvetch	Born to Kvetch
/wiki/Moshe_Feinstein	Moshe Feinstein
/wiki/Musar_movement	Musar movement
/wiki/Rome	Rome
/wiki/Oxford_Centre_for_Postgraduate_Hebrew_Studies	Oxford Centre for Postgraduate Hebrew Studies
/wiki/Cushitic_languages	Cushitic
/wiki/Gateshead	Gateshead
/wiki/History_of_Zionism	History of Zionism
/wiki/Haredi_Judaism	Haredi
/wiki/Havdalah	Havdalah
/wiki/Riograndenser_Hunsr%C3%BCckisch_German	Riograndenser Hunsrückisch
/wiki/Turkic_languages	Turkic
/wiki/Bar_and_Bat_Mitzvah	Bar and Bat Mitzvah
/wiki/Chardal	Chardal
/wiki/Mohel	Mohel
/wiki/Zohar	Zohar
/wiki/Stamford_Hill	Stamford Hill
/wiki/Tza%27ar_ba%27alei_chayim	Tza'ar ba'alei chayim
/wiki/West_Flemish	West Flemish
/wiki/Bukhori_dialect	Bukhori
/wiki/High_Alemannic_German	High Alemannic German
/wiki/Jewish_anarchism	Anarchism
/wiki/Joseph_(patriarch)	Joseph
/wiki/Yad	Yad
/wiki/Heresy_in_Judaism	Heresy
/wiki/Russian_Far_East	Russian Far East
/wiki/Teshuva	Teshuva
/wiki/Deborah	Deborah
/wiki/Lishanid_Noshan	Lishanid Noshan
/wiki/Mahzor	makhazor
/wiki/Western_Wall	Western Wall
/wiki/Aleinu	Aleinu
/wiki/Lotharingia	Lotharingia
/wiki/Oscar_Levant	Oscar Levant
/wiki/Dialects	dialects
/wiki/Michigan	Michigan
/wiki/Joseph_B._Soloveitchik	Joseph B. Soloveitchik
/wiki/Norwegian_language	Norwegian
/wiki/Judaism_and_Mormonism	Mormonism
/wiki/Ketuvim	Ketuvim
/wiki/Tosefta	Tosefta
/wiki/Mishnaic_Hebrew	Mishnaic
/wiki/Hebrew_birthday	Hebrew birthday
/wiki/Ukraine	Ukraine
/wiki/Dictionary	dictionary
/wiki/Tetuani	Tetuani
/wiki/Kaifeng_Jews	Kaifeng Jews
/wiki/United_States	United States
/wiki/The_Jewish_Daily_Forward	The Jewish Daily Forward
/wiki/Southern_France	southern France
/wiki/Jewish_Autonomous_Oblast	Jewish Autonomous Oblast
/wiki/Messiah_in_Judaism	Messiah
/wiki/Celia_Applegate	Applegate, Celia
/wiki/Yiddish_alphabet	Yiddish alphabet
/wiki/The_Holocaust	the Holocaust
/wiki/Iudaea_province	Roman-era Judea
/wiki/Judeo-Tunisian_Arabic	Judaeo-Tunisian
/wiki/Torah	Torah
/wiki/Rosh_yeshiva	rosh yeshivas
/wiki/Outline_of_Judaism	Outline of Judaism
/wiki/Hungary	Hungary
/wiki/University_of_Oxford	University of Oxford
/wiki/Sorbs	Sorbian
/wiki/Brazil	Brazil
/wiki/Samaritan_Aramaic_language	Samaritan Aramaic
/wiki/Jewish_cuisine	Cuisine
/wiki/Yaakov_Yitzchok_Ruderman	Yaakov Yitzchok Ruderman
/wiki/Yiddish_dialects	Dialects
/wiki/Stanford_University	Stanford University
/wiki/Maghrebi_Jews	Maghrebi Jews
/wiki/Judeo-Berber_language	Judaeo-Berber
/wiki/South_Swedish_dialects	South Swedish
/wiki/Sm%C3%A5l%C3%A4ndska	Småländska
/wiki/Typeface	typefaces
/wiki/Insular_Danish	Insular Danish
/wiki/Adin_Steinsaltz	Adin Steinsaltz
/wiki/Menachem_Begin	Menachem Begin
/wiki/Slavic_languages	Slavic
/wiki/Posek	Posek
/wiki/Conversion_to_Judaism	Conversion to Judaism
/wiki/Pikuach_Nefesh	Pikuach Nefesh
/wiki/Luxembourgish_language	Luxembourgish
/wiki/Yeshiva	yeshivas
/wiki/Jewish_Renewal	Jewish Renewal
/wiki/Belgium	Belgium
/wiki/Lishana_Deni	Lishana Deni
/wiki/Nobel_Prize_in_literature	Nobel Prize in literature
/wiki/Krymchaks	Krymchaks
/wiki/Achterhooks_dialect	Achterhooks
/wiki/Glottolog	Glottolog
/wiki/Fiddler_on_the_Roof	Fiddler on the Roof
/wiki/Norrland_dialects	Norrland
/wiki/Jewish_emancipation	Emancipation
/wiki/Encyclopedia_of_Language_and_Linguistics	Encyclopedia of Language and Linguistics
/wiki/Yiddish_literature	Yiddish literature
/wiki/Mashgiach	Mashgiach
/wiki/Bnei_Menashe	Bnei Menashe
/wiki/Maimonides	Maimonides
/wiki/History_of_antisemitism	History
/wiki/Romance_languages	Romance
/wiki/Judeo-French	Judeo-French
/wiki/Oxford_University_Press	Oxford University Press
/wiki/Rebecca	Rebecca
/wiki/Georgian_Jews	Georgian Jews
/wiki/Dalecarlian_dialects	Dalecarlian
/wiki/Afroasiatic_languages	Afro-Asiatic
/wiki/New_York	New York
/wiki/Lachoudisch	Lachoudisch
/wiki/Tabernacle	Tabernacle
/wiki/Judaeo-Aragonese	Judaeo-Aragonese
/wiki/Olexander_Beyderman	Aleksander Beyderman
/wiki/Tr%C3%B8ndersk	Trøndersk
/wiki/Zionist	Zionist
/wiki/Low_Alemannic_German	Low Alemannic
/wiki/Rinkeby_Swedish	Rinkeby
/wiki/Highest_Alemannic_German	Highest Alemannic German
/wiki/Hasidic_Judaism	Hasid Jews
/wiki/JSTOR	JSTOR
/wiki/Der_Blatt	Der Blatt
/wiki/Odessa	Odessa
/wiki/Judeo-Hamedani_dialect	Judaeo-Hamedani
/wiki/Limburgish_language	Limburgish
/wiki/Jews	Jewish
/wiki/Jamtlandic_dialects	Jamtlandic
/wiki/Jew_(word)	Etymology of the word Jew
/wiki/Ukrainian_People%27s_Republic	Ukrainian People's Republic
/wiki/Tzedakah	Tzedakah
/wiki/Germany	Germany
/wiki/Cole_Porter	Cole Porter
/wiki/Book_of_Job	Book of Job
/wiki/Inauguration_of_a_Torah_scroll	Inauguration of a Torah scroll
/wiki/Knaanic_language	Knaanic
/wiki/Zeelandic	Zeelandic
/wiki/Tseno_Ureno	Tseno Ureno
/wiki/World_Agudath_Israel	World Agudath Israel
/wiki/October_Revolution	October Revolution
/wiki/Hebrew_language	Hebrew
/wiki/Yiddish_Renaissance	Yiddish Renaissance
/wiki/Isaac_Luria	Isaac Luria
/wiki/Humanistic_Judaism	Humanistic
/wiki/Kavod_HaBriyot	Kavod HaBriyot
/wiki/Pennsylvania_German_language	Pennsylvania German
/wiki/Names_of_God_in_Judaism	Names of God
/wiki/Abraham	Abraham
/wiki/Old_Italian	Old Italian
/wiki/Hirsch_Wolofsky	Hirsch Wolofsky
/wiki/Haredi_Judaism	Haredi Jews
/wiki/Eastern_Europe	Eastern Europe
/wiki/Vilna_Gaon	Vilna Gaon
/wiki/Germanic_languages	Germanic languages and dialects
/wiki/Hester_Street_(film)	Hester Street
/wiki/West_Germanic_languages	West Germanic
/wiki/My_Heart_Belongs_to_Daddy	My Heart Belongs to Daddy
/wiki/Vernacular	vernacular
/wiki/Michael_Applebaum	Michael Applebaum
/wiki/Indo-Iranian_languages	Indo-Iranian
/wiki/Sarah	Sarah
/wiki/Judeo-Moroccan	Judaeo-Moroccan
/wiki/Paris	Paris
/wiki/The_Enlightenment	the Enlightenment
/wiki/Pharisees	Pharisees
/wiki/Karaim_language	Karaim
/wiki/Black_Hebrew_Israelites	Black Hebrew Israelites
/wiki/Reconstructionist_Judaism	Reconstructionist
/wiki/Menorah_(Hanukkah)	Hanukiah
/wiki/Palestine_(region)	Palestine
/wiki/Revisionist_Zionism	Revisionist
/wiki/Westphalian_language	Westphalian
/wiki/Sanhedrin	Sanhedrin
/wiki/Moses_Mendelssohn	Moses Mendelssohn
/wiki/Dukus_Horant	Dukus Horant
/wiki/Hampshire_College	Hampshire College
/wiki/Baal_Shem_Tov	Baal Shem Tov
/wiki/The_Joys_of_Yiddish	The Joys of Yiddish
/wiki/The_Yiddish_King_Lear	The Yiddish King Lear
/wiki/French_language	French
/wiki/Menachem_Mendel_Schneerson	Menachem Schneerson
/wiki/Leah	Leah
/wiki/Jewish_leadership	Leadership
/wiki/Bosnia_and_Herzegovina	Bosnia and Herzegovina
/wiki/Jacob	Jacob
/wiki/Qwara_language	Qwara
/wiki/Amidah	Amidah
/wiki/Kittel	Kittel
/wiki/Mikveh	Mikveh
/wiki/Semitic_neopaganism	Semitic neopaganism
/wiki/Netherlands	Netherlands
/wiki/Progressive_Judaism	Progressive
/wiki/Temple_Mount	Temple Mount
/wiki/Williamsburg,_Brooklyn	Williamsburg
/wiki/Secular	secular
/wiki/Vassar_College	Vassar College
/wiki/Yiddish_dialects	Yiddish dialects
/wiki/Kiryas_Joel,_New_York	Kiryas Joel
/wiki/Judeo-Tat	Juhuri (Judeo-Tat)
/wiki/University_of_Manitoba	University of Manitoba
/wiki/Saidye_Bronfman_Centre_for_the_Arts	Saidye Bronfman Centre for the Arts
/wiki/Cimbrian_language	Cimbrian
/wiki/Paul_Wexler_(linguist)	Paul Wexler
/wiki/Piyyut	Piyyut
/wiki/Labor_Zionism	Labor
/wiki/Plautdietsch_language	Plautdietsch
/wiki/Jewish_political_movements	Political movements
/wiki/Afrikaans	Afrikaans
/wiki/Shneur_Zalman_of_Liadi	Shneur Zalman of Liadi
/wiki/Jewish_eschatology	Eschatology
/wiki/Heblish	Heblish
/wiki/Tzitzit	Tzitzit
/wiki/New_Jersey	New Jersey
/wiki/Rhineland	Rhineland
/wiki/Amharic_language	Amharic
/wiki/Religious_Zionism	Religious Zionism
/wiki/Pidyon_haben	Pidyon haben
/wiki/Council_of_Europe	Council of Europe
/wiki/Manchester	Manchester
/wiki/Midrash	Midrash
/wiki/Binghamton_University	Binghamton University
/wiki/Rabfak	rabfaks
/wiki/Joel_Teitelbaum	Yoel Teitelbaum
/wiki/Synagogue	Synagogue
/wiki/Brit_milah	Brit milah
/wiki/Wikipedia	Wikipedia
/wiki/Monument_National	Monument National
/wiki/Mordecai_Richler	Mordecai Richler
/wiki/Ma_Tovu	Ma Tovu
/wiki/Harvard_University	Harvard University
/wiki/Colognian_language	Colognian
/wiki/Judeo-Christian	Judeo-Christian
/wiki/Chaim_Kanievsky	Chaim Kanievsky
/wiki/V%C3%A4stg%C3%B6tska	Västgötska
/wiki/Judaeo-Spanish	Judaeo-Spanish
/wiki/Kashrut	Kashrut
/wiki/Zalman_Schachter-Shalomi	Zalman Schachter-Shalomi
/wiki/New_York_City	New York City
/wiki/Birobidzhan	Birobidzhan
/wiki/Timeline_of_Jerusalem	Timeline
/wiki/Yiddish_theatre	Yiddish theatre
/wiki/Romance_languages	Romance languages
/wiki/Hillel_the_Elder	Hillel
/wiki/Michael_Wex	Michael Wex
/wiki/Mizrahi_Hebrew	Mizrahi
/wiki/Sholem_Aleichem	Sholem Aleichem
/wiki/Indo-Aryan_languages	Indo-Aryan
/wiki/Judaeo-Georgian	Judaeo-Georgian
/wiki/History_of_Israel	History of Israel
/wiki/Florida	Florida
/wiki/Zeved_habat	Zeved habat
/wiki/Jewish_atheism	Atheism
/wiki/Litvish	Litvish
/wiki/Stoke_Newington	Stoke Newington
/wiki/Maggid	Maggid
/wiki/Judaeo-Italian_languages	Judaeo-Italian
/wiki/Four_Holy_Cities	Four Holy Cities
/wiki/Tiberian_vocalization	Tiberian
/wiki/Worms,_Germany	Worms
/wiki/Borough_Park,_Brooklyn	Borough Park
/wiki/Tiberias	Tiberias
/wiki/American_Jews	American Jews
/wiki/Alex_Kozinski	Alex Kozinski
/wiki/Syria	Syrian
/wiki/Mishnah_Berurah	Mishnah Berurah
/wiki/Sallaans	Sallaans
/wiki/Judaeo-Piedmontese	Judaeo-Piedmontese
/wiki/English_language	English
/wiki/European_Charter_for_Regional_or_Minority_Languages	European Charter for Regional or Minority Languages
/wiki/Urfalim	Urfalim
/wiki/Barzani_Jewish_Neo-Aramaic	Barzani
/wiki/Jewish_music	Music
/wiki/Tweants_dialect	Tweants
/wiki/Jud%C3%A6o-Kurdish	Judaeo-Kurdish
/wiki/Yiddish_phonology	Yiddish phonology
/wiki/Medieval_Hebrew	Medieval
/wiki/Byelorussian_SSR	Byelorussian SSR
/wiki/Land_of_Israel	Land of Israel
/wiki/Swabian_German	Swabian
/wiki/Bereavement_in_Judaism	Bereavement
/wiki/Brooklyn	Brooklyn
/wiki/California	California
/wiki/Romanian_language	Romanian
/wiki/Lashon_hara	Lashon hara
/wiki/Jews_in_the_Middle_Ages	Middle Ages
/wiki/Columbia_University	Columbia University
/wiki/Halakha	Halakha
/wiki/Pennsylvania	Pennsylvania
/wiki/Poland	Poland
/wiki/Moldova	Moldova
/wiki/Gronings	Gronings
/wiki/Israeli%E2%80%93Palestinian_conflict	Israeli–Palestinian conflicts
/wiki/Russian_Federal_State_Statistics_Service	Russian Federal State Statistics Service
/wiki/Kartvelian_languages	Kartvelian
/wiki/Michael_Wex	Wex, Michael
/wiki/Krymchak_language	Krymchak
/wiki/Palatinate_(region)	Palatinate
/wiki/Judeo-Shirazi	Judaeo-Shirazi
/wiki/Yemenite_Hebrew	Yemenite
/wiki/The_Jewish_Tribune_(UK)	Jewish Tribune
/wiki/Minyan	Minyan
/wiki/Lithuanian_Jews	Lithuanian Jews
/wiki/Jewish_culture	Culture
/wiki/Politics_of_Israel	Politics of Israel
/wiki/Ashkenazi_Jewish_intelligence	Jewish intelligence
/wiki/Ethnologue	Ethnologue
/wiki/East_Franconian	East Franconian
/wiki/Haggadah	Haggadah
/wiki/Encyclopedia_Americana	Encyclopedia Americana
/wiki/North_Germanic_languages	North
Germanic
/wiki/Jewish_schisms	Schisms
/wiki/Uriel_Weinreich	Weinreich, Uriel
/wiki/Sefer_Torah	Sefer Torah
/wiki/Montevideo	Montevideo
/wiki/Judeo-Persian	Judeo-Persian
/wiki/Israel	Israel
/wiki/Synagogue	synagogue
/wiki/Nevi%27im	Nevi'im
/wiki/Juhuri_language	Juhuri
/wiki/Cairo_Geniza	geniza of a Cairo synagogue
/wiki/Prestwich	Prestwich
/wiki/Tkhine	Tkhines
/wiki/Orthodox_Judaism	Orthodox Jewish
/wiki/Low_German	Low German
/wiki/Yeshivish	Yeshivish
/wiki/Persecution_of_Jews	Persecution
/wiki/In_Memory_Yet_Green	In Memory Yet Green
/wiki/Upper_German	Upper
German
/wiki/Hiloni	Hiloni
/wiki/Kabbalah	Kabbalah
/wiki/University_of_Buenos_Aires	University of Buenos Aires
/wiki/Indiana_University,_Bloomington	Indiana University, Bloomington
/wiki/Slavic_languages	Slavic languages
/wiki/Lund_University	Lund University
/wiki/Latvia	Latvia
/wiki/Nehemia	Nehemia
/wiki/Bundism	Bundism
/wiki/Judeo-Arabic	Judeo-Arabic
/wiki/Jews_and_Judaism_in_the_Jewish_Autonomous_Oblast	Jews and Judaism in the Jewish Autonomous Oblast
/wiki/Arabic	Arabic
/wiki/Bourgeois	bourgeois
/wiki/Soviet_Union	Soviet Union
/wiki/Modern_Gutnish	Gutnish
/wiki/Christian%E2%80%93Jewish_reconciliation	Christian–Jewish reconciliation
/wiki/Jewish_diaspora	Diaspora
/wiki/Nynorsk	Nynorsk
/wiki/Saterland_Frisian_language	Saterland Frisian
/wiki/United_Kingdom	United Kingdom
/wiki/Colonia_Tovar_dialect	Colonia Tovar
/wiki/General_Zionists	General
/wiki/Gartel	Gartel
/wiki/Tzniut	Tzniut
/wiki/Racial_antisemitism	Racial
/wiki/Vikv%C3%A6rsk	Vikværsk
/wiki/Herod_the_Great	Herod
/wiki/Kohen	Kohen
/wiki/Jewish_right	Right
/wiki/Moses_Sofer	Moses Sofer
/wiki/Golda_Meir	Golda Meir
/wiki/Scanian_dialect	Scanian
/wiki/Lithuania	Lithuania
/wiki/Haketia	Haketia
/wiki/Conservative_Judaism	Conservative
/wiki/Hasidic	Hasidic
/wiki/Jewish_Encyclopedia	Jewish Encyclopedia
/wiki/Vilnius_University	Vilnius University
/wiki/First_Jewish%E2%80%93Roman_War	First Jewish–Roman War
/wiki/Aliyah	Aliyah
/wiki/Argentina	Argentina
/wiki/Chernivtsi	Chernivtsi
/wiki/Yiddish_Book_Center	Yiddish Book Center
/wiki/Mezuzah	Mezuzah
/wiki/Demographics	demographic
/wiki/Rosh_yeshiva	Rosh yeshiva
/wiki/Connecticut	Connecticut
/wiki/Paul_Robert_Magocsi	Paul Robert Magocsi
/wiki/Wymysorys_language	Wymysorys
/wiki/Teaneck,_NJ	Teaneck
/wiki/Jewish_ethics	Ethics
/wiki/Ashkenazi_Jews	Ashkenazi Jews
/wiki/Eastern_Yiddish	Eastern Yiddish
/wiki/Yiddish_grammar	Yiddish grammar
/wiki/Middle_High_German	Middle High German
/wiki/University_of_Michigan	University of Michigan
/wiki/Ezra	Ezra
/wiki/Dovid_Katz	Dovid Katz
/wiki/Noahidism	Noahidism
/wiki/East_Frisian_Low_Saxon	East Frisian Low Saxon
/wiki/Jews_as_the_chosen_people	Chosen people
/wiki/Kaddish	Kaddish
/wiki/Holocaust_theology	Holocaust theology
/wiki/Solomon	Solomon
/wiki/Jewish_exodus_from_Arab_and_Muslim_countries	Jewish immigrants from Arab countries
/wiki/Romaniote_Jews	Romaniote Jews
/wiki/Yinglish	Yinglish
/wiki/Gl%C3%BCckel_of_Hameln	Glückel of Hameln
/wiki/Baghdadi_Jews	Baghdadi Jews
/wiki/Hebrew_script	Hebrew script
/wiki/Jud%C3%A6o-Iranian_languages	Judæo-Iranian
/wiki/Jewish_views_on_religious_pluralism	Jewish views on religious pluralism
/wiki/Essenes	Essenes
/wiki/Emory_University	Emory University
/wiki/Chesed	Chesed
/wiki/London	London
/wiki/Scribe	Scribe
/wiki/Swedish_language	Swedish
/wiki/Kanader_Adler	Kanader Adler
/wiki/Abraham_Joshua_Heschel	Abraham Joshua Heschel
/wiki/Lubavitch	Lubavitch
/wiki/613_commandments	613 commandments
/wiki/Avrohom_Yeshaya_Karelitz	Avrohom Yeshaya Karelitz
/wiki/God_of_Abraham	Got fun Avrohom
/wiki/Gersonides	Gersonides
/wiki/Isaac	Isaac
/wiki/Rabbinic_Judaism	Rabbinic
/wiki/Shidduch	Shidduch
/wiki/Faroese_language	Faroese
/wiki/New_antisemitism	New
/wiki/Shmuel_Kamenetsky	Shmuel Kamenetsky
/wiki/Vienna	Vienna
/wiki/Edah_HaChareidis	Edah HaChareidis
/wiki/Danish_language	Danish
/wiki/Biblical_Hebrew	Biblical
/wiki/Passaic,_NJ	Passaic
/wiki/Shema_Yisrael	Shema Yisrael
/wiki/Modern_Language_Association	Modern Language Association
/wiki/United_States_Census,_2000	2000 census
/wiki/Orthodox_Judaism	Orthodox Jews
/wiki/Temple_in_Jerusalem	Temple
/wiki/University_of_Maryland	University of Maryland
/wiki/Argot	Argots
/wiki/Massachusetts	Massachusetts
/wiki/Judeo-Aramaic_language	Judeo-Aramaic
/wiki/Jewish_religious_terrorism	Religious Terrorism
/wiki/Zionism	Zionism
/wiki/Indo-European_languages	Indo-European
/wiki/Monash_University	Monash University
/wiki/Bnei_Brak	Bnei Brak
/wiki/Encyclopaedia_Judaica	Encyclopaedia Judaica
/wiki/New_York_City_English	New York dialect
/wiki/David	David
/wiki/Sweden	Sweden
/wiki/Menorah_(Temple)	Menorah
/wiki/List_of_Tosafists	Tosafists
/wiki/Judeo-Yemeni_Arabic	Judaeo-Yemeni
/wiki/Samaritan_Hebrew_language	Samaritan Hebrew
/wiki/Russia	Russia
/wiki/Mizrahim	Mizrachi
/wiki/McGill_University	McGill University
/wiki/Romania	Romania
/wiki/Hasmonean_dynasty	Hasmonean dynasty
/wiki/Yiddish_theater	Yiddish theater
/wiki/Judaeo-Proven%C3%A7al	Judaeo-Provençal
/wiki/Saul_Bellow	Saul Bellow
/wiki/Christianity_and_Judaism	Christianity
/wiki/List_of_Yiddish_language_poets	List of Yiddish language poets
/wiki/Mishnah	Mishnah
/wiki/Isaac_Abravanel	Isaac Abravanel
/wiki/Beth_din	Beth din
/wiki/Shofar	Shofar
/wiki/Yiddish_orthography	Yiddish orthography
/wiki/Klezmer-loshn	Klezmer-loshn
/wiki/Icelandic_language	Icelandic
/wiki/Gender_and_Judaism	Gender
/wiki/Raphael_Finkel	Raphael Finkel
/wiki/New_Square,_New_York	New Square
/wiki/Solomon_Birnbaum	Solomo Birnbaum
/wiki/A_language_is_a_dialect_with_an_army_and_navy	A language is a dialect with an army and navy
/wiki/Hebrew_name	Hebrew name
/wiki/St._Petersburg	St. Petersburg
/wiki/Der_Yid	Der Yid
/wiki/Max_Weinreich	Max Weinreich
/wiki/Seven_Laws_of_Noah	Seven Laws of Noah
/wiki/Kebabnorsk	Kebabnorsk
/wiki/Book_of_Ruth	Ruth
/wiki/Vilnius	Vilna
/wiki/Dora_Wasserman_Yiddish_Theatre	Dora Wasserman Yiddish Theatre
/wiki/Rebbe	rebbes
/wiki/Solomon_Birnbaum	Birnbaum, Solomon
/wiki/Belarus	Belarus
/wiki/National_Film_Registry	National Film Registry
/wiki/Perkerdansk	Perkerdansk
/wiki/Bar_Kokhba_revolt	Bar Kokhba revolt
/wiki/Jewish_left	Left
/wiki/Serhy_Yekelchyk	Serhy Yekelchyk
/wiki/Joseph_Breuer	Joseph Breuer
/wiki/Who_is_a_Jew%3F	Who is a Jew?
/wiki/Near_East	Near East
/wiki/University_College_London	University College London
/wiki/Siddur	Siddur
/wiki/List_of_English_words_of_Yiddish_origin	List of English words of Yiddish origin
/wiki/Abrahamic_religions	Abrahamic religions
/wiki/Satmar_(Hasidic_dynasty)	Satmar
/wiki/Jews_in_Turkey	Turkish Jews
/wiki/Herbert_H._Lehman	Herbert H. Lehman
/wiki/Printing_press	printing press
/wiki/University_of_Virginia	University of Virginia
/wiki/Judaeo-French	Judaeo-French
/wiki/David_Ben-Gurion	David Ben-Gurion
/wiki/Crimean_Karaites	Crimean Karaites
/wiki/Valdris	Valdris
/wiki/Hutterite_German	Hutterite German
/wiki/Yosef_Karo	Yosef Karo
/wiki/Judeo-Iraqi_Arabic	Judaeo-Iraqi
/wiki/Elfdalian	Elfdalian
/wiki/Uruguay	Uruguay
/wiki/Jewish_ethnic_divisions	Jewish groups
/wiki/Hebron	Hebron
/wiki/Library_of_Congress	Library of Congress
/wiki/Sephardi_Jews	Sephardi Jews
/wiki/University_of_D%C3%BCsseldorf	University of Düsseldorf
/wiki/Algemeiner_Journal	Algemeiner Journal
/wiki/Upper_Saxon_German	Upper Saxon
/wiki/Berber_languages	Berber
/wiki/Keith_Brown_(linguist)	Keith Brown
/wiki/North_Frisian_language	North Frisian
/wiki/Jewish_religious_movements	Religious
movements
/wiki/Judah_(biblical_person)	Judah
/wiki/Yiddish_Theater_District	Yiddish Theater District
/wiki/Lubavitcher	Lubavitcher
/wiki/Betanure_Jewish_Neo-Aramaic	Betanure Jewish Neo-Aramaic
/wiki/Tevye	Tevye the Dairyman
/wiki/Central_Europe	Central Europe
/wiki/Judaism_by_country	Judaism by country
/wiki/Abraham_Geiger	Abraham Geiger
/wiki/Jewish_English_languages	Jewish English
/wiki/Mordecai_Kaplan	Mordecai Kaplan
/wiki/High_Holidays	High Holy Days
/wiki/Sephardic	Sephardic
/wiki/Dr%C3%A8ents	Drèents
/wiki/Crown_Heights,_Brooklyn	Crown Heights
/wiki/Sephardim	Sephardim
/wiki/Hebrew_calendar	Hebrew calendar
/wiki/Scots_language	Scots
/wiki/Jewish_feminism	Feminism
/wiki/Niddah	Niddah
/wiki/Jewish_vegetarianism	Vegetarianism
/wiki/Central_Bavarian	Central Bavarian
/wiki/YIVO	YIVO
/wiki/Samaritans	Samaritans
/wiki/Judeo-Malayalam	Judaeo-Malayalam
/wiki/High_German_languages	High
German
/wiki/Shulchan_Aruch	Shulchan Aruch
/wiki/University_of_Chicago	University of Chicago
/wiki/Kalix_dialect	Kalix
/wiki/Baal_teshuva_movement	Baal teshuva movement
/wiki/Rebbe	Rebbe
/wiki/Sadducees	Sadducees
/wiki/Bene_Israel	Bene Israel
/wiki/South_Jutlandic	South
/wiki/Southern_Bavarian	Southern Bavarian
/wiki/World_War_II	World War II
/wiki/List_of_English_words_of_Yiddish_origin	list of English words of Yiddish origin
/wiki/Joshua_Fishman	Fishman, Joshua A.
/wiki/Rabbi	Rabbi
/wiki/Modern_Hebrew	Modern
/wiki/Jutlandic_dialect	Jutlandic
/wiki/Speyer	Speyer
/wiki/Homosexuality_and_Judaism	Homosexuality
/wiki/Jud%C3%A6o-Iranian_languages	Judaeo-Iranian
/wiki/Ellis_Island	Ellis Island
/wiki/Spain	Spanish
/wiki/Jud%C3%A6o-Marathi	Judaeo-Marathi
/wiki/Kippah	Kippah/Yarmulke
/wiki/Samson_Raphael_Hirsch	Samson Raphael Hirsch
/wiki/Stockholm_dialects	Stockholm
