/wiki/Yukinobu_Hoshino	Yukinobu Hoshino
/wiki/Hisashi_Eguchi	Hisashi Eguchi
/wiki/Leiji_Matsumoto	Leiji Matsumoto
/wiki/Mamoru_Oshii	Mamoru Oshii
/wiki/Mangaka	Mangaka
/wiki/Harem_(genre)	Harem
/wiki/Yuri_(genre)	Yuri
/wiki/Junichi_Sato	Junichi Sato
/wiki/Manga_iconography	Iconography
/wiki/Osamu_Tezuka	Osamu Tezuka
/wiki/Fandub	Fandub
/wiki/Tomoharu_Katsumata	Tomoharu Katsumata
/wiki/Anime_industry	Industry
/wiki/Katsuji_Matsumoto	Katsuji Matsumoto
/wiki/Year_24_Group	Year 24 Group
/wiki/Clamp_(manga_artists)	Clamp
/wiki/Masamune_Shirow	Masamune Shirow
/wiki/Yaoi_fandom	Yaoi fandom
/wiki/Anime_convention	Conventions
/wiki/Ikki_Kajiwara	Ikki Kajiwara
/wiki/Tadao_Nagahama	Tadao Nagahama
/wiki/Kazuo_Koike	Kazuo Koike
/wiki/Fansub	Fansub
/wiki/Cosplay	Cosplay
/wiki/Original_video_animation	Original video animation
/wiki/Japan_Media_Arts_Festival	Japan Media Arts Festival
/wiki/Shinji_Nagashima	Shinji Nagashima
/wiki/Ken_Ishikawa	Ken Ishikawa
/wiki/Takao_Saito	Takao Saito
/wiki/Shigeru_Mizuki	Shigeru Mizuki
/wiki/Ryoichi_Ikegami	Ryoichi Ikegami
/wiki/Rintaro	Rintaro
/wiki/Shukan_Shonen_Jump	Shukan Shonen Jump
/wiki/Daisuke_Nishio	Daisuke Nishio
/wiki/Masami_Kurumada	Masami Kurumada
/wiki/Encyclopedia_of_Science_Fiction	Encyclopedia of Science Fiction
/wiki/Omake	Omake
/wiki/Yoshiaki_Kawajiri	Yoshiaki Kawajiri
/wiki/Anime	Anime
/wiki/Satoshi_Kon	Satoshi Kon
/wiki/Seinen_manga	Seinen
/wiki/K%C5%8Dichi_Mashimo	Kōichi Mashimo
/wiki/Tetsuo_Hara	Tetsuo Hara
/wiki/Kushiro	Kushiro
/wiki/2001_Nights	2001 Nights
/wiki/Mangaka	Manga artist
/wiki/Hayao_Miyazaki	Hayao Miyazaki
/wiki/Isao_Takahata	Isao Takahata
/wiki/Alternative_manga	Alternative
/wiki/Sh%C5%8Dji_Kawamori	Shōji Kawamori
/wiki/Shotaro_Ishinomori	Shotaro Ishinomori
/wiki/Osamu_Dezaki	Osamu Dezaki
/wiki/British_Museum	British Museum
/wiki/Yaoi	Yaoi
/wiki/Jonathan_Clements	Jonathan Clements
/wiki/Hideo_Azuma	Hideo Azuma
/wiki/Daijiro_Morohoshi	Daijiro Morohoshi
/wiki/Hideaki_Anno	Hideaki Anno
/wiki/Graphic_novel	graphic novel
/wiki/Otaku	Otaku
/wiki/History_of_manga	History
/wiki/Aichi_Prefectural_University_of_Fine_Arts_and_Music	Aichi Prefectural University of Fine Arts and Music
/wiki/Anime_News_Network	Anime News Network
/wiki/Kunihiko_Ikuhara	Kunihiko Ikuhara
/wiki/D%C5%8Djinshi	Dōjinshi
/wiki/George_Akiyama	George Akiyama
/wiki/Akira_Toriyama	Akira Toriyama
/wiki/Magical_girl	Magical girl
/wiki/Big_Comic	Big Comic
/wiki/Fujio_Akatsuka	Fujio Akatsuka
/wiki/Go_Nagai	Go Nagai
/wiki/Blue_Hole_(manga)	Blue Hole
/wiki/Hideko_Mizuno	Hideko Mizuno
/wiki/Rakuten_Kitazawa	Rakuten Kitazawa
/wiki/Hokkaid%C5%8D	Hokkaidō
/wiki/Sanpei_Shirato	Sanpei Shirato
/wiki/British_Museum_Press#British_Museum_Press	British Museum Press
/wiki/Josei_manga	Josei
/wiki/Scanlation	Scanlation
/wiki/Eiichiro_Oda	Eiichiro Oda
/wiki/Kyoko_Okazaki	Kyoko Okazaki
/wiki/Tatsuo_Yoshida	Tatsuo Yoshida
/wiki/Anime_music_video	Anime music video
/wiki/Hiroshi_Sasagawa	Hiroshi Sasagawa
/wiki/Gekiga	gekiga
/wiki/Original_net_animation	Original net animation
/wiki/Gisabur%C5%8D_Sugii	Gisaburō Sugii
/wiki/Mitsuru_Adachi	Mitsuru Adachi
/wiki/Manga	Manga
/wiki/Shinji_Mizushima	Shinji Mizushima
/wiki/Mecha_anime	Mecha
/wiki/Manga	manga
