/wiki/Xerox	Xerox
/wiki/Webster_(town),_New_York	Webster, New York
/wiki/Consent_decree	consent decree
/wiki/CA_Technologies	CA Technologies
/wiki/Lexmark	Lexmark
/wiki/Adobe_Systems	Adobe Systems
/wiki/Lenovo	Lenovo
/wiki/Xerography	Xerography
/wiki/Tata_Teleservices	Tata Teleservices
/wiki/Nvidia	Nvidia
/wiki/Solid_ink	solid ink
/wiki/BT_Group	BT Group
/wiki/Chermayeff_%26_Geismar	Chermayeff & Geismar
/wiki/Micromax_Mobile	Micromax Mobile
/wiki/Huawei	Huawei
/wiki/IBM_Global_Services	IBM Global Services
/wiki/Addressograph	Addressograph-Multigraph
/wiki/Deloitte	Deloitte
/wiki/Agfa-Gevaert	Agfa-Gevaert
/wiki/Xerox_914	Xerox 914
/wiki/Charles_Peter_McColough	C. Peter McColough
/wiki/SanDisk	SanDisk
/wiki/Vodafone	Vodafone
/wiki/Samsung_Electronics	Samsung Electronics
/wiki/Rostrum_camera	rostrum camera
/wiki/Olympus_Corporation	Olympus Corporation
/wiki/HP_Inc.	HP Inc.
/wiki/Desktop_computing	desktop computing
/wiki/NCR_Corporation	NCR
/wiki/Bharti_Airtel	Bharti Airtel
/wiki/AOL	AOL
/wiki/Twitter	Twitter
/wiki/WIMP_(computing)	WIMP
/wiki/Hewlett_Packard_Enterprise	Hewlett Packard Enterprise
/wiki/Netflix	Netflix
/wiki/Booz_Allen_Hamilton	Booz Allen Hamilton
/wiki/Freescale_Semiconductor	Freescale Semiconductor
/wiki/SK_Telecom	SK Telecom
/wiki/SK_Hynix	SK Hynix
/wiki/Facebook	Facebook
/wiki/MediaTek	MediaTek
/wiki/Securities_and_Exchange_Commission	Securities and Exchange Commission
/wiki/Intuit	Intuit
/wiki/Nokia_Networks	Nokia Networks
/wiki/NTT_DATA	NTT DATA
/wiki/Rochester,_New_York	Rochester, New York
/wiki/Oi_(telecommunications)	Oi
/wiki/JBIG2	JBIG2
/wiki/Personal_computer	personal computer
/wiki/Amazon.com	Amazon.com
/wiki/Document_management_system	Document services
/wiki/Photocopier	photocopier
/wiki/Ursula_Burns	Ursula Burns
/wiki/NEC	NEC
/wiki/Apple_Inc.	Apple Inc.
/wiki/Xerox_PARC	Xerox PARC
/wiki/Chester_Carlson	Chester Carlson
/wiki/NetEase	NetEase
/wiki/Xerox_Alto	Xerox Alto
/wiki/Canon_Inc.	Canon Inc.
/wiki/Asus	Asus
/wiki/Ethernet	Ethernet
/wiki/Wincor_Nixdorf	Wincor Nixdorf
/wiki/Personal_computing	personal computing
/wiki/Juniper_Networks	Juniper Networks
/wiki/Oppo_Electronics	Oppo
/wiki/Plextor	Plextor
/wiki/SAP_SE	SAP SE
/wiki/Orange_S.A.	Orange S.A.
/wiki/Fuji_Xerox	Fuji Xerox
/wiki/Hitachi_Data_Systems	Hitachi Data Systems
/wiki/Wistron_Corporation	Wistron Corporation
/wiki/India	India
/wiki/Quanta_Computer	Quanta
/wiki/KDDI	KDDI
/wiki/WYSIWYG	WYSIWYG
/wiki/Xerox_Star	Xerox 8010 Star
/wiki/Sanmina_Corporation	Sanmina Corporation
/wiki/Accenture	Accenture
/wiki/Cognizant	Cognizant
/wiki/Infosys	Infosys
/wiki/Sharp_Corporation	Sharp
/wiki/Xerox_India	Xerox India
/wiki/STMicroelectronics	STMicroelectronics
/wiki/Comcast	Comcast
/wiki/Offset_printing	offset printing
/wiki/LG_Electronics	LG Electronics
/wiki/3D_Systems	3D Systems
/wiki/Fujitsu	Fujitsu
/wiki/Star_Micronics	Star Micronics
/wiki/Rank_Xerox	Rank Xerox
/wiki/Duopoly	duopolize
/wiki/China_Telecom	China Telecom
/wiki/Orange_Business_Services	Orange Business Services
/wiki/Toronto_Star	Toronto Star
/wiki/Fujifilm	Fujifilm
/wiki/EBay	eBay
/wiki/Hitachi_Consulting	Hitachi Consulting
/wiki/Ricoh	Ricoh
/wiki/BlackBerry_Limited	BlackBerry Limited
/wiki/Joseph_C._Wilson_(entrepreneur)	Joe Wilson
/wiki/Meizu	Meizu
/wiki/Mainframe_computer	mainframe computers
/wiki/John_H._Dessauer	John H. Dessauer
/wiki/Unisys	Unisys
/wiki/Joseph_C._Wilson_(entrepreneur)	Joseph C. Wilson
/wiki/Xerox_Phaser	Xerox Phaser
/wiki/ON_Semiconductor	ON Semiconductor
/wiki/Symantec	Symantec
/wiki/Eastman_Kodak	Eastman Kodak
/wiki/KPMG	KPMG
/wiki/DocuTech	DocuTech
/wiki/List_of_largest_Internet_companies	Largest Internet companies
/wiki/Print_server	print servers
/wiki/Computer_mouse	computer mouse
/wiki/Outsourcing	outsourcing
/wiki/E-mail	e-mail
/wiki/Net_income	Net income
/wiki/Paul_Allaire	Paul Allaire
/wiki/Simon_%26_Schuster	Simon & Schuster
/wiki/HP_Enterprise_Services	HP Enterprise Services
/wiki/File_server	file servers
/wiki/Mahanagar_Telephone_Nigam	Mahanagar Telephone Nigam
/wiki/Kingston_Technology	Kingston Technology
/wiki/Motorola_Solutions	Motorola Solutions
/wiki/Fortune_500	Fortune 500
/wiki/Sony	Sony
/wiki/Anne_M._Mulcahy	Anne M. Mulcahy
/wiki/Sprint_Corporation	Sprint Corporation
/wiki/Samsung_Electronics	Samsung
/wiki/CenturyLink	CenturyLink
/wiki/Transcend_Information	Transcend Information
/wiki/HCL_Technologies	HCL Technologies
/wiki/Qualcomm	Qualcomm
/wiki/Laser_printer	laser printing
/wiki/Business_consulting	business processes
/wiki/Capgemini	Capgemini
/wiki/Tata_Consultancy_Services	Tata Consultancy Services
/wiki/Western_Digital	Western Digital
/wiki/Telef%C3%B3nica	Telefónica
/wiki/G._Richard_Thoman	G. Richard Thoman
/wiki/SDS_Sigma_series	Sigma
/wiki/Microsoft	Microsoft
/wiki/Information_technology	information technology
/wiki/JD.com	JD.com
/wiki/HTC	HTC
/wiki/TSMC	TSMC
/wiki/Celestica	Celestica
/wiki/Seagate_Technology	Seagate Technology
/wiki/Computer_Sciences_Corporation	Computer Sciences Corporation
/wiki/Groupon	Groupon
/wiki/Xerox_9700	Xerox 9700
/wiki/Autodesk	Autodesk
/wiki/David_T._Kearns	David T. Kearns
/wiki/VMware	VMware
/wiki/Oracle_Corporation	Oracle Corporation
/wiki/Idea_Cellular	Idea Cellular
/wiki/Avaya	Avaya
/wiki/HP_Software_Division	HP Software Division
/wiki/Ericsson	Ericsson
/wiki/Image_projector	projectors
/wiki/Scientific_Data_Systems	Scientific Data Systems
/wiki/Marvell_Technology_Group	Marvell Technology Group
/wiki/Nokia	Nokia
/wiki/Motorola_Mobility	Motorola Mobility
/wiki/Naver_Corporation	Naver
/wiki/IBM_3800	3800
/wiki/Asia	Asia
/wiki/New_York_Stock_Exchange	New York Stock Exchange
/wiki/Hisense	Hisense
/wiki/SoftBank_Mobile	SoftBank Mobile
/wiki/Alibaba_Group	Alibaba Group
/wiki/Indra_Sistemas	Indra Sistemas
/wiki/Desktop_metaphor	desktop metaphor
/wiki/Microsoft_Mobile	Microsoft Mobile
/wiki/Xerox_Tower	Xerox Tower
/wiki/Verizon_Communications	Verizon Communications
/wiki/AT%26T	AT&T
/wiki/Baidu	Baidu
/wiki/NTT_DoCoMo	NTT DoCoMo
/wiki/University_Microfilms_International	University Microfilms International
/wiki/Smithsonian_Institution	Smithsonian Institution
/wiki/Alcatel-Lucent	Alcatel-Lucent
/wiki/TCL_Corporation	TCL Corporation
/wiki/Copier	copier
/wiki/Salesforce.com	Salesforce.com
/wiki/CGI_Group	CGI Group
/wiki/Toshiba	Toshiba
/wiki/Nikon	Nikon
/wiki/Casio	Casio
/wiki/LenovoEMC	LenovoEMC
/wiki/Henrietta,_New_York	Henrietta, New York
/wiki/Xiaomi	Xiaomi
/wiki/United_Microelectronics_Corporation	United Microelectronics Corporation
/wiki/Reliance_Communications	Reliance Communications
/wiki/Internetworking	internetworking
/wiki/Advanced_Micro_Devices	Advanced Micro Devices
/wiki/American_history	American history
/wiki/Google	Google
/wiki/Wipro	Wipro
/wiki/Konica	Konica
/wiki/Intel	Intel
/wiki/ZTE	ZTE
/wiki/Brand	brand
/wiki/GlobalFoundries	GlobalFoundries
/wiki/Ursula_M._Burns	Ursula M. Burns
/wiki/G._Richard_Thoman	Richard Thoman
/wiki/US$	US$
/wiki/Telecom_Italia	Telecom Italia
/wiki/Cisco_Systems	Cisco Systems
/wiki/Apple_Lisa	Apple Lisa
/wiki/Flextronics	Flextronics
/wiki/African_American	African American
/wiki/Inspur	Inspur
/wiki/Yahoo!	Yahoo!
/wiki/Xolo_(company)	Xolo
/wiki/Acer_Inc.	Acer Inc.
/wiki/Alcatel_Mobile_Phones	Alcatel Mobile Phones
/wiki/Harris_Corporation#RF_Communications	Harris RF Communications
/wiki/Super_Bowl_advertising	Super Bowl commercial
/wiki/Micron_Technology	Micron Technology
/wiki/PARC_Universal_Packet	PARC Universal Packet
/wiki/NXP_Semiconductors	NXP Semiconductors
/wiki/Photocopier	Copiers
/wiki/KPN	KPN
/wiki/Crum_%26_Forster	Crum & Forster
/wiki/KT_Corporation	KT Corporation
/wiki/Pacific	Pacific
/wiki/Renesas_Electronics	Renesas Electronics
/wiki/David_Owen_(author)	David Owen
/wiki/Honeywell	Honeywell
/wiki/Revenue	revenues
/wiki/NetApp	NetApp
/wiki/Image_scanner	scanners
/wiki/Flipkart	Flipkart
/wiki/Panasonic	Panasonic
/wiki/MTS_(network_provider)	MTS
/wiki/Stamford,_Connecticut	Stamford, Connecticut
/wiki/IBM	IBM
/wiki/Foxconn	Foxconn
/wiki/Broadcom	Broadcom
/wiki/Bharat_Sanchar_Nigam_Limited	Bharat Sanchar Nigam Limited
/wiki/Fax_machine	fax machines
/wiki/Infineon_Technologies	Infineon Technologies
/wiki/List_of_the_largest_software_companies	Largest software companies
/wiki/Semiconductor_sales_leaders_by_year	Semiconductor sales leaders by year
/wiki/Lava_Mobiles	Lava Mobiles
/wiki/S%26P_500	S&P 500 Component
/wiki/China_Unicom	China Unicom
/wiki/Gary_Starkweather	Gary Starkweather
/wiki/Offset_lithography	offset lithography
/wiki/Nippon_Telegraph_and_Telephone	Nippon Telegraph and Telephone
/wiki/Am%C3%A9rica_M%C3%B3vil	América Móvil
/wiki/R.R._Bowker	R.R. Bowker
/wiki/Vivendi	Vivendi
/wiki/EMC_Corporation	EMC Corporation
/wiki/YU_Televentures	YU Televentures
/wiki/VIA_Technologies	VIA Technologies
/wiki/Patent	patent
/wiki/Atos	Atos
/wiki/IAC/InterActiveCorp	IAC/InterActiveCorp
/wiki/TPV_Technology	TPV Technology
/wiki/Dell	Dell
/wiki/Chicago_Stock_Exchange	Chicago Stock Exchange
/wiki/Hutchison_Asia_Telecommunications	Hutchison Asia Telecommunications
/wiki/Affiliated_Computer_Services	Affiliated Computer Services
/wiki/Kyocera	Kyocera
/wiki/Federal_Trade_Commission	Federal Trade Commission
/wiki/Greater_Toronto%27s_Top_Employers	Greater Toronto's Top Employers
/wiki/Graphical_user_interface	graphical user interface
/wiki/Oxford_English_Dictionary	Oxford English Dictionary
/wiki/ADATA	ADATA
/wiki/Paper	plain paper
/wiki/Compal_Electronics	Compal Electronics
/wiki/Norwalk,_Connecticut	Norwalk, Connecticut
/wiki/Mitsubishi_Electric	Mitsubishi Electric
/wiki/T-Systems	T-Systems
/wiki/Archie_McCardell	Archie McCardell
/wiki/Jabil_Circuit	Jabil Circuit
/wiki/Yandex	Yandex
/wiki/Texas_Instruments	Texas Instruments
/wiki/Frederic_M._Scherer	Frederic M. Scherer
/wiki/Silicon_Power	Silicon Power
/wiki/Seiko_Epson	Seiko Epson
/wiki/Deutsche_Telekom	Deutsche Telekom
/wiki/Rakuten	Rakuten
/wiki/MTN_Group	MTN
/wiki/China_Mobile	China Mobile
/wiki/Apple_Macintosh	Apple Macintosh
/wiki/Konica_Minolta	Konica Minolta
/wiki/CACI	CACI
/wiki/Photocopier#Color_photocopiers	color copier
/wiki/Paul_Allaire	Paul A. Allaire
/wiki/Bell_Canada	Bell Canada
/wiki/Workstation	workstation
/wiki/Jack_Eagle	Jack Eagle
/wiki/Apple_Inc	Apple
/wiki/MCI_Communications	MCI
/wiki/Pegatron	Pegatron
/wiki/Office_equipment	office equipments
/wiki/Digital_China	Digital China
/wiki/Tektronix	Tektronix
/wiki/Karbonn_Mobiles	Karbonn Mobiles
/wiki/Verb	verb
/wiki/Tencent	Tencent
/wiki/Integrated_Micro-Electronics,_Inc.	Integrated Micro-Electronics, Inc.
/wiki/BT_Global_Services	BT Global Services
/wiki/VimpelCom_Ltd.	VimpelCom
/wiki/Profit_(accounting)	profits
