/wiki/List_of_anthropologists	List of anthropologists
/wiki/Alfred_Reginald_Radcliffe-Brown	Alfred Reginald Radcliffe-Brown
/wiki/Daniel_Jackson_(Stargate)	Daniel Jackson
/wiki/Kathy_Reichs	Kathy Reichs
/wiki/James_Spader	James Spader
/wiki/Wilhelm_Radloff	Wilhelm Radloff
/wiki/Sergei_Kan	Sergei Kan
/wiki/Nigel_Barley_(anthropologist)	Nigel Barley
/wiki/Phil_Collins	Phil Collins
/wiki/Meyer_Fortes	Meyer Fortes
/wiki/Arthur_Maurice_Hocart	Arthur Maurice Hocart
/wiki/Dorinne_K._Kondo	Dorinne K. Kondo
/wiki/Alfred_L._Kroeber	Alfred L. Kroeber
/wiki/Charlotte_Lewis_(Lost)	Charlotte Lewis
/wiki/Rebecca_Mader	Rebecca Mader
/wiki/Pierre_Bourdieu	Pierre Bourdieu
/wiki/Christoph_von_F%C3%BCrer-Haimendorf	Christoph von Fürer-Haimendorf
/wiki/Bronis%C5%82aw_Malinowski	Bronisław Malinowski
/wiki/Adam_Kuper	Adam Kuper
/wiki/Hortense_Powdermaker	Hortense Powdermaker
/wiki/Stanley_Diamond	Stanley Diamond
/wiki/Leslie_White	Leslie White
/wiki/Laura_Nader	Laura Nader
/wiki/Claude_L%C3%A9vi-Strauss	Claude Lévi-Strauss
/wiki/Jane_Curtin	Jane Curtin
/wiki/Richard_Leakey	Richard Leakey
/wiki/Wilhelm_Bleek	Wilhelm Bleek
/wiki/Phillip_McArthur	Phillip McArthur
/wiki/Hilma_Granqvist	Hilma Granqvist
/wiki/Talal_Asad	Talal Asad
/wiki/Andrey_Korotayev	Andrey Korotayev
/wiki/Mary_Albright	Mary Albright
/wiki/Eric_Wolf	Eric Wolf
/wiki/Marvin_Opler	Marvin Opler
/wiki/Earnest_Hooton	Earnest Hooton
/wiki/Temperance_%22Bones%22_Brennan	Temperance "Bones" Brennan
/wiki/Henrietta_L._Moore	Henrietta L. Moore
/wiki/Giulio_Angioni	Giulio Angioni
/wiki/Regna_Darnell	Regna Darnell
/wiki/Gerardo_Reichel-Dolmatoff	Gerardo Reichel-Dolmatoff
/wiki/W._H._R._Rivers	W. H. R. Rivers
/wiki/Eugene_Dubois	Eugene Dubois
/wiki/Ian_Hodder	Ian Hodder
/wiki/Fredrik_Barth	Fredrik Barth
/wiki/James_Ferguson_(anthropologist)	James Ferguson
/wiki/Jacob_Grimm	Jacob Grimm
/wiki/Nancy_Lurie	Nancy Lurie
/wiki/Marshall_Sahlins	Marshall Sahlins
/wiki/Star_Trek:_Voyager	Star Trek: Voyager
/wiki/Bones_(TV_series)	Bones
/wiki/Robert_Lowie	Robert Lowie
/wiki/John_Alden_Mason	John Alden Mason
/wiki/Lewis_H._Morgan	Lewis H. Morgan
/wiki/Noel_B._Salazar	Noel B. Salazar
/wiki/Keith_F._Otterbein	Keith F. Otterbein
/wiki/Hoebel	E. Adamson Hoebel
/wiki/Paul_Broca	Paul Broca
/wiki/Gregory_Bateson	Gregory Bateson
/wiki/A.H.J._Prins	A.H.J. Prins
/wiki/Edmund_Snow_Carpenter	Edmund Carpenter
/wiki/Raymond_J._DeMallie	Raymond J. DeMallie
/wiki/%C3%89mile_Durkheim	Émile Durkheim
/wiki/Roy_Rappaport	Roy Rappaport
/wiki/Mary_Leakey	Mary Leakey
/wiki/Elsie_Clews_Parsons	Elsie Clews Parsons
/wiki/Marcel_Mauss	Marcel Mauss
/wiki/Julian_Steward	Julian Steward
/wiki/Daisy_Bates_(Australia)	Daisy Bates
/wiki/Erland_Nordenski%C3%B6ld	Erland Nordenskiöld
/wiki/Lee_R._Berger	Lee Berger
/wiki/Clifford_Geertz	Clifford Geertz
/wiki/Dian_Fossey	Dian Fossey
/wiki/Paul_Rabinow	Paul Rabinow
/wiki/Murray_Leaf	Murray Leaf
/wiki/Sam_Dunn	Sam Dunn
/wiki/Roger_Sandall	Roger Sandall
/wiki/Victor_Turner	Victor Turner
/wiki/Papua_New-Guinea	Papua New-Guinea
/wiki/Edmund_Leach	Edmund Leach
/wiki/Emily_Deschanel	Emily Deschanel
/wiki/James_Quesada	James Quesada
/wiki/Stargate_SG-1	Stargate SG-1
/wiki/Chakotay	Chakotay
/wiki/Desmond_Morris	Desmond Morris
/wiki/David_Graeber	David Graeber
/wiki/Napoleon_Chagnon	Napoleon Chagnon
/wiki/Eric_Ross	Eric Ross
/wiki/Raymond_D._Fogelson	Raymond D. Fogelson
/wiki/Robert_Beltran	Robert Beltran
/wiki/James_Mooney	James Mooney
/wiki/Clark_Wissler	Clark Wissler
/wiki/Anthropology	anthropology
/wiki/Keith_H._Basso	Keith H. Basso
/wiki/Karl_Verner	Karl Verner
/wiki/Alan_Macfarlane	Alan Macfarlane
/wiki/Nancy_Scheper-Hughes	Nancy Scheper-Hughes
/wiki/Pierre_Clastres	Pierre Clastres
/wiki/George_Murdock	George Murdock
/wiki/Gayle_Rubin	Gayle Rubin
/wiki/3rd_Rock_from_the_Sun	3rd Rock from the Sun
/wiki/Theodore_C._Bestor	Theodore C. Bestor
/wiki/Katherine_Dunham	Katherine Dunham
/wiki/Bronislav_Pilsudski	Bronislav Pilsudski
/wiki/Saba_Mahmood	Saba Mahmood
/wiki/Gananath_Obeyesekere	Gananath Obeyesekere
/wiki/J._Patrick_Gray	J. Patrick Gray
/wiki/Franz_Boas	Franz Boas
/wiki/Jeremy_Narby	Jeremy Narby
/wiki/Ann_Dunham	Ann Dunham
/wiki/Sidney_Mintz	Sidney Mintz
/wiki/Jacquetta_Hawkes	Jacquetta Hawkes
/wiki/Ruth_Benedict	Ruth Benedict
/wiki/Hank_Wesselman	Hank Wesselman
/wiki/Richard_G._Klein	Richard G. Klein
/wiki/Sherry_Ortner	Sherry Ortner
/wiki/Josef_Mengele	Josef Mengele
/wiki/Mary_Douglas	Mary Douglas
/wiki/Carleton_S._Coon	Carleton S. Coon
/wiki/George_Lakoff	George Lakoff
/wiki/Dell_Hymes	Dell Hymes
/wiki/Michel_Foucault	Michel Foucault
/wiki/Ruth_Behar	Ruth Behar
/wiki/Australia	Australia
/wiki/Morris_Opler	Morris Opler
/wiki/Raymond_Dart	Raymond Dart
/wiki/David_Kertzer	David Kertzer
/wiki/Bruce_Trigger	Bruce Trigger
/wiki/Ernesto_de_Martino	Ernesto de Martino
/wiki/E._E._Evans-Pritchard	E. E. Evans-Pritchard
/wiki/Ashley_Montagu	Ashley Montagu
/wiki/Unni_Wikan	Unni Wikan
/wiki/Ales_Hrdlicka	Aleš Hrdlička
/wiki/Hans_Ras	Hans Ras
/wiki/Maurice_Godelier	Maurice Godelier
/wiki/Marilyn_Strathern	Marilyn Strathern
/wiki/Richard_Borshay_Lee	Richard Borshay Lee
/wiki/John_M._Janzen	John M. Janzen
/wiki/Melford_Spiro	Melford Spiro
/wiki/Tobias_Schneebaum	Tobias Schneebaum
/wiki/Louis_Leakey	Louis Leakey
/wiki/Conrad_Kottak	Conrad Kottak
/wiki/Paul_Rivet	Paul Rivet
/wiki/Benjamin_Whorf	Benjamin Whorf
/wiki/Dmitri_Bondarenko	Dmitri Bondarenko
/wiki/Harald_E.L._Prins	Harald E.L. Prins
/wiki/Raoul_Naroll	Raoul Naroll
/wiki/Marvin_Harris	Marvin Harris
/wiki/Max_Gluckman	Max Gluckman
/wiki/William_Sturtevant	William Sturtevant
/wiki/R._Tom_Zuidema	R. Tom Zuidema
/wiki/Lewis_Binford	Lewis Binford
/wiki/Michael_Harner	Michael Harner
/wiki/Bruce_Parry	Bruce Parry
/wiki/Pere_Bosch-Gimpera	Pere Bosch-Gimpera
/wiki/Ernest_Gellner	Ernest Gellner
/wiki/Camilla_Wedgwood	Camilla Wedgwood
/wiki/Edward_Burnett_Tylor	Edward Burnett Tylor
/wiki/Colin_Turnbull	Colin Turnbull
/wiki/Sol_Worth	Sol Worth
/wiki/Timothy_Asch	Timothy Asch
/wiki/Jacques_Soustelle	Jacques Soustelle
/wiki/Charles_H._Kraft	Charles H. Kraft
/wiki/Douglas_R._White	Douglas R. White
/wiki/Niara_Sudarkasa	Niara Sudarkasa
/wiki/Miyako_Inoue_(linguistic_anthropologist)	Miyako Inoue (linguistic anthropologist)
/wiki/Cathy_Small	Cathy Small
/wiki/Herbert_Spencer	Herbert Spencer
/wiki/Wilhelm_Grimm	Wilhelm Grimm
/wiki/Michael_Taussig	Michael Taussig
/wiki/Frank_Hamilton_Cushing	Frank Hamilton Cushing
/wiki/Vasily_Bartold	Vasily Bartold
/wiki/Charles_Miller_Leslie	Charles Miller Leslie
/wiki/Temperance_Brennan	Temperance Brennan
/wiki/Thayer_Scudder	Thayer Scudder
/wiki/Brent_Berlin	Brent Berlin
/wiki/Robert_A._Rubinstein	Robert A. Rubinstein
/wiki/Afanasy_Shchapov	Afanasy Shchapov
/wiki/William_Labov	William Labov
/wiki/Lars_Krutak	Lars Krutak
/wiki/Mervyn_Meggitt	Mervyn Meggitt
/wiki/Ella_Cara_Deloria	Ella Cara Deloria
/wiki/Harold_E._Lambert	Harold E. Lambert
/wiki/Elman_Service	Elman Service
/wiki/Edward_Sapir	Edward Sapir
/wiki/L._P._Vidyarthi	L. P. Vidyarthi
/wiki/Robin_W.G._Horton	Robin W.G. Horton
/wiki/Michael_Shanks	Michael Shanks
/wiki/Margaret_Mead	Margaret Mead
/wiki/Audrey_Richards	Audrey Richards
/wiki/Jomo_Kenyatta	Jomo Kenyatta
/wiki/Michael_Harkin	Michael Harkin
/wiki/Grover_Krantz	Grover Krantz
/wiki/George_Marcus	George Marcus
/wiki/Tim_White_(anthropologist)	Tim White
/wiki/William_Jones_(philologist)	William Jones (philologist)
/wiki/John_H._Moore	John H. Moore
/wiki/Asia-Pacific	Asia-Pacific
/wiki/Jane_Goodall	Jane Goodall
/wiki/Marcel_Griaule	Marcel Griaule
/wiki/Anton_Blok	Anton Blok
/wiki/John_P._Harrington	John P. Harrington
/wiki/Verrier_Elwin	Verrier Elwin
/wiki/Raymond_Firth	Raymond Firth
/wiki/Arturo_Escobar_(anthropologist)	Arturo Escobar
/wiki/Nicholas_Miklouho-Maclay	Nicholas Miklouho-Maclay
/wiki/James_Spradley	James Spradley
/wiki/Alfred_Gell	Alfred Gell
/wiki/John_Adair_(anthropologist)	John Adair
/wiki/Wilhelm_Schmidt_(linguist)	Wilhelm Schmidt
/wiki/James_Frazer	James Frazer
/wiki/Anatoly_Khazanov	Anatoly Khazanov
/wiki/Emily_Martin_(anthropologist)	Emily Martin
/wiki/Theodora_Kroeber	Theodora Kroeber
