/wiki/United_States_congressional_delegations_from_Arizona	United States congressional delegations from Arizona
/wiki/Ron_Barber	Ron Barber
/wiki/Dixiecrat	Dixiecrat (Dix)
/wiki/Harold_A._Patten	Harold A. Patten
/wiki/Marcus_Aurelius_Smith	Marcus Aurelius Smith
/wiki/States%27_rights	States' rights (SR)
/wiki/George_Frederick_Senner,_Jr.	George Frederick Senner, Jr.
/wiki/Yuma,_Arizona	Yuma
/wiki/Jim_Kolbe	Jim Kolbe
/wiki/Scottsdale,_Arizona	Scottsdale
/wiki/Richard_F._Harless	Richard F. Harless
/wiki/Greenback_Party	Greenback (GB)
/wiki/Karan_English	Karan English
/wiki/John_Bertrand_Conlan	John Bertrand Conlan
/wiki/United_States_Senate	United States Senate
/wiki/Flagstaff,_Arizona	Flagstaff
/wiki/John_R._Murdock	John R. Murdock
/wiki/Ben_Quayle	Ben Quayle
/wiki/Dennis_DeConcini	Dennis DeConcini
/wiki/General_ticket	general ticket
/wiki/John_McCain	John McCain
/wiki/Federalist_Party	Federalist (F)
/wiki/Free_Soil_Party	Free Soil (FS)
/wiki/113th_United_States_Congress	United States Congress
/wiki/Gabrielle_Giffords	Gabrielle Giffords
/wiki/Henry_Fountain_Ashurst	Henry Fountain Ashurst
/wiki/Prohibition_Party	Prohibition (Proh)
/wiki/Sam_Steiger	Sam Steiger
/wiki/Ruben_Gallego	Ruben Gallego
/wiki/Barry_Goldwater	Barry Goldwater
/wiki/Arizona	Arizona
/wiki/Hiram_Sanford_Stevens	Hiram Sanford Stevens
/wiki/Trent_Franks	Trent Franks
/wiki/General_ticket	General ticket
/wiki/Martha_McSally	Martha McSally
/wiki/John_Jacob_Rhodes_III	John Jacob Rhodes III
/wiki/Fusion_Party	Fusion (FU)
/wiki/Stewart_Lee_Udall	Stewart Lee Udall
/wiki/United_States	United States
/wiki/Tucson,_Arizona	Tucson
/wiki/Raul_Grijalva	Raul Grijalva
/wiki/Eldon_D._Rudd	Eldon D. Rudd
/wiki/Rick_Renzi	Rick Renzi
/wiki/Richard_Cunningham_McCormick	Richard Cunningham McCormick
/wiki/Anti-Administration_party	Anti-Administration (Anti-Admin)
/wiki/David_Schweikert	David Schweikert
/wiki/John_Frank_Wilson	John Frank Wilson
/wiki/Charles_Debrille_Poston	Charles Debrille Poston
/wiki/Carl_Hayden	Carl Hayden
/wiki/John_Noble_Goodwin	John Noble Goodwin
/wiki/List_of_United_States_congressional_districts	List of United States congressional districts
/wiki/Ernest_W._McFarland	Ernest W. McFarland
/wiki/Mo_Udall	Mo Udall
/wiki/Prescott,_Arizona	Prescott
/wiki/Paul_Jones_Fannin	Paul Jones Fannin
/wiki/United_States_congressional_delegations_from_the_Northern_Mariana_Islands	Northern Mariana Islands
/wiki/Bob_Stump	Bob Stump
/wiki/Democratic-Republican_Party	Democratic-Republican (D-R)
/wiki/Matt_Salmon	Matt Salmon
/wiki/Resident_Commissioner_of_Puerto_Rico	Puerto Rico
/wiki/Mesa,_Arizona	Mesa
/wiki/Samuel_G._Coppersmith	Samuel G. Coppersmith
/wiki/Jeff_Flake	Jeff Flake
/wiki/Granville_Henderson_Oury	Granville Henderson Oury
/wiki/Nathan_Oakes_Murphy	Nathan Oakes Murphy
/wiki/List_of_former_United_States_Senators	List of former Senators
/wiki/Coles_Bashford	Coles Bashford
/wiki/Ra%C3%BAl_M._Grijalva	Raúl M. Grijalva
/wiki/Curtis_Coe_Bean	Curtis Coe Bean
/wiki/Ann_Kirkpatrick	Ann Kirkpatrick
/wiki/Free_Silver_Party	Free Silver (FSv)
/wiki/Northwest_Territory%27s_at-large_congressional_district	Northwest Territory
/wiki/2010_United_States_Census	2010 Census
/wiki/Ralph_Henry_Cameron	Ralph Henry Cameron
/wiki/Isabella_Selmes_Greenway	Isabella Selmes Greenway
/wiki/Ed_Pastor	Ed Pastor
/wiki/John_Jacob_Rhodes	John Jacob Rhodes
/wiki/Kyrsten_Sinema	Kyrsten Sinema
/wiki/James_Francis_McNulty,_Jr.	James Francis McNulty, Jr.
/wiki/J._D._Hayworth	J. D. Hayworth
/wiki/Harry_Mitchell	Harry Mitchell
/wiki/Independent_politician	Independent
/wiki/Readjuster_Party	Readjuster (Rea)
/wiki/Nonpartisan_League	Nonpartisan League (NPL)
/wiki/Phoenix,_Arizona	Phoenix
/wiki/John_B._Shadegg	John B. Shadegg
/wiki/Jacksonian_democracy	Jacksonian (J)
/wiki/United_States_House_of_Representatives	United States House of Representatives
/wiki/Nullifier_Party	Nullifier (N)
/wiki/Jon_Kyl	Jon Kyl
/wiki/United_States_Congress	United States congressional delegations
/wiki/Glendale,_Arizona	Glendale
/wiki/CPVI	CPVI
/wiki/Southwest_Territory%27s_at-large_congressional_district	Southwest Territory
/wiki/John_Goulder_Campbell	John Goulder Campbell
/wiki/Lewis_W._Douglas	Lewis W. Douglas
/wiki/List_of_former_members_of_the_United_States_House_of_Representatives	Lists of former House members
/wiki/Ra%C3%BAl_Grijalva	Raúl Grijalva
/wiki/Paul_Gosar	Paul Gosar
/wiki/Anti-Masonic_Party	Anti-Masonic (Anti-M)
