/wiki/X-Men	X-Men
/wiki/Mercury_(Marvel_Comics)	Mercury
/wiki/Sabra_(comics)	Sabra
/wiki/N%27astirh	N'astirh
/wiki/X-Men:_Madness_in_Murderworld	X-Men: Madness in Murderworld
/wiki/Brotherhood_of_Mutants	Brotherhood of Evil Mutants
/wiki/Superhero_Movie	Superhero Movie
/wiki/Firestar	Firestar
/wiki/Joseph_McCarthy	Joseph McCarthy
/wiki/Daily_Nebraskan	Daily Nebraskan
/wiki/The_Black_Vortex	The Black Vortex
/wiki/Young_X-Men	Young X-Men
/wiki/Adam_Kubert	Adam Kubert
/wiki/Apocalypse_(comics)	Apocalypse
/wiki/Journey_into_Mystery	Journey into Mystery
/wiki/Thundarr_the_Barbarian	Thundarr the Barbarian
/wiki/Human_Torch	Human Torch
/wiki/Graymalkin_Industries	Graymalkin Industries
/wiki/X-Men:_X-Tinction_Agenda	The X-Tinction Agenda
/wiki/X-Men:_First_Class	X-Men: First Class
/wiki/Lilandra_Neramani	Lilandra Numara
/wiki/Apache	Apache
/wiki/Blindfold_(comics)	Blindfold
/wiki/Amazing_Fantasy	Amazing Fantasy
/wiki/Old_Man_Logan	Old Man Logan
/wiki/X-Men:_Messiah_Complex	Messiah Complex
/wiki/I_Have_a_Dream	I Have a Dream
/wiki/Banshee_(comics)	Banshee
/wiki/Runaways_(comics)	Runaways
/wiki/Dark_Avengers	Dark Avengers
/wiki/Siryn	Siryn
/wiki/Fantomex	Fantomex
/wiki/S-Men	S-Men
/wiki/Savage_Land	Savage Land
/wiki/Scott_Lobdell	Scott Lobdell
/wiki/Marvel_Anime	Marvel Anime
/wiki/Kitty_Pryde	Kitty Pryde
/wiki/X-Men:_Mojo_World	X-Men: Mojo World
/wiki/Crime_of_apartheid	apartheid
/wiki/X-Men:_God_Loves,_Man_Kills	X-Men: God Loves, Man Kills
/wiki/Fictional_crossover	crossovers
/wiki/X-Treme_X-Men	X-Treme X-Men
/wiki/Chris_Claremont	Chris Claremont
/wiki/New_Orleans,_Louisiana	New Orleans, Louisiana
/wiki/Machine_Man	Machine Man
/wiki/Hercules_(Marvel_Comics)	Hercules
/wiki/Roughouse	Roughouse
/wiki/United_States_Congress	United States Congress
/wiki/Dazzler	Dazzler
/wiki/Magneto_(comics)	Magneto
/wiki/Cable_%26_Deadpool	Cable & Deadpool
/wiki/Lilandra	Lilandra
/wiki/Necrosha	Necrosha
/wiki/The_Hand_(comics)	The Hand
/wiki/Hope_Summers_(comics)#Generation_Hope	Generation Hope
/wiki/X-Men:_Reign_of_Apocalypse	X-Men: Reign of Apocalypse
/wiki/Louise_Simonson	Louise Simonson
/wiki/Joss_Whedon	Joss Whedon
/wiki/All-New_X-Men	All-New X-Men
/wiki/A%2BX	A+X
/wiki/Astonishing_X-Men	Astonishing X-Men
/wiki/Tales_to_Astonish	Tales to Astonish
/wiki/Slipstream_(comics)	Slipstream
/wiki/X-Men_II:_The_Fall_of_the_Mutants	X-Men II: The Fall of the Mutants
/wiki/Matsu%27o_Tsurayaba	Matsu'o Tsurayaba
/wiki/X-Men:_The_Last_Stand	X-Men: The Last Stand
/wiki/X-Statix	X-Statix
/wiki/Elsie-Dee	Elsie-Dee
/wiki/Giant-Size_X-Men	Giant-Size X-Men
/wiki/Sky_Masters	Sky Masters
/wiki/X-Tinction_Agenda	X-Tinction Agenda
/wiki/The_Hunt_for_Xavier	The Hunt for Xavier
/wiki/Generation_X_(film)	Generation X
/wiki/Joe_Quesada	Joe Quesada
/wiki/Amazing_X-Men	Amazing X-Men
/wiki/Marvel_Universe	Marvel Universe
/wiki/Physiology	physiology
/wiki/X-Men_(film)	X-Men
/wiki/Shofar:_An_Interdisciplinary_Journal_of_Jewish_Studies	Shofar: An Interdisciplinary Journal of Jewish Studies
/wiki/Deathbird	Deathbird
/wiki/Sebastian_Shaw_(comics)	Sebastian Shaw
/wiki/Age_of_X	Age of X
/wiki/Mojo_(comics)	Mojo
/wiki/Gentle_(comics)	Gentle
/wiki/Husk_(comics)	Husk
/wiki/Hellfire_Club_(comics)	Hellfire Club
/wiki/DMOZ	DMOZ
/wiki/X-Men:_Next_Dimension	X-Men: Next Dimension
/wiki/Northstar	Northstar
/wiki/Comics_Interview	Comics Interview
/wiki/House_of_M	House of M
/wiki/List_of_X-Men_comics	X-Men comics
/wiki/Professor_X	Professor Xavier
/wiki/Goldie_Gold_and_Action_Jack	Goldie Gold and Action Jack
/wiki/Ariel_(comics)	Ariel
/wiki/Hinduism	Hindu
/wiki/X-Men_in_other_media	X-Men in other media
/wiki/X-Men:_Children_of_the_Atom_(video_game)	X-Men: Children of the Atom
/wiki/Thunderbird_(Neal_Shaara)	Thunderbird (Neal Shaara)
/wiki/Maggott	Maggott
/wiki/Providence_(comics)	Providence
/wiki/Bastion_(comics)	Bastion
/wiki/Asteroid_M	Asteroid M
/wiki/InterVarsity_Press	InterVarsity Press
/wiki/Nigeria	Nigeria
/wiki/San_Diego_Comic-Con	San Diego Comic-Con
/wiki/Limbo_(Marvel_Comics)	Limbo
/wiki/Warlock_(New_Mutants)	Warlock
/wiki/Muir_Island	Muir Island Hospital for Mutants
/wiki/Toad_(comics)	Toad
/wiki/Romani_people	Romani
/wiki/Cerebro	Cerebro
/wiki/Moira_MacTaggert	Moira MacTaggert
/wiki/Ultimate_X4	Ultimate X4
/wiki/Cipher_(comics)	Cipher
/wiki/Lockheed_(comics)	Lockheed
/wiki/Age_of_Apocalypse	Age of Apocalypse
/wiki/Super_Powers_Collection#Tie-ins	Super Powers
/wiki/Neal_Shaara	Neal Shaara/Thunderbird
/wiki/Alphabet_City,_Manhattan	Alphabet City, Manhattan
/wiki/Dark_Reign_(comics)	Dark Reign
/wiki/X-Cutioner	X-Cutioner
/wiki/Revanche	Revanche
/wiki/Reavers_(comics)	Reavers
/wiki/Longshot	Longshot
/wiki/Messiah_War	Messiah War
/wiki/Gorgon_(Tomi_Shishido)	The Gorgon
/wiki/Vanisher	Vanisher
/wiki/X-Men:_The_Ravages_of_Apocalypse	X-Men: The Ravages of Apocalypse
/wiki/Hellions	Hellions
/wiki/Nick_Fury	Nick Fury
/wiki/List_of_X-Men_video_games	video games
/wiki/Sage_(comics)	Sage
/wiki/Sgt._Fury_and_his_Howling_Commandos	Sgt. Fury and his Howling Commandos
/wiki/Shadow_King	Shadow King
/wiki/Captain_Victory_and_the_Galactic_Rangers	Captain Victory and the Galactic Rangers
/wiki/Ku_Klux_Klan	Ku Klux Klan
/wiki/Ink_(comics)	Ink
/wiki/Chris_Yost	Chris Yost
/wiki/Curse_of_the_Mutants	Curse of the Mutants
/wiki/Kamandi	Kamandi
/wiki/Lifeguard_(comics)	Lifeguard
/wiki/Morlocks_(comics)	Morlocks
/wiki/List_of_X-Men_films_cast_members	List of X-Men films cast members
/wiki/Legion_(Marvel_Comics)	Legion
/wiki/Wizard_(magazine)	Wizard
/wiki/Rediff.com	Rediff.com
/wiki/Amiko_Kobayashi	Amiko Kobayashi
/wiki/Classic_X-Men	Classic X-Men
/wiki/Sway_(comics)	Sway
/wiki/Xorn	Shen-Yin Zorn
/wiki/John_Romita,_Jr.	John Romita, Jr.
/wiki/Etrigan_the_Demon	The Demon
/wiki/Jack_Kirby%27s_Galactic_Bounty_Hunters	Jack Kirby's Galactic Bounty Hunters
/wiki/Beast_(comics)	Beast
/wiki/African-American_Civil_Rights_Movement_(1955%E2%80%9368)	American civil rights movement
/wiki/Danielle_Moonstar	Danielle Moonstar
/wiki/Hope_Summers_(comics)	Hope
/wiki/Bleeding_Cool	Bleeding Cool
/wiki/Benbella_Books	Benbella Books
/wiki/X-Men:_Gamesmaster%27s_Legacy	X-Men: Gamesmaster's Legacy
/wiki/5_Ronin	5 Ronin
/wiki/Polaris_(comics)	Polaris
/wiki/Nimrod_(comics)	Nimrod
/wiki/Exiles_(Marvel_Comics)	Exiles
/wiki/Sauron_(comics)	Sauron
/wiki/Dinosaur	dinosaurs
/wiki/The_New_Avengers_(comics)	New Avengers
/wiki/Simcha_Weinstein	Weinstein, Simcha
/wiki/Japan	Japan
/wiki/William_Stryker	William Stryker
/wiki/John_Wiley_%26_Sons	John Wiley & Sons
/wiki/Inhumans	Inhumans
/wiki/Fantastic_Four	Fantastic Four
/wiki/Marvel_Animated_Features	Marvel Animated Features
/wiki/Mexico	Mexico
/wiki/New_X-Men	New X-Men: Academy X
/wiki/X-Men:_The_Hidden_Years	X-Men: The Hidden Years
/wiki/Chimera_(comics)	Chimera
/wiki/Steven_Lang_(comics)	Steven Lang
/wiki/Logan_(comics)	Logan
/wiki/Nightcrawler_(comics)	Nightcrawler
/wiki/Ogun_(comics)	Ogun
/wiki/Marauders_(comics)	Marauders
/wiki/Iron_Man	Iron Man
/wiki/Brood_(comics)	Brood
/wiki/Elektra_(comics)	Elektra
/wiki/Starjammers	Starjammers
/wiki/Jam!	Jam!
/wiki/Juggernaut_(comics)	Juggernaut
/wiki/Atlas_(DC_Comics)	Atlas
/wiki/Battle_of_the_Atom	Battle of the Atom
/wiki/AXIS_(comics)	AXIS
/wiki/Silver_Fox_(comics)	Silver Fox
/wiki/Wolverine:_Snikt!	Wolverine: Snikt!
/wiki/Sunfire_(comics)	Sunfire
/wiki/Mariko_Yashida	Mariko Yashida
/wiki/Before_the_Fantastic_Four:_Ben_Grimm_and_Logan	Before the Fantastic Four: Ben Grimm and Logan
/wiki/Sublime_(Marvel_Comics)	Sublime
/wiki/Acolytes_(comics)	Acolytes
/wiki/Professor_Xavier_and_the_X-Men	Professor Xavier and the X-Men
/wiki/First_appearance	First appearance
/wiki/Origin_(comics)	Origin
/wiki/Scarlet_Witch	Scarlet Witch
/wiki/M%27Kraan_Crystal	M'Kraan Crystal
/wiki/Cable_(comics)	Cable
/wiki/Tales_of_Suspense	Tales of Suspense
/wiki/Muir_Island_Saga	The Muir Island Saga
/wiki/X-Men_Unlimited	X-Men Unlimited
/wiki/Ultimate_Requiem#X-Men	Ultimatum: X-Men Requiem
/wiki/Astonishing_Spider-Man_%26_Wolverine	Astonishing Spider-Man & Wolverine
/wiki/Iceman_(comics)	Iceman
/wiki/Fantastic_Four	the Fantastic Four
/wiki/Blackbird_(comics)	Blackbird
/wiki/Communist_Party_USA	Communist Party USA
/wiki/Phoenix_Force_(comics)	Phoenix God
/wiki/Wendigo_(comics)	Wendigo
/wiki/New_Mutants#New_Mutants_Vol._1	The New Mutants
/wiki/Spore_(comics)	Spore
/wiki/Shatterstar	Shatterstar
/wiki/Mesmero	Mesmero
/wiki/Viper_(Madame_Hydra)	Viper
/wiki/The_Dark_Phoenix_Saga	The Dark Phoenix Saga
/wiki/Alpha_Flight	Alpha Flight
/wiki/Jack_Kirby	Jack Kirby
/wiki/Marvel_1602	Marvel 1602
/wiki/Murderworld_(comics)	Murderworld
/wiki/West_Germany	West Germany
/wiki/Len_Wein	Len Wein
/wiki/Mark_Millar	Mark Millar
/wiki/Armor_(comics)	Armor
/wiki/Here_Comes_Tomorrow	Here Comes Tomorrow
/wiki/Wolverine_(character)	Wolverine
/wiki/Joseph_(comics)	Joseph
/wiki/Omega_Red	Omega Red
/wiki/Kavita_Rao	Kavita Rao
/wiki/Operation:_Zero_Tolerance	Operation: Zero Tolerance
/wiki/Wolverine_in_other_media	In other media
/wiki/Stacy_X	Stacy X
/wiki/Savage_Wolverine	Savage Wolverine
/wiki/Comic_Book_Resources	Comic Book Resources
/wiki/Vulcan_(Marvel_Comics)	Vulcan
/wiki/Planet_X_(comics)	Planet X
/wiki/Marvel_NOW!	Marvel NOW!
/wiki/Dave_Cockrum	Dave Cockrum
/wiki/Ukraine	Ukraine
/wiki/Rick_Remender	Rick Remender
/wiki/Thunderbird_(comics)	Thunderbird
/wiki/Gifted_(comics)	Gifted
/wiki/Brotherhood_of_Mutants	Brotherhood of Mutants
/wiki/Surge_(comics)	Surge
/wiki/Church_of_Humanity_(comics)	Church of Humanity
/wiki/Canadians	Canadians
/wiki/X-Factor_(comics)	X-Factor
/wiki/Exodus_(comics)	Exodus
/wiki/Nitro_(comics)	Nitro
/wiki/X-Men:_Evolution	X-Men: Evolution
/wiki/Apartheid_in_South_Africa	South Africa
/wiki/Fighting_American	Fighting American
/wiki/Rockslide_(comics)	Rockslide
/wiki/Indra_(comics)	Indra
/wiki/Blink_(comics)	Blink
/wiki/Mainline_Publications	Mainline Publications
/wiki/Prejudice	prejudice
/wiki/X-Men:_Endangered_Species	Endangered Species
/wiki/Thunderbird_(comics)	Thunderbird (John Proudstar)
/wiki/Death_of_Wolverine	Death of Wolverine
/wiki/Stryfe	Stryfe
/wiki/Brazil	Brazil
/wiki/X-Mansion	X-Mansion
/wiki/Secret_Invasion	Secret Invasion
/wiki/Department_H	Department H
/wiki/Martin_Luther_King,_Jr.	Martin Luther King, Jr.
/wiki/Questprobe	Questprobe
/wiki/Genesis_(comics)	Genesis
/wiki/Excalibur_(comics)	Excalibur
/wiki/Courier_(comics)	Courier
/wiki/Cloak_and_Dagger_(comics)	Cloak and Dagger
/wiki/Alex_Ross	Alex Ross
/wiki/Lady_Mastermind	Lady Mastermind
/wiki/Fall_of_the_Mutants	Fall of the Mutants
/wiki/Westchester_County,_New_York	Westchester County, New York
/wiki/Craig_Kyle	Craig Kyle
/wiki/X2_(film)	X2
/wiki/Bryan_Singer	Bryan Singer
/wiki/Magnetic_fields	magnetic fields
/wiki/The_Double_Life_of_Private_Strong	The Double Life of Private Strong
/wiki/Robert_Kelly_(comics)	Senator Robert Kelly's
/wiki/Xorn	Kuan-Yi Xorn
/wiki/X-Men:_Second_Coming	Second Coming
/wiki/Selene_(comics)	Selene
/wiki/Ka-Zar_(comics)	Ka-Zar
/wiki/Danger_Room	Danger Room
/wiki/Gambit_(comics)	Gambit
/wiki/Black_Tom_Cassidy	Black Tom Cassidy
/wiki/Ultimate_Comics:_X-Men	Ultimate Comics: X-Men
/wiki/Doctor_Doom	Doctor Doom
/wiki/Cyber_(comics)	Cyber
/wiki/Magma_(comics)	Magma
/wiki/Proteus_(Marvel_Comics)	Proteus
/wiki/Marvel_2099	Marvel 2099
/wiki/High_Evolutionary	High Evolutionary
/wiki/Nuke_(Marvel_Comics)	Nuke
/wiki/Bisexuality	bisexual
/wiki/Shiva_(Marvel_Comics)	Shiva
/wiki/JSTOR	JSTOR
/wiki/Sabretooth_(comics)	Sabretooth
/wiki/Forge_(comics)	Forge
/wiki/Transgender	Transgender
/wiki/Anole_(comics)	Anole
/wiki/X-Men:_Legacy	X-Men: Legacy
/wiki/Days_of_Future_Present	Days of Future Present
/wiki/2001:_A_Space_Odyssey_(comics)	2001: A Space Odyssey
/wiki/Whilce_Portacio	Whilce Portacio
/wiki/E_Is_For_Extinction	E Is For Extinction
/wiki/Cajun	Cajun
/wiki/Closeted	closeted
/wiki/Xorn	Shen Xorn
/wiki/X-Men_2:_Clone_Wars	X-Men 2: Clone Wars
/wiki/Brent_Jackson	Brent Jackson
/wiki/Weapon_Plus	Weapon Plus
/wiki/Germany	Germany
/wiki/Graydon_Creed	Graydon Creed
/wiki/Mister_X_(Marvel_Comics)	Mister X
/wiki/Predator_X_(comics)	Predator X
/wiki/M_(comics)	M
/wiki/Days_of_Future_Past	Days of Future Past
/wiki/Mimic_(comics)	Mimic
/wiki/Team_X_(comics)	Team X
/wiki/Muir_Island	Muir Island
/wiki/John_Byrne_(comics)	John Byrne
/wiki/E_Is_for_Extinction	E Is for Extinction
/wiki/X-Men:_Deadly_Genesis	Deadly Genesis
/wiki/Master_Mold	Master Mold
/wiki/Chuck_Austen	Chuck Austen
/wiki/Romulus_(comics)	Romulus
/wiki/Dingbats_of_Danger_Street	Dingbats of Danger Street
/wiki/Antarctica	Antarctica
/wiki/X-Men:_Divided_We_Stand	Divided We Stand
/wiki/Jim_Lee	Jim Lee
/wiki/Bishop_(comics)	Bishop
/wiki/Marvel_Comics_Presents	Marvel Comics Presents
/wiki/Jed_Walker	Jed Walker
/wiki/Bob_Harras	Bob Harras
/wiki/Jubilee_(comics)	Jubilee
/wiki/Deadpool	Deadpool
/wiki/Mister_Sinister	Mister Sinister
/wiki/Spiral_(comics)	Spiral
/wiki/Ultimate_Power	Ultimate Power
/wiki/Copycat_(Marvel_Comics)	Copycat
/wiki/Red_Scare	Red Scare
/wiki/Religion	Religion
/wiki/South_East_Asia	South East Asia
/wiki/OMAC_(Buddy_Blank)	OMAC
/wiki/Sugar_Man	Sugar Man
/wiki/S.H.I.E.L.D.	S.H.I.E.L.D.
/wiki/Hulk_(comics)	Hulk
/wiki/Thomas_Logan	Thomas Logan
/wiki/X-Men_(Game_Gear_video_game)	X-Men (Game Gear)
/wiki/Elixir_(comics)	Elixir
/wiki/Magician_(comics)	Magician
/wiki/Xorn	Xorn
/wiki/Nation_X	Nation X
/wiki/Ultimatum_(Ultimate_Marvel)	Ultimatum
/wiki/Magik_(comics)	Magik
/wiki/Hope_Summers_(comics)	Hope Summers
/wiki/X-Infernus	X-Infernus
/wiki/Decimation_(comics)	Decimation
/wiki/Namor	Namor
/wiki/Monaco	Monaco
/wiki/Ultimate_Wolverine	Ultimate Wolverine
/wiki/Nasty_Boys	Nasty Boys
/wiki/Velocidad_(comics)	Velocidad
/wiki/Challengers_of_the_Unknown	Challengers of the Unknown
/wiki/The_Movie_Insider	The Movie Insider
/wiki/X-Men:_Mutant_Wars	X-Men: Mutant Wars
/wiki/Black_Panther_(comics)	Black Panther
/wiki/Galactus	Galactus
/wiki/Uncanny_X-Force	Uncanny X-Force
/wiki/Astonishing_Tales	Astonishing Tales
/wiki/Religious_fundamentalism	religious fundamentalism
/wiki/Afghanistan	Afghanistan
/wiki/Cable_and_X-Force	Cable and X-Force
/wiki/Phalanx_Covenant	Phalanx Covenant
/wiki/Spider-Man	Spider-Man
/wiki/Epic_Movie	Epic Movie
/wiki/Silver_Samurai	Silver Samurai
/wiki/Phoenix_Force_(comics)	Phoenix Force
/wiki/Sydney	Sydney
/wiki/Boy_Commandos	Boy Commandos
/wiki/By_any_means_necessary	By any means necessary
/wiki/Petra_(comics)	Petra
/wiki/X-Men_Legends	X-Men Legends
/wiki/Marvel.com	Marvel.com
/wiki/Aurora_(comics)	Aurora
/wiki/Malcolm_Colcord	Malcolm Colcord
/wiki/Neal_Adams	Neal Adams
/wiki/Antisemitism	Anti-Semitism
/wiki/Breakout_character	breakout character
/wiki/Blackbird_(comics)	Blackbird jet
/wiki/X-Force	X-Force
/wiki/Cameron_Hodge	Cameron Hodge
/wiki/Mutant_(Marvel_Comics)	Mutant (Marvel Comics)
/wiki/DC_Comics	DC Comics
/wiki/Cypher_(comics)	Cypher
/wiki/Bloodties	Bloodties
/wiki/Wolfsbane_(comics)	Wolfsbane
/wiki/X-Men_2099	X-Men 2099
/wiki/Fictioneer_Books	Fictioneer Books
/wiki/X-Men:_Manifest_Destiny	Manifest Destiny
/wiki/Marvel_Comics	Marvel Comics
/wiki/Shadow-X	Shadow-X
/wiki/Topps_Comics#The_Kirbyverse	The Kirbyverse
/wiki/Rob_Liefeld	Rob Liefeld
/wiki/X-Men:_Days_of_Future_Past	X-Men: Days of Future Past
/wiki/Amazing_Adventures	Amazing Adventures
/wiki/LGBT	LGBT
/wiki/Kang_the_Conqueror	Kang
/wiki/X-Cutioner%27s_Song	X-Cutioner's Song
/wiki/The_Adventures_of_Jimmy_Neutron:_Boy_Genius	The Adventures of Jimmy Neutron: Boy Genius
/wiki/New_X-Men	New X-Men
/wiki/X-Men:_Wolverine%27s_Rage	X-Men: Wolverine's Rage
/wiki/Agent_X_(Marvel_Comics)	Agent X
/wiki/Dog_Logan	Dog Logan
/wiki/Newsboy_Legion	Newsboy Legion
/wiki/Transonic_(comics)	Transonic
/wiki/Wolverine_and_the_X-Men_(comics)	Wolverine and the X-Men
/wiki/Externals	Externals
/wiki/Warpath_(comics)	Warpath
/wiki/Ireland	Ireland
/wiki/Alternative_versions_of_Wolverine	Alternative versions
/wiki/X-Terminators	X-Terminators
/wiki/Weapon_X	Weapon X
/wiki/All_New_X-Men	All New X-Men
/wiki/Gauntlet_(Inhuman)	Gauntlet
/wiki/Black_Magic_(comics)	Black Magic
/wiki/Mystique_(comics)	Mystique
/wiki/Rogue_(comics)	Rogue
/wiki/Fatal_Attractions_(comics)	Fatal Attractions
/wiki/Marrow_(comics)	Marrow
/wiki/Emma_Frost	Emma Frost
/wiki/Fenris_(comics)	Fenris
/wiki/Puberty	puberty
/wiki/Silver_Surfer	Silver Surfer
/wiki/Quicksilver_(comics)	Quicksilver
/wiki/Wolverine:_Weapon_X	Wolverine: Weapon X
/wiki/Robert_Kelly_(comics)	Senator Kelly
/wiki/Graymalkin	Graymalkin
/wiki/Yukio_(comics)	Yukio
/wiki/The_Uncanny_X-Men_(video_game)	The Uncanny X-Men
/wiki/Onslaught_(comics)	Onslaught
/wiki/John_Cassaday	John Cassaday
/wiki/Boys%27_Ranch	Boys' Ranch
/wiki/End_of_Greys	End of Greys
/wiki/Avengers_(comics)	Avengers
/wiki/X-Men:_Schism	X-Men: Schism
/wiki/Devil_Dinosaur	Devil Dinosaur
/wiki/X-Men:_Destiny	X-Men: Destiny
/wiki/Phalanx_(comics)	Phalanx
/wiki/Mutant_X_(comics)	Mutant X
/wiki/Blob_(comics)	Blob
/wiki/Nazi_concentration_camps	Nazi concentration camps
/wiki/Daken	Daken
/wiki/X-Men:_Apocalypse	X-Men: Apocalypse
/wiki/Crossmore	Crossmore
/wiki/U-Men_(comics)	U-Men
/wiki/Grant_Morrison	Morrison, Grant
/wiki/Racism	Racism
/wiki/Fastball_Special	Fastball Special
/wiki/Martin_Goodman_(publisher)	Martin Goodman
/wiki/Parallel_universe_(fiction)	parallel universe
/wiki/Psylocke	Psylocke
/wiki/Superhero	superheroes
/wiki/Israel	Israel
/wiki/X-Men:_Phoenix_-_Endsong	X-Men: Phoenix - Endsong
/wiki/Unus_the_Untouchable	Unus
/wiki/Mister_Fantastic	Mr. Fantastic
/wiki/Mojo_(comics)	Mojo Adams
/wiki/Doctor_Nemesis	Doctor Nemesis
/wiki/Blackbird_(comics)	X-Wing (Blackbird)
/wiki/All-New_X-Factor	All-New X-Factor
/wiki/Assault_on_Weapon_Plus	Assault on Weapon Plus
/wiki/Ultimate_Comics:_X	Ultimate Comics: X
/wiki/Chalice_Press	Chalice Press
/wiki/Hepzibah_(comics)	Hepzibah
/wiki/X-Men_vs._Street_Fighter	X-Men vs. Street Fighter
/wiki/Hellion	Hellion
/wiki/Guinness_Book_of_World_Records	Guinness Book of World Records
/wiki/List_of_X-Men_video_games	Video games
/wiki/District_X	District X
/wiki/Young_Romance	Young Romance
/wiki/Superman%27s_Pal_Jimmy_Olsen	Superman's Pal Jimmy Olsen
/wiki/Friends_of_Humanity	Friends of Humanity
/wiki/Soviet_Union	Soviet Union
/wiki/X-Corporation	X-Corporation
/wiki/New_Mutants	New Mutants
/wiki/Elektra_and_Wolverine:_The_Redeemer	Elektra and Wolverine: The Redeemer
/wiki/Silver_Star_(comics)	Silver Star
/wiki/United_Kingdom	United Kingdom
/wiki/Hulk_(comics)	the Hulk
/wiki/Avalanche_(comics)	Avalanche
/wiki/Abraham_Cornelius	Abraham Cornelius
/wiki/Bill_Jemas	Bill Jemas
/wiki/List_of_X-Men_comics	X-Men comic books
/wiki/Ann_Nocenti	Ann Nocenti
/wiki/Lynching	lynching
/wiki/Destroyer_Duck	Destroyer Duck
/wiki/Albert_(comics)	Albert
/wiki/Hank_Pym	Hank Pym
/wiki/Prodigy_(David_Alleyne)	Prodigy
/wiki/Madelyne_Pryor	Madelyne Pryor
/wiki/Mutant_Town	Mutant Town
/wiki/Bling_(comics)	Bling!
/wiki/Uncanny_Avengers	Uncanny Avengers
/wiki/Inquisition	The Inquisition
/wiki/Apocalypse:_The_Twelve	The Twelve
/wiki/American_comic_book	American comic books
/wiki/X-Men_Legends_II:_Rise_of_Apocalypse	X-Men Legends II: Rise of Apocalypse
/wiki/X-Men:_Mutant_Apocalypse	X-Men: Mutant Apocalypse
/wiki/Avengers_vs._X-Men	Avengers vs. X-Men
/wiki/X-Babies	X-Babies
/wiki/Kitty_Pryde_and_Wolverine	Kitty Pryde and Wolverine
/wiki/List_of_Ultimate_X-Men_story_arcs	Ultimate X-Men Story Arcs
/wiki/Marvel_Anime#X-Men	Marvel Anime: X-Men
/wiki/Joe_Simon	Joe Simon
/wiki/Andy_Kubert	Andy Kubert
/wiki/Mister_T_(TV_series)	Mister T
/wiki/Metaphor	metaphorical
/wiki/Shinobi_Shaw	Shinobi Shaw
/wiki/Cecilia_Reyes	Cecilia Reyes
/wiki/Thor_(Marvel_Comics)	Thor
/wiki/Extraordinary_X-Men	Extraordinary X-Men
/wiki/Young_Love_(comics)	Young Love
/wiki/Purifiers	Purifiers
/wiki/Nazi_Germany	Nazi Germany
/wiki/Xorn	Kuan-Yin Xorn
/wiki/Ultimate_War	Ultimate War
/wiki/Fabian_Nicieza	Fabian Nicieza
/wiki/Mutant_Liberation_Front	Mutant Liberation Front
/wiki/Ultimate_X-Men	Ultimate X-Men
/wiki/Apocalypse_Twins	Apocalypse Twins
/wiki/Human_Torch	the Torch
/wiki/Uncanny_X-Men	The X-Men
/wiki/Project_Wideawake	Project Wideawake
/wiki/X-Men:_Pryde_of_the_X-Men	Pryde of the X-Men
/wiki/Dark_Beast	Dark Beast
/wiki/John_Romita_Sr.	John Romita Sr.
/wiki/Uncanny_X-Men	Uncanny X-Men
/wiki/The_Wolverine_(film)	The Wolverine
/wiki/Crimson_Dawn	Crimson Dawn
/wiki/Marc_Silvestri	Marc Silvestri
/wiki/Paul_Smith_(comics)	Paul Smith
/wiki/Children_of_the_Vault	Children of the Vault
/wiki/Arcade_(Marvel_Comics)	Arcade
/wiki/India	India
/wiki/New_Gods	New Gods
/wiki/X-Men_Forever	X-Men Forever
/wiki/X-Men_in_other_media	other media
/wiki/Krakoa	Krakoa Island
/wiki/Inferno_(Marvel_Comics)	Inferno
/wiki/Wolverine:_The_Best_There_Is	Wolverine: The Best There Is
/wiki/Legion_Quest	Legion Quest
/wiki/Lady_Deathstrike	Lady Deathstrike
/wiki/Savage_Land_Mutates	Savage Land Mutates
/wiki/Sunspot_(comics)	Sunspot
/wiki/Manhunter_(comics)	Manhunter
/wiki/Grant_Morrison	Grant Morrison
/wiki/Wolverine:_Manifest_Destiny	Wolverine: Manifest Destiny
/wiki/Jim_Steranko	Jim Steranko
/wiki/Jean_Grey	Jean Grey
/wiki/Genosha	Genosha
/wiki/Registration_acts_(comics)	Mutant Registration Act
/wiki/Excalibur_(comics)	Excalibur/New Excalibur
/wiki/PBS	PBS
/wiki/Spyke	Spyke
/wiki/Alliance_of_Evil	Alliance of Evil
/wiki/X2:_Wolverine%27s_Revenge	X2: Wolverine's Revenge
/wiki/Colossus_(comics)	Colossus
/wiki/Mister_Miracle	Mister Miracle
/wiki/Utopia_(comics)	Utopia
/wiki/Massachusetts_Academy_(comics)	Massachusetts Academy
/wiki/Karma_(comics)	Karma
/wiki/Kobra_(DC_Comics)	Kobra
/wiki/Image_Comics	Image Comics
/wiki/Russia	Russia
/wiki/Amanda_Sefton	Amanda Sefton
/wiki/Ultimate_Galactus_Trilogy	Ultimate Galactus Trilogy
/wiki/Revolution_(comics)	Revolution
/wiki/X-Men_Origins:_Wolverine	X-Men Origins: Wolverine
/wiki/Jimmy_Hudson	Jimmy Hudson
/wiki/Wolf_Cub_(comics)	Wolf Cub
/wiki/Zero_(Marvel_Comics)	Zero
/wiki/Captain_America	Captain America
/wiki/Shi%27ar	Shi'ar
/wiki/Legacy_Virus	Legacy Virus
/wiki/Fly_(Archie_Comics)	The Fly
/wiki/Muir_Island_Saga	Muir Island Saga
/wiki/X-Men:_Mutant_Academy	X-Men: Mutant Academy
/wiki/Scotland	Scotland
/wiki/X-Men:_Schism	Schism
/wiki/Arnold_Drake	Arnold Drake
/wiki/Wolverine:_Adamantium_Rage	Wolverine: Adamantium Rage
/wiki/Red_Skull	Red Skull
/wiki/Native_(comics)	The Native
/wiki/Wild_Child_(comics)	Wild Child
/wiki/Destiny_(Irene_Adler)	Destiny
/wiki/X-23	X-23
/wiki/Mutant_Massacre	Mutant Massacre
/wiki/X-Men:_The_Official_Game	X-Men: The Official Game
/wiki/X-Men:_Mutant_Academy_2	X-Men: Mutant Academy 2
/wiki/Sentinel_(comics)	Sentinels
/wiki/Racism	racism
/wiki/Pixie_(X-Men)	Pixie
/wiki/Stan_Lee	Stan Lee
/wiki/McFarland_%26_Company	McFarland
/wiki/William_Stryker	Stryker's
/wiki/Dust_(comics)	Dust
/wiki/Mastermind_(Jason_Wyngarde)	Mastermind
/wiki/Spider-Man_and_the_X-Men_in_Arcade%27s_Revenge	Spider-Man and the X-Men in Arcade's Revenge
/wiki/Ultimate_Wolverine_vs._Hulk	Ultimate Wolverine vs. Hulk
/wiki/Secret_City_Saga	Secret City Saga
/wiki/List_of_X-Men_members	List of X-Men members
/wiki/Mister_Sinister	Sinister
/wiki/The_Holocaust	Holocaust
/wiki/Chamber_(comics)	Chamber
/wiki/Cyclops_(comics)	Cyclops
/wiki/Cassandra_Nova	Cassandra Nova
/wiki/Rachel_Summers	Rachel Summers
/wiki/ABC-CLIO	ABC-CLIO
/wiki/Cannonball_(comics)	Cannonball
/wiki/List_of_X-Men_limited_series_and_one-shots	List of X-Men limited series and one-shots
/wiki/Malcolm_X	Malcolm X
/wiki/Primal_(comics)	Primal
/wiki/X-Men:_God_Loves,_Man_Kills	God Loves, Man Kills
/wiki/Brotherhood_of_Mutants#Ultimate_Brotherhood	Brotherhood of Mutant Supremacy
/wiki/X-Men_Noir	X-Men Noir
/wiki/The_Dark_Phoenix_Saga	Dark Phoenix Saga
/wiki/Rictor	Rictor
/wiki/Domino_(comics)	Domino
/wiki/Subculture	Subculture
/wiki/Havok_(comics)	Havok
/wiki/Child%27s_Play_(comics)	Child's Play
/wiki/Newsarama	Newsarama
/wiki/Nazi_human_experimentation	Nazi human experimentation
/wiki/Darwin_(comics)	Darwin
/wiki/Oya_(comics)	Oya
/wiki/X-Men:_The_End	X-Men: The End
/wiki/Schreiber,_Liev	Schreiber, Liev
/wiki/X-Men:_Eve_of_Destruction	Eve of Destruction
/wiki/Professor_Thorton	Professor Thorton
/wiki/Roy_Thomas	Roy Thomas
/wiki/X-Nation_2099	X-Nation 2099
/wiki/Avalon_(Marvel_Comics)	Avalon
/wiki/Technarchy	Technarchy
/wiki/Boarding_school	boarding school
/wiki/Ultimate_Marvel	Ultimate Marvel
/wiki/Lorelei_(Mutate)	Lorelei
/wiki/Eternals_(comics)	Eternals
/wiki/Horsemen_of_Apocalypse	Horsemen of Apocalypse
/wiki/Shingen_Yashida	Shingen Yashida
/wiki/Grand_Comics_Database	Grand Comics Database
/wiki/Bloodscream	Bloodscream
/wiki/Mutant_Massacre	The Mutant Massacre
/wiki/Scott_Summers	Scott Summers
/wiki/Bolivar_Trask	Bolivar Trask
/wiki/Civil_rights	civil rights
/wiki/Ultimate_Colossus	Ultimate version
/wiki/Captain_3-D	Captain 3-D
/wiki/Humanity%27s_Last_Stand	Humanity's Last Stand
/wiki/Danielle_Moonstar	Moonstar
/wiki/Forever_People	Forever People
/wiki/Fourth_World_(comics)	Fourth World
/wiki/Pyro_(comics)	Pyro
/wiki/Wild_Thing_(comics)	Wild Thing
/wiki/Madripoor	Madripoor
/wiki/X-Men_(disambiguation)	X-Men (disambiguation)
/wiki/Professor_X	Professor X
/wiki/X-Men:_Regenesis	Regenesis
/wiki/Strait_of_Malacca	Strait of Malacca
/wiki/Wolverine:_Origins	Wolverine: Origins
