/wiki/Qantas	Qantas
/wiki/Travel_class	travel class
/wiki/Syrian_Air	Syrian Air
/wiki/Low-cost_airline	low-cost airline
/wiki/OpenSkies	OpenSkies
/wiki/EgyptAir	EgyptAir
/wiki/The_Sydney_Morning_Herald	The Sydney Morning Herald
/wiki/ABSA_Cargo_Airline	ABSA Cargo Airline
/wiki/J-Air	J-Air
/wiki/Subsidiary	Subsidiaries
/wiki/Rossair_(Australia)	Rossair
/wiki/Blue_Panorama_Airlines	Blue Panorama Airlines
/wiki/Afriqiyah_Airways	Afriqiyah Airways
/wiki/Mirvac	Mirvac
/wiki/Jetstar_Asia_Airways	Jetstar Asia Airways
/wiki/Australia_Asia_Airlines	Australia Asia Airlines
/wiki/Oneworld	Oneworld
/wiki/Air_Malawi	Air Malawi
/wiki/Olympic_Air	Olympic Air
/wiki/Cubana_de_Aviaci%C3%B3n	Cubana de Aviación
/wiki/De_Havilland_Australia_DHA-3_Drover	de Havilland Australia DHA-3 Drover
/wiki/Renaissance_Air	Renaissance Air
/wiki/CAL_Cargo_Air_Lines	CAL Cargo Air Lines
/wiki/Boeing_717	Boeing 717
/wiki/Formula_One	Formula One
/wiki/Inertial_reference_system	inertial reference system
/wiki/New_South_Wales_Police_Force	New South Wales Police Force
/wiki/Jetstar_Hong_Kong	Jetstar Hong Kong
/wiki/AirBaltic	airBaltic
/wiki/Vero_Insurance	Vero Insurance
/wiki/Federation_Limited	Federation Centres
/wiki/Woolworths_Limited	Woolworths
/wiki/LAN_Airlines	LAN
/wiki/Trans_Australia_Airlines	Trans Australia Airlines
/wiki/Air_Cal%C3%A9donie	Air Calédonie
/wiki/Brisbane	Brisbane
/wiki/Westpoint_Corporation	Westpoint
/wiki/UPS_Airlines	UPS Airlines
/wiki/Delta_Air_Lines	Delta Air Lines
/wiki/Avianca_Brazil	Avianca Brazil
/wiki/Gina_Rinehart	Gina Rinehart
/wiki/Kish_Air	Kish Air
/wiki/Airbus_A330	Airbus A330-300
/wiki/Transport_Workers_Union_of_Australia	Transport Workers Union of Australia
/wiki/Australian_Takeovers_Panel	Australian Takeovers Panel
/wiki/Australian_Air_Express	Australian Air Express
/wiki/Pearl_Aviation	Pearl Aviation
/wiki/Rain_Man	Rain Man
/wiki/Airport_lounge	Airport lounge
/wiki/Margaret_Jackson	Margaret Jackson
/wiki/Belle_Air	Belle Air
/wiki/The_Australian	The Australian
/wiki/JPMorgan_Chase	JPMorgan Chase
/wiki/HeavyLift_Cargo_Airlines	HeavyLift Cargo Airlines
/wiki/Cyprus_Airways	Cyprus Airways
/wiki/Cricket_Australia	Cricket Australia
/wiki/TAP_Portugal	TAP Portugal
/wiki/Aerosvit_Airlines	Aerosvit Airlines
/wiki/Qantas_Flight_1	Qantas Flight 1
/wiki/Airbus_A380-800	Airbus A380-800
/wiki/Alitalia	Alitalia
/wiki/Virgin_Atlantic	Virgin Atlantic
/wiki/EuroAtlantic_Airways	EuroAtlantic Airways
/wiki/Nicholas_Whitlam	Nicholas Whitlam
/wiki/European_Air_Transport_Leipzig	European Air Transport Leipzig
/wiki/Garuda_Indonesia	Garuda Indonesia
/wiki/S%26P/ASX_50	S&P/ASX 50
/wiki/AGL_Energy	AGL Energy
/wiki/St.George_Bank	St.George Bank
/wiki/Lachlan_Murdoch	Lachlan Murdoch
/wiki/Hong_Kong_Airlines	Hong Kong Airlines
/wiki/Alliance_Airlines	Alliance Airlines
/wiki/Tasman_Sea	Tasman
/wiki/Boeing_787_Dreamliner	Boeing 787 Dreamliner
/wiki/Airline_alliance	airline alliance
/wiki/Nordavia	Nordavia
/wiki/Martinair	Martinair
/wiki/Jetconnect	Jetconnect
/wiki/Air_Serbia	Air Serbia
/wiki/B%26H_Airlines	B&H Airlines
/wiki/LAN_Per%C3%BA	LAN Perú
/wiki/Ronald_John_Yates	Ronald John Yates
/wiki/Cowboy_hat	cowboy hat
/wiki/Panasonic	Panasonic
/wiki/Great_Southern_Group	Great Southern Group
/wiki/JetBlue_Airways	JetBlue Airways
/wiki/Japan_Airlines	Japan Airlines
/wiki/Cocos_Islands	Cocos Islands
/wiki/Aeroflot	Aeroflot
/wiki/Oneworld#Oneworld_Ruby	Oneworld Ruby
/wiki/Biman_Bangladesh_Airlines	Biman Bangladesh Airlines
/wiki/Aircalin	Aircalin
/wiki/Jet_Airways	Jet Airways
/wiki/Aigle_Azur	Aigle Azur
/wiki/Trans_Australia_Airlines	Australian Airlines (formerly TAA)
/wiki/Arik_Air	Arik Air
/wiki/Brussels_Airlines	Brussels Airlines
/wiki/Foxtel	Foxtel
/wiki/Air_Nostrum	Air Nostrum
/wiki/Slate_(magazine)	Slate
/wiki/Australian_Securities_and_Investments_Commission	Australian Securities and Investments Commission
/wiki/British_Airways	British Airways
/wiki/Alumina_Limited	Alumina
/wiki/Qantas_Freight	Qantas Freight
/wiki/Brindabella_Airlines	Brindabella Airlines
/wiki/Opes_Prime	Opes Prime
/wiki/Air_Transport_World	Air Transport World
/wiki/Avianca_Costa_Rica	Avianca Costa Rica
/wiki/Frank_Lowy	Frank Lowy
/wiki/Air_Alg%C3%A9rie	Air Algérie
/wiki/Wider%C3%B8e	Widerøe
/wiki/Hahn_Air	Hahn Air
/wiki/Boeing	Boeing
/wiki/Australian_corporate_law	Australian corporate law
/wiki/S%26P	S&P
/wiki/Zinifex	Zinifex
/wiki/Air_Namibia	Air Namibia
/wiki/Time_(magazine)	Time
/wiki/The_Dallas_Morning_News	The Dallas Morning News
/wiki/Aurizon	Aurizon
/wiki/Cairns_International_Airport	Cairns International Airport
/wiki/Optus	Optus
/wiki/Section_51(xx)_of_the_Australian_Constitution	Constitution of Australia, 1901 (Cth) corporations power
/wiki/Australian_Institute_of_Criminology	Australian Institute of Criminology
/wiki/Crown_Resorts	Crown
/wiki/National_Storage	National Storage
/wiki/Australia_national_cricket_team	Australia national cricket team
/wiki/Seair_Pacific	Seair Pacific
/wiki/Robert_Holmes_%C3%A0_Court	Robert Holmes à Court
/wiki/Dallas_Business_Journal	Dallas Business Journal
/wiki/Airline_sex_discrimination_policy_controversy	Airline sex discrimination policy controversy
/wiki/Carpatair	Carpatair
/wiki/Condor_Flugdienst	Condor
/wiki/Windows_Phone	Windows Phone
/wiki/Australian_Broadcasting_Corporation	Australian Broadcasting Corporation
/wiki/South32	South32
/wiki/WestJet	WestJet
/wiki/Passenger_Service_System	Passenger Service System
/wiki/Toll_Aviation	Toll Aviation
/wiki/Corsair_International	Corsair International
/wiki/Association_football	association football
/wiki/Business_Council_of_Australia	Business Council of Australia
/wiki/Pel-Air	Pel-Air
/wiki/Caltex	Caltex
/wiki/Subsidiaries	subsidiaries
/wiki/Germania_(airline)	Germania
/wiki/Rene_Rivkin	Rene Rivkin
/wiki/Alan_Bond_(businessman)	Alan Bond
/wiki/London_Heathrow_Airport	London Heathrow Airport
/wiki/China_Southern_Airlines	China Southern Airlines
/wiki/Emirates_(airline)	Emirates
/wiki/Jetstar_Airways	Jetstar
/wiki/Macquarie_Group	Macquarie
/wiki/Network_Ten	Network Ten
/wiki/Bangkok_Airways	Bangkok Airways
/wiki/Ramsay_Health_Care	Ramsay Health Care
/wiki/TransAsia_Airways	TransAsia Airways
/wiki/Nouvelair	Nouvelair
/wiki/MIAT_Mongolian_Airlines	MIAT Mongolian Airlines
/wiki/Lufthansa_Cargo	Lufthansa Cargo
/wiki/El_Al	El Al
/wiki/Sichuan_Airlines	Sichuan Airlines
/wiki/Rugby_Union	Rugby Union
/wiki/Toll_Priority	Toll Priority
/wiki/Rolls-Royce_Trent_900	Trent 972
/wiki/Scott_Hicks	Scott Hicks
/wiki/Avianca_El_Salvador	Avianca El Salvador
/wiki/Amcor	Amcor
/wiki/Korean_Air	Korean Air
/wiki/Air_Transat	Air Transat
/wiki/Perth	Perth
/wiki/Orica	Orica
/wiki/Cargojet_Airways	Cargojet Airways
/wiki/Firepower_International	Firepower International
/wiki/Naming_of_Qantas_aircraft	Naming of Qantas aircraft
/wiki/Telstra	Telstra
/wiki/Kenya_Airways	Kenya Airways
/wiki/Southern_Cross_Austereo	Southern Cross Austereo
/wiki/Belavia	Belavia
/wiki/I_Still_Call_Australia_Home	I Still Call Australia Home
/wiki/Caribbean_Airlines	Caribbean Airlines
/wiki/Google_News	Google News
/wiki/Northern_Territory	Northern Territory
/wiki/Rodney_Adler	Rodney Adler
/wiki/Air_Berlin	Air Berlin
/wiki/Air_France	Air France
/wiki/LAN_Express	LAN Express
/wiki/Air_Greenland	Air Greenland
/wiki/Fiji_Airways	Fiji Airways
/wiki/The_Age	The Age
/wiki/Qantas_(disambiguation)	Qantas (disambiguation)
/wiki/FedEx_Express	FedEx Express
/wiki/Air_Canada	Air Canada
/wiki/S%26P/ASX_300	S&P/ASX 300
/wiki/Austrian_Airlines	Austrian Airlines
/wiki/Asiana_Airlines	Asiana Airlines
/wiki/Nine_Entertainment_Co.	Nine Entertainment
/wiki/Malcolm_Turnbull	Malcolm Turnbull
/wiki/Macquarie_Group	Macquarie Group
/wiki/Darwin_International_Airport	Darwin International Airport
/wiki/APA_Group	APA
/wiki/DHL_Air_UK	DHL Air UK
/wiki/Airbus	Airbus
/wiki/Airbus_A330-200	Airbus A330-200
/wiki/Tasman_Cargo_Airlines	Tasman Cargo Airlines
/wiki/Australian_Chamber_of_Commerce_and_Industry	Australian Chamber of Commerce and Industry
/wiki/Mount_Erebus	Mount Erebus
/wiki/Meridiana	Meridiana
/wiki/Jetstar_Japan	Jetstar Japan
/wiki/Air_Niugini	Air Niugini
/wiki/ABC_News_(Australia)	ABC News (Australia)
/wiki/Oneworld#Oneworld_Sapphire	Oneworld Sapphire
/wiki/Nine_News#Early_Morning_News	Early Morning News
/wiki/Network_Aviation	Network Aviation
/wiki/Kuwait_Airways	Kuwait Airways
/wiki/Kerry_Stokes	Kerry Stokes
/wiki/Gol_Transportes_A%C3%A9reos	Gol Transportes Aéreos
/wiki/AtlasGlobal	AtlasGlobal
/wiki/DHL_International_Aviation_ME	DHL International Aviation ME
/wiki/Pakistan_International_Airlines	Pakistan International Airlines
/wiki/Peter_Morrissey	Peter Morrissey
/wiki/Qintex	Qintex
/wiki/CSL_Limited	CSL
/wiki/Juneyao_Airlines	Juneyao Airlines
/wiki/Iberia_(airline)	Iberia
/wiki/The_Double_Sunrise	The Double Sunrise
/wiki/Westpac	Westpac
/wiki/City_of_Botany_Bay	City of Botany Bay
/wiki/Indonesia	Indonesia
/wiki/CIMIC_Group	CIMIC
/wiki/Mauritius	Mauritius
/wiki/Peter_Abeles	Peter Abeles
/wiki/American_Airlines	American Airlines
/wiki/Planes_(film)	Planes
/wiki/Sidney_Myer	Sidney Myer
/wiki/Westfield_Corporation	Westfield
/wiki/Kerry_Packer	Kerry Packer
/wiki/Swiss_International_Air_Lines	Swiss International Air Lines
/wiki/Qatar_Airways	Qatar Airways
/wiki/Art_Gallery_of_New_South_Wales	Art Gallery of New South Wales
/wiki/Airbus_A380	Airbus A380
/wiki/Bauer_Media	Bauer Media
/wiki/Air_Vanuatu	Air Vanuatu
/wiki/Australian_Aborigine	Australian Aborigine
/wiki/LAN_Colombia	LAN Colombia
/wiki/Shoal_Air	Shoal Air
/wiki/National_Geographic_Channel	National Geographic Channel
/wiki/Australian_Licensed_Aircraft_Engineers_Association	Australian Licensed Aircraft Engineers Association
/wiki/Cobham_Aviation_Services_Australia	Cobham Aviation Services Australia
/wiki/Cathay_Pacific	Cathay Pacific
/wiki/Interair_South_Africa	Interair South Africa
/wiki/Adelaide_Bank	Adelaide Bank
/wiki/Minerals_Council_of_Australia	Minerals Council of Australia
/wiki/Shanghai_Airlines	Shanghai Airlines
/wiki/Perth_Airport	Perth Airport
/wiki/Moody%27s	Moody's
/wiki/Air_India	Air India
/wiki/Retrojet	retrojet
/wiki/AXA#In_Asia_Pacific	AXA Asia Pacific
/wiki/Oneworld#Oneworld_Emerald	Oneworld Emerald
/wiki/SilkAir	SilkAir
/wiki/Boeing_787_Dreamliner	Boeing 787-9
/wiki/Clive_Palmer	Clive Palmer
/wiki/Uluru	Uluru
/wiki/Hong_Kong_International_Airport	Hong Kong International Airport
/wiki/TMA_Cargo	TMA Cargo
/wiki/King_Brothers_(bus_operator)	King Brothers
/wiki/Australian_Industry_Group	Australian Industry Group
/wiki/Avianca_Peru	Avianca Peru
/wiki/Air_Europa	Air Europa
/wiki/Brisbane_Airport	Brisbane Airport
/wiki/Vietnam_Airlines	Vietnam Airlines
/wiki/Connexion_by_Boeing	Connexion by Boeing
/wiki/Warren_Anderson_(Australian_businessman)	Warren Anderson
/wiki/Qantas_Founders_Outback_Museum	Qantas Founders Outback Museum
/wiki/Nippon_Cargo_Airlines	Nippon Cargo Airlines
/wiki/Christopher_Skase	Christopher Skase
/wiki/Boeing_737-800	Boeing 737-800
/wiki/David_Morgan_(businessman)	David Morgan
/wiki/List_of_airlines_of_Australia	Airlines of Australia
/wiki/Janet_Holmes_%C3%A0_Court	Janet Holmes à Court
/wiki/Brambles_Limited	Brambles
/wiki/Georgian_Airways	Georgian Airways
/wiki/TAME	TAME
/wiki/S7_Airlines	S7 Airlines
/wiki/Jazeera_Airways	Jazeera Airways
/wiki/Onur_Air	Onur Air
/wiki/Air_Corsica	Air Corsica
/wiki/Nordwind_Airlines	Nordwind Airlines
/wiki/BA_CityFlyer	BA CityFlyer
/wiki/QBE_Insurance	QBE Insurance
/wiki/Jordan_Aviation	Jordan Aviation
/wiki/Etihad_Airways	Etihad Airways
/wiki/Winton,_Queensland	Winton, Queensland
/wiki/Goodman_Group	Goodman
/wiki/Rossiya_(airline)	Rossiya
/wiki/Saudia	Saudia
/wiki/Qantas_Group	Qantas Group
/wiki/Android_(operating_system)	Android
/wiki/Rolls-Royce_plc	Rolls-Royce
/wiki/Koala	koala
/wiki/OnAir	OnAir
/wiki/Ariana_Afghan_Airlines	Ariana Afghan Airlines
/wiki/Air_Tahiti_Nui	Air Tahiti Nui
/wiki/Israir_Airlines	Israir Airlines
/wiki/Airbus_A380	Airbus A380
/wiki/Safi_Airways	Safi Airways
/wiki/Air_Macau	Air Macau
/wiki/JetConnect	JetConnect
/wiki/Melbourne_Airport	Melbourne Airport
/wiki/ICAO_airline_designator	ICAO
/wiki/Bendigo_Bank	Bendigo Bank
/wiki/Air_Malta	Air Malta
/wiki/Wi-Fi	Wi-Fi
/wiki/Caltex_Australia	Caltex Australia
/wiki/Singapore_Changi_Airport	Singapore Changi Airport
/wiki/Virgin_Australia	Virgin Australia
/wiki/Azerbaijan_Airlines	Azerbaijan Airlines
/wiki/TAROM	TAROM
/wiki/Aeropelican_Air_Services	Aeropelican Air Services
/wiki/Air_Tahiti	Air Tahiti
/wiki/Pacific_Air_Express	Pacific Air Express
/wiki/Alaska_Airlines	Alaska Airlines
/wiki/Transport_in_Australia	Transport in Australia
/wiki/Australian_and_International_Pilots_Association	Australian and International Pilots Association
/wiki/Qantas_Flight_72	Qantas Flight 72
/wiki/Santos_Limited	Santos
/wiki/Iran_Air	Iran Air
/wiki/News_Corp_Australia	News Corp Australia
/wiki/TUIfly	TUIfly
/wiki/Aircruising_Australia	Aircruising Australia
/wiki/Offset_Alpine_fire	Offset Alpine fire
/wiki/Yakutia_Airlines	Yakutia Airlines
/wiki/Air_Link	Air Link
/wiki/Nine_Network	Nine Network
/wiki/Wayback_Machine	Wayback Machine
/wiki/Frequent-flyer_program	Frequent-flyer program
/wiki/Hi_Fly_(airline)	Hi Fly
/wiki/Nile_Air	Nile Air
/wiki/Mahan_Air	Mahan Air
/wiki/AeroMobile	AeroMobile
/wiki/Binter_Canarias	Binter Canarias
/wiki/SriLankan_Airlines	SriLankan Airlines
/wiki/Airtex_Aviation	Airtex Aviation
/wiki/Rod_Eddington	Rod Eddington
/wiki/List_of_airline_holding_companies	List of airline holding companies
/wiki/GPT_Group	GPT
/wiki/MasAir	MasAir
/wiki/James_Hardie	James Hardie
/wiki/Airline_alliance	Alliance
/wiki/Croatia_Airlines	Croatia Airlines
/wiki/Air_Mauritius	Air Mauritius
/wiki/Gail_Kelly	Gail Kelly
/wiki/TAM_Airlines	TAM Airlines
/wiki/Newcrest_Mining	Newcrest Mining
/wiki/Tianjin_Airlines	Tianjin Airlines
/wiki/World_War_II	World War II
/wiki/Woodside_Petroleum	Woodside Petroleum
/wiki/LAN_Ecuador	LAN Ecuador
/wiki/National_Australia_Bank	National Australia Bank
/wiki/Sunstate_Airlines	Sunstate Airlines
/wiki/Boeing_747-400	Boeing 747-400
/wiki/Bahrain_Air	Bahrain Air
/wiki/Admirals_Club	Admirals Club
/wiki/Ziggy_Switkowski	Ziggy Switkowski
/wiki/Foster%27s_Group	Fosters
/wiki/Robert_Champion_de_Crespigny	Robert Champion de Crespigny
/wiki/Portug%C3%A1lia	Portugália
/wiki/Oil_Search	Oil Search
/wiki/Joseph_Gutnick	Joseph Gutnick
/wiki/Azul_Brazilian_Airlines	Azul Brazilian Airlines
/wiki/Sydney	Sydney
/wiki/Lester_Brain	Lester Brain
/wiki/JetGo_Australia	JetGo Australia
/wiki/Qantas_destinations	Qantas destinations
/wiki/Rose_Bay,_New_South_Wales	Rose Bay
/wiki/Japan_Transocean_Air	Japan Transocean Air
/wiki/Fly_Tiwi	Fly Tiwi
/wiki/JB_Hi-Fi	JB Hi-Fi
/wiki/Atlas_Air	Atlas Air
/wiki/Mitsubishi_Corporation	Mitsubishi Corporation
/wiki/Skytraders	Skytraders
/wiki/FlyPelican	FlyPelican
/wiki/Alan_Joyce_(executive)	Alan Joyce
/wiki/Airlines_of_Tasmania	Airlines of Tasmania
/wiki/Singapore_Airlines	Singapore Airlines
/wiki/Transaero	Transaero
/wiki/XiamenAir	XiamenAir
/wiki/Scandinavian_Airlines	Scandinavian Airlines
/wiki/Corendon_Airlines	Corendon Airlines
/wiki/Batam	Batam
/wiki/Air_Seychelles	Air Seychelles
/wiki/Dallas/Fort_Worth_International_Airport	Dallas/Fort Worth International Airport
/wiki/Reg_Ansett	Reg Ansett
/wiki/Air_New_Zealand_Flight_901	Air New Zealand Flight 901
/wiki/China_Eastern_Airlines	China Eastern Airlines
/wiki/Cargolux_Italia	Cargolux Italia
/wiki/IPod	iPod
/wiki/Flight_International	Flight International
/wiki/History_of_Qantas	History of Qantas
/wiki/Iraqi_Airways	Iraqi Airways
/wiki/Hugh_Morgan_(businessman)	Hugh Morgan
/wiki/Impulse_Airlines	Impulse Airlines
/wiki/Air_Moldova	Air Moldova
/wiki/New_South_Wales	New South Wales
/wiki/Jodee_Rich	Jodee Rich
/wiki/Low-cost_carrier	low-cost carrier
/wiki/Fairfax_Media	Fairfax Media
/wiki/Sydney_Airport	Sydney Airport
/wiki/Qantas_Flight_32	Qantas Flight 32
/wiki/Qantas_Flight_30	Qantas Flight 30
/wiki/Mascot,_New_South_Wales	Mascot, New South Wales
/wiki/Qantas_Defence_Services	Qantas Defence Services
/wiki/StarTrack	StarTrack
/wiki/Stockland	Stockland
/wiki/Copycat_crimes	copycat
/wiki/Air_Astana	Air Astana
/wiki/Scentre_Group	Scentre
/wiki/2011_Qantas_industrial_disputes	2011 Qantas industrial disputes
/wiki/Lang_Hancock	Lang Hancock
/wiki/Armavia	Armavia
/wiki/Malaysia_Airlines	Malaysia Airlines
/wiki/Miranda_Kerr	Miranda Kerr
/wiki/Finnair	Finnair
/wiki/TV_Tonight	TV Tonight
/wiki/Queensland	Queensland
/wiki/Valuair	Valuair
/wiki/One.Tel	One.Tel
/wiki/Air_China	Air China
/wiki/LAM_Mozambique_Airlines	LAM Mozambique Airlines
/wiki/Lend_Lease_Group	Lend Lease
/wiki/Boeing_747-400	Boeing 747-400ER
/wiki/Shenzhen_Airlines	Shenzhen Airlines
/wiki/Australian_Airlines	Australian Airlines
/wiki/SunExpress	SunExpress
/wiki/David_Gonski	David Gonski
/wiki/Akubra	Akubra
/wiki/Jetstar_Pacific_Airlines	Jetstar Pacific Airlines
/wiki/Donavia	Donavia
/wiki/James_Packer	James Packer
/wiki/Air_Austral	Air Austral
/wiki/Shandong_Airlines	Shandong Airlines
/wiki/Tunisair	Tunisair
/wiki/Dick_Smith_(entrepreneur)	Dick Smith
/wiki/Eastern_Australia_Airlines	Eastern Australia Airlines
/wiki/Australian_Competition_and_Consumer_Commission	Australian Competition and Consumer Commission
/wiki/Sky_News_Australia	Sky News Australia
/wiki/Turkish_Airlines	Turkish Airlines
/wiki/The_Wall_Street_Journal	The Wall Street Journal
/wiki/BMI_Regional	BMI Regional
/wiki/EVA_Air	EVA Air
/wiki/Hunter_Street,_Sydney	Hunter Street
/wiki/Lockheed_Super_Constellation	Lockheed Super Constellation
/wiki/Express_Freighters_Australia	Express Freighters Australia
/wiki/Venice	Venice
/wiki/Qantas_Frequent_Flyer	Qantas Frequent Flyer
/wiki/Royal_Jordanian	Royal Jordanian
/wiki/PrivatAir	PrivatAir
/wiki/Tigerair_Australia	Tigerair Australia
/wiki/LAN_Peru	LAN Peru
/wiki/South_African_Express	South African Express
/wiki/S%26P/ASX_200	S&P/ASX 200
/wiki/UTair_Aviation	UTair Aviation
/wiki/Regional_Express_Airlines	Regional Express Airlines
/wiki/JetKonnect	JetKonnect
/wiki/Los_Angeles_International_Airport	Los Angeles International Airport
/wiki/Computershare	Computershare
/wiki/Jacques_Nasser	Jacques Nasser
/wiki/Aegean_Airlines	Aegean Airlines
/wiki/Sydney_Airport_Holdings	Sydney Airport Holdings
/wiki/Bangkok	Bangkok
/wiki/Montenegro_Airlines	Montenegro Airlines
/wiki/Malm%C3%B6_Aviation	Malmö Aviation
/wiki/Daily_Mail	Daily Mail
/wiki/Nancy-Bird_Walton	Nancy-Bird Walton
/wiki/American_Eagle_(airline_brand)	American Eagle
/wiki/Adelaide_Airport	Adelaide Airport
/wiki/InterSky	InterSky
/wiki/Maroomba_Airlines	Maroomba Airlines
/wiki/Air_New_Zealand	Air New Zealand
/wiki/TACV	TACV
/wiki/List_of_Qantas_fatal_accidents	List of Qantas fatal accidents
/wiki/Codeshare_agreement	codeshare agreements
/wiki/ABC_News_(Australia)	ABC News
/wiki/Air_One	Air One
/wiki/Hong_Kong_Express	Hong Kong Express
/wiki/Airnorth	Airnorth
/wiki/Pegasus_Airlines	Pegasus Airlines
/wiki/Insel_Air	Insel Air
/wiki/Qantas_fleet_history	Qantas fleet history
/wiki/LOT_Polish_Airlines	LOT Polish Airlines
/wiki/Challenger_Limited	Challenger
/wiki/Australian_Grand_Prix	Australian Grand Prix
/wiki/Longreach,_Queensland	Longreach, Queensland
/wiki/Dubai_International_Airport	Dubai International Airport
/wiki/Frank_Packer	Frank Packer
/wiki/Seven_West_Media	Seven West Media
/wiki/WA_Inc	WA Inc
/wiki/Mexicana_de_Aviaci%C3%B3n	Mexicana
/wiki/Government_of_Australia	Government of Australia
/wiki/Whiteout_(weather)	sector whiteout
/wiki/Sonic_Healthcare	Sonic Healthcare
/wiki/Australian_Securities_Exchange	Australian Securities Exchange
/wiki/Flag_carrier	flag carrier
/wiki/Commonwealth_Bank	Commonwealth Bank
/wiki/King_Island_Airlines	King Island Airlines
/wiki/Lufthansa	Lufthansa
/wiki/Frequent_flyer_program	frequent flyer programme
/wiki/Precision_Air	Precision Air
/wiki/Dragonair	Dragonair
/wiki/Victoria,_Australia	Victoria
/wiki/Thai_Airways	Thai Airways International
/wiki/Sydney_Airport_Corporation	Sydney Airport Corporation
/wiki/Premium_economy	Premium economy
/wiki/Skytrans_Airlines	Skytrans Airlines
/wiki/International_Air_Transport_Association	International Air Transport Association
/wiki/Medibank	Medibank
/wiki/Middle_East_Airlines	Middle East Airlines
/wiki/BHP_Billiton	BHP Billiton
/wiki/Air_Koryo	Air Koryo
/wiki/C._W._A._Scott	C. W. A. Scott
/wiki/Aerol%C3%ADneas_Argentinas	Aerolíneas Argentinas
/wiki/Coles_Group	Coles
/wiki/IOS	iOS
/wiki/Freebird_Airlines	Freebird Airlines
/wiki/Eurowings	Eurowings
/wiki/Rupert_Murdoch	Rupert Murdoch
/wiki/John_Holland_Group	John Holland
/wiki/Air_Madagascar	Air Madagascar
/wiki/Luxair	Luxair
/wiki/Asciano_Limited	Asciano
/wiki/The_Herald_Sun	The Herald Sun
/wiki/Origin_Energy	Origin Energy
/wiki/SATA_Air_A%C3%A7ores	SATA Air Açores
/wiki/Air_charter	air charter
/wiki/Australian_Prudential_Regulation_Authority	Australian Prudential Regulation Authority
/wiki/Coca-Cola_Amatil	Coca-Cola Amatil
/wiki/Philippine_Airlines	Philippine Airlines
/wiki/Daily_Mail_Australia	Daily Mail Australia
/wiki/News.com.au	news.com.au
/wiki/Ethiopian_Airlines	Ethiopian Airlines
/wiki/The_Independent	The Independent
/wiki/Adria_Airways	Adria Airways
/wiki/Suncorp_Group	Suncorp
/wiki/Australian_air_Express	Australian air Express
/wiki/Holden	Holden
/wiki/Hainan_Airlines	Hainan Airlines
/wiki/JAL_Express	JAL Express
/wiki/Skippers_Aviation	Skippers Aviation
/wiki/Singapore	Singapore
/wiki/HIH_Insurance	HIH Insurance
/wiki/BlueScope_Steel	BlueScope Steel
/wiki/Storm_Financial	Storm Financial
/wiki/Timbercorp	Timbercorp
/wiki/AMP_Limited	AMP
/wiki/S%26P/ASX_20	S&P/ASX 20
/wiki/Arkia_Israel_Airlines	Arkia Israel Airlines
/wiki/Oman_Air	Oman Air
/wiki/Ray_Williams_(businessman)	Ray Williams
/wiki/All_Nippon_Airways	All Nippon Airways
/wiki/Hawaiian_Airlines	Hawaiian Airlines
/wiki/Vladivostok_Air	Vladivostok Air
/wiki/Arvi_Parbo	Arvi Parbo
/wiki/Pedophilia	paedophile
/wiki/Cargolux	Cargolux
/wiki/Transurban	Transurban
/wiki/Austral_L%C3%ADneas_A%C3%A9reas	Austral Líneas Aéreas
/wiki/Australia	Australia
/wiki/Lufthansa_CityLine	Lufthansa CityLine
/wiki/Audio_video_on_demand	audio video on demand
/wiki/Peter_Allen_(musician)	Peter Allen
/wiki/Royal_Brunei_Airlines	Royal Brunei Airlines
/wiki/Royal_Air_Maroc	Royal Air Maroc
/wiki/Jetstar_Airways	Jetstar Airways
/wiki/Revenue	Revenue
/wiki/Wayne_Mansfield	Wayne Mansfield
/wiki/James_Murdoch	James Murdoch
/wiki/Marc_Newson	Marc Newson
/wiki/Volga-Dnepr_Airlines	Volga-Dnepr Airlines
/wiki/LAN_Cargo	LAN Cargo
/wiki/Department_of_Transport_and_Regional_Services_(Australia)	Department of Transport and Regional Services
/wiki/Boeing_707	Boeing 707
/wiki/Air_Botswana	Air Botswana
/wiki/Ninoy_Aquino_International_Airport	Ninoy Aquino International Airport
/wiki/Niki_(airline)	Niki
/wiki/CityJet	CityJet
/wiki/Poseidon_bubble	Poseidon bubble
/wiki/Macquarie_Radio_Network	Macquarie Radio
/wiki/National_Farmers%27_Federation	National Farmers' Federation
/wiki/Singapore_Airlines_Cargo	Singapore Airlines Cargo
/wiki/Howard_Morris	Howard Morris
/wiki/James_Hardie#Asbestos_products_and_controversy	James Hardie asbestos controversy
/wiki/Leigh_Clifford	Leigh Clifford
/wiki/Virgin_Australia_Regional_Airlines	Virgin Australia Regional Airlines
/wiki/Iran_Aseman_Airlines	Iran Aseman Airlines
/wiki/Rio_Tinto_Group	Rio Tinto
/wiki/China_Cargo_Airlines	China Cargo Airlines
/wiki/RAAF_Learmonth	Learmonth
/wiki/Fair_Work_Australia	Fair Work Australia
/wiki/LAN_Airlines	LAN Airlines
/wiki/Blue1	Blue1
/wiki/Globus_Airlines	Globus Airlines
/wiki/Incitec_Pivot	Incitec Pivot
/wiki/Ukraine_International_Airlines	Ukraine International Airlines
/wiki/Harry_Triguboff	Harry Triguboff
/wiki/Bridgecorp_Holdings	Bridgecorp Holdings
/wiki/Australian_Transport_Safety_Bureau	Australian Transport Safety Bureau
/wiki/Czech_Airlines	Czech Airlines
/wiki/LAN_Argentina	LAN Argentina
/wiki/Ansett_Australia	Ansett Australia
/wiki/White_Airways	White Airways
/wiki/Australian_Hotels_Association	Australian Hotels Association
/wiki/US_Airways	US Airways
/wiki/Continental_Micronesia	Continental Micronesia
/wiki/China_Airlines	China Airlines
/wiki/Flightglobal	Flightglobal
/wiki/Volaris	Volaris
/wiki/Gulf_Air	Gulf Air
/wiki/Economy_of_Australia	Economy of Australia
/wiki/TAAG_Angola_Airlines	TAAG Angola Airlines
/wiki/Fly-in_fly-out	fly-in fly-out
/wiki/QantasLink	QantasLink
/wiki/SATA_International	SATA International
/wiki/BBC_News	BBC News
/wiki/Sharp_Airlines	Sharp Airlines
/wiki/Dubbo	Dubbo
/wiki/Aerom%C3%A9xico	Aeroméxico
/wiki/Copa_Airlines	Copa Airlines
/wiki/List_of_airlines_of_Australia	List of airlines of Australia
/wiki/Safair	Safair
/wiki/Surinam_Airways	Surinam Airways
/wiki/South_China_Sea	South China Sea
/wiki/AlMasria_Universal_Airlines	AlMasria Universal Airlines
/wiki/Bulgaria_Air	Bulgaria Air
/wiki/Darwin,_Australia	Darwin
/wiki/Aer_Lingus	Aer Lingus
/wiki/Sudan_Airways	Sudan Airways
/wiki/Avro_504	Avro 504K
/wiki/Comair_(South_Africa)	Comair
/wiki/Keith_Thiele	Keith Thiele
/wiki/Rockwell_Collins	Rockwell Collins
/wiki/Antarctica	Antarctica
/wiki/Canadian_Airlines	Canadian Airlines
/wiki/Amadeus_IT_Group	Amadeus
/wiki/Focus_city	Focus cities
/wiki/Wesfarmers	Wesfarmers
/wiki/Cochlear_Limited	Cochlear
/wiki/Icelandair	Icelandair
/wiki/United_Airlines	United Airlines
/wiki/Andrew_Forrest	Andrew Forrest
/wiki/Solomon_Trujillo	Solomon Trujillo
/wiki/Libyan_Airlines	Libyan Airlines
/wiki/KLM	KLM
/wiki/IATA_airline_designator	IATA
/wiki/Melbourne	Melbourne
/wiki/Outback	outback
/wiki/Iberia_Express	Iberia Express
/wiki/Airlink	Airlink
/wiki/Hinterland_Aviation	Hinterland Aviation
/wiki/South_African_Airways	South African Airways
/wiki/Flybe	Flybe
/wiki/Avianca	Avianca
/wiki/Copa_Airlines_Colombia	Copa Airlines Colombia
/wiki/TNT_Airways	TNT Airways
/wiki/Sky_Airlines	Sky Airlines
/wiki/Dexus_Property_Group	Dexus
/wiki/TAM_Airlines_(Paraguay)	TAM Airlines (Paraguay)
/wiki/Yemenia	Yemenia
/wiki/Avro_Lancastrian	Avro Lancastrian
/wiki/Air_ambulance	air ambulance
