/wiki/Inedia	Inedia
/wiki/Humorism	Humorism
/wiki/Slurpee	Slurpee
/wiki/Adobe_Flash	Flash
/wiki/Urine	urine
/wiki/Colon_cleansing	Colon cleansing
/wiki/Dehydration	dehydration
/wiki/Sadhu	sadhu
/wiki/Superseded_scientific_theories	Superseded scientific theories
/wiki/Google_Videos	Google Videos
/wiki/Cola	cola
/wiki/Japhetic_theory	Japhetic theory
/wiki/Cheeseburger	cheeseburger
/wiki/Pseudohistory	Pseudohistory
/wiki/Crank_(person)	Crank
/wiki/Ig_Nobel_Prize	Ig Nobel Prize
/wiki/Paramahansa_Yogananda	Paramahansa Yogananda
/wiki/Ahmedabad	Ahmedabad
/wiki/That%27s_Incredible!	That's Incredible!
/wiki/Physical_body	physical body
/wiki/Focal_infection_theory	Focal infection theory
/wiki/Coffee	coffee
/wiki/Tel_Aviv_Sourasky_Medical_Center	Tel Aviv Sourasky Medical Center
/wiki/Food	food
/wiki/Cargo_cult_science	Cargo cult science
/wiki/Trepanning	Trepanning
/wiki/Germ_theory_denialism	Germ theory denialism
/wiki/The_Skeptic_Encyclopedia_of_Pseudoscience	The Skeptic Encyclopedia of Pseudoscience
/wiki/Orgone	Orgone
/wiki/No_Way_to_Heaven	No Way to Heaven
/wiki/Numerology	Numerology
/wiki/Paranormal	Paranormal
/wiki/Nazi_archaeology	Nazi archaeology
/wiki/Starvation	starvation
/wiki/Australian_Skeptics	Australian Skeptics
/wiki/Pathological_science	Pathological science
/wiki/Voodoo_science	Voodoo science
/wiki/Rosicrucianism	Rosicrucian
/wiki/Alchemy	Alchemy
/wiki/True-believer_syndrome	True-believer syndrome
/wiki/Naturopathy	Naturopathy
/wiki/Paracelsus	Paracelsus
/wiki/Junk_science	Junk science
/wiki/Snake_oil	Snake oil
/wiki/Ancient_astronauts	Ancient astronauts
/wiki/Cryptozoology	Cryptozoology
/wiki/Wire_transfer	wire transfer
/wiki/Quantum_mysticism	Quantum mysticism
/wiki/Nibiru_cataclysm	Nibiru cataclysm
/wiki/HIV/AIDS_denialism	HIV/AIDS denialism
/wiki/Subtle_body	light body
/wiki/Conspiracy_theory	Conspiracy theory
/wiki/Diet_Coke	Diet Coke
/wiki/The_Ragged_Edge_of_Science	The Ragged Edge of Science
/wiki/60_Minutes_(Australian_TV_program)	60 Minutes
/wiki/Comte_de_Gabalis	Comte de Gabalis
/wiki/Scientific_racism	Scientific racism
/wiki/Genocide_denial	Genocide denial
/wiki/Committee_for_Skeptical_Inquiry	Committee for Skeptical Inquiry
/wiki/Magnet_therapy	Magnet therapy
/wiki/CCTV	CCTV
/wiki/Yahoo_News	Yahoo News
/wiki/Water	water
/wiki/Pseudoscience	Pseudoscience
/wiki/Therese_Neumann	Therese Neumann
/wiki/The_Skeptic%27s_Dictionary	The Skeptic's Dictionary
/wiki/The_Sunday_Times_(UK)	The Sunday Times
/wiki/Body_memory	Body memory
/wiki/2012_phenomenon	2012 phenomenon
/wiki/Fads_and_Fallacies_in_the_Name_of_Science	Fads and Fallacies in the Name of Science
/wiki/Sanal_Edamaruku	Sanal Edamaruku
/wiki/Crystal_healing	Crystal healing
/wiki/Fringe_science	Fringe science
/wiki/Lifestyle_(sociology)	lifestyle
/wiki/Dowsing	Dowsing
/wiki/Pseudoscience	pseudoscience
/wiki/Moon_landing_conspiracy_theories	Moon landing conspiracy theories
/wiki/St._Germain_(Theosophy)	St. Germain
/wiki/Alternative_medicine	Alternative medicine
/wiki/Aztec	Aztecs
/wiki/Encyclopedia_of_Pseudoscience	Encyclopedia of Pseudoscience
/wiki/Catastrophism	Catastrophism
/wiki/Devraha_Baba	Devraha Baba
/wiki/Pollution	pollution
/wiki/Holocaust_denial	Holocaust denial
/wiki/Bigu_(avoiding_grains)	Bigu (avoiding grains)
/wiki/Quackwatch	Quackwatch
/wiki/Gujarat	Gujarat
/wiki/Bogdanov_affair	Bogdanov affair
/wiki/Snopes.com	Snopes.com
/wiki/Investigative_journalism	investigative show
/wiki/Prana	prana
/wiki/Acupuncture	Acupuncture
/wiki/Creation_science	Creation science
/wiki/Associated_Press	Associated Press
/wiki/Santa_Cruz,_California	Santa Cruz
/wiki/Polygraph	Polygraph
/wiki/McDonald%27s	McDonald's
/wiki/Sunlight	sunlight
/wiki/Buttermilk	buttermilk
/wiki/Melanin_theory	Melanin theory
/wiki/Tea	tea
/wiki/Perpetual_motion	Perpetual motion
/wiki/Billionaire	billionaires
/wiki/Psychohistory	Psychohistory
/wiki/DNA	DNA
/wiki/Chiropractic	Chiropractic
/wiki/Bates_method	Bates method
/wiki/Applied_kinesiology	Applied kinesiology
/wiki/Sungazing	Sungazing
/wiki/Cults_of_Unreason	Cults of Unreason
/wiki/Phrenology	Phrenology
/wiki/Charlatan	Charlatan
/wiki/Rama	Rama
/wiki/Maya_peoples	Mayans
/wiki/Pseudoarcheology	Pseudoarcheology
/wiki/Ear_candling	Ear candling
/wiki/Yogi	Yogis
/wiki/Reiki	Reiki
/wiki/Anthroposophic_medicine	Anthroposophic medicine
/wiki/Colors_(magazine)	Colors
/wiki/List_of_topics_characterized_as_pseudoscience	List of topics characterized as pseudoscience
/wiki/Cardiologist	Cardiologist
/wiki/Prahlad_Jani	Prahlad Jani
/wiki/Quackery	Quackery
/wiki/Ufology	Ufology
/wiki/Israel	Israeli
/wiki/Chromotherapy	Chromotherapy
/wiki/Lysenkoism	Lysenkoism
/wiki/Aryan_Race	Aryan Race
/wiki/%C5%9Aarabhanga	Śarabhanga
/wiki/Fasting_girls	Fasting girls
/wiki/Hinduism	Hinduism
/wiki/Australia	Australian
/wiki/Junk_food	junk food
/wiki/Indian_Rationalist_Association	Indian Rationalist Association
/wiki/Herald_Sun	Herald Sun
/wiki/Fringe_theory	Fringe theory
/wiki/Dialysis	dialysis
/wiki/Conversion_therapy	Conversion therapy
/wiki/Intelligent_design	Intelligent design
/wiki/Twinkie	Twinkies
/wiki/Lunar_effect	Lunar effect
/wiki/Johnny_Lovewisdom	Johnny Lovewisdom
/wiki/Ramayana	Ramayana
/wiki/Biodynamic_agriculture	Biodynamic agriculture
/wiki/Ayurveda	Ayurveda
/wiki/Diet_(nutrition)	diet
/wiki/Jasmuheen	Jasmuheen
/wiki/Ram_Bahadur_Bomjon	Ram Bahadur Bomjon
/wiki/Skeptical_Inquirer	Skeptical Inquirer
/wiki/7-Eleven	7-Eleven
/wiki/In_the_Beginning_There_Was_Light	In the Beginning There Was Light
/wiki/Homeopathy	Homeopathy
/wiki/Negationism	Negationism
/wiki/Fasting	fasting
/wiki/Stress_(medicine)	stress
/wiki/Hot_dog	hot dog
/wiki/Bent_Spoon_Award	Bent Spoon Award
/wiki/Nutrition	Nutritional
/wiki/Dianetics	Dianetics
/wiki/Bloodletting	Bloodletting
/wiki/Astrology	Astrology
