/wiki/George_Abbot_(bishop)	George Abbot (bishop)
/wiki/Mellitus	Mellitus
/wiki/%C3%86lfwig	Ælfwig
/wiki/Nag%27s_Head_Fable	Nag's Head Fable
/wiki/John_King_(bishop)	John King
/wiki/John_de_Ufford	John de Ufford
/wiki/Thomas_Hayter	Thomas Hayter
/wiki/John_Whitgift	John Whitgift
/wiki/Reginald_Pole	Reginald Pole
/wiki/William_Whittlesey	William Whittlesey
/wiki/Randall_Davidson	Randall Davidson
/wiki/Laurence_of_Canterbury	Laurence
/wiki/Wigheah	Wigheah
/wiki/Henry_Compton_(bishop)	Henry Compton
/wiki/Athelm	Athelm
/wiki/Byrhthelm	Byrhthelm
/wiki/Robert_FitzHugh	Robert FitzHugh
/wiki/Guildford	Guildford, Surrey
/wiki/Early_English_Books_Online	Early English Books Online
/wiki/Frederick_Temple	Frederick Temple
/wiki/%C3%86lfsige	Ælfsige
/wiki/Simon_Mepeham	Simon Mepeham
/wiki/John_Watson_(bishop)	John Watson
/wiki/Edwin_Sandys_(bishop)	Edwin Sandys
/wiki/William_Juxon	William Juxon
/wiki/Richard_Vaughan_(bishop)	Richard Vaughan
/wiki/Simon_Sudbury	Simon Sudbury
/wiki/William_de_Corbeil	William de Corbeil
/wiki/Ingwald	Ingwald
/wiki/Edmund_Grindal	Edmund Grindal
/wiki/Ralph_Stratford	Ralph Stratford
/wiki/Eustace_of_Fauconberg	Eustace of Fauconberg
/wiki/%C3%86thelgar	Æthelgar
/wiki/Charles_Blomfield	Charles Blomfield
/wiki/George_Home,_1st_Earl_of_Dunbar	George Home, 1st Earl of Dunbar
/wiki/John_of_Sittingbourne	John of Sittingbourne
/wiki/Bramshill_House	Bramshill
/wiki/Thomas_Savage_(bishop)	Thomas Savage
/wiki/Heathoberht	Heathoberht
/wiki/Prelate	prelate
/wiki/Henry_Chichele	Henry Chichele
/wiki/Master_of_University_College,_Oxford	Master of University College, Oxford
/wiki/William_the_Norman	William the Norman
/wiki/Calvinist	Calvinist
/wiki/Roger_Niger	Roger Niger
/wiki/National_Portrait_Gallery,_London	National Portrait Gallery, London
/wiki/Thomas_Cranmer	Thomas Cranmer
/wiki/List_of_Archbishops_of_Canterbury	Archbishops of Canterbury
/wiki/Eadgar_of_London	Eadgar
/wiki/Henry_Deane	Henry Deane
/wiki/Richard_FitzJames	Richard FitzJames
/wiki/Deusdedit_of_Canterbury	Deusdedit
/wiki/Justus	Justus
/wiki/Reginald_Fitz_Jocelin	Reginald Fitz Jocelin
/wiki/George_Abbot_School	George Abbot School
/wiki/William_Laud	William Laud
/wiki/John_Peckham	John Peckham
/wiki/Declaration_of_Sports	Declaration of Sports
/wiki/John_Stokesley	John Stokesley
/wiki/Graham_Leonard	Graham Leonard
/wiki/Wulfred	Wulfred
/wiki/John_Bramston_(priest)	John Bramston
/wiki/Wine_(bishop)	Wine
/wiki/John_de_Stratford	John de Stratford
/wiki/Bishop_of_Lichfield	Bishop of Lichfield
/wiki/Chambers_Biographical_Dictionary	Chambers Biographical Dictionary
/wiki/Maurice_Abbot	Maurice
/wiki/Richard_Bancroft	Richard Bancroft
/wiki/Theodore_of_Tarsus	Theodore of Tarsus
/wiki/William_Sancroft	William Sancroft
/wiki/John_de_Gray	John de Gray
/wiki/Arthur_Winnington-Ingram	Arthur Winnington-Ingram
/wiki/Gordon_Selwyn	Gordon Selwyn
/wiki/Bishop_of_London	London
/wiki/Dean_of_Winchester	Deans of Winchester
/wiki/Henry_Airay	Henry Airay
/wiki/Robert_Lowth	Robert Lowth
/wiki/Routledge	Routledge
/wiki/Henry_of_Sandwich	Henry of Sandwich
/wiki/Maria_Anna_of_Spain	Maria Anna
/wiki/Trevor_Beeson	Trevor Beeson
/wiki/Winchester_Cathedral	Winchester
/wiki/Apostolic_succession	apostolic succession
/wiki/Robert_Winchelsey	Robert Winchelsey
/wiki/Nicholas_Ridley_(martyr)	Nicholas Ridley
/wiki/John_Tillotson	John Tillotson
/wiki/Coenwalh_(bishop)	Coenwalh
/wiki/Richard_Clifford	Richard Clifford
/wiki/Richard_de_Wentworth	Richard de Wentworth
/wiki/Episcopal_see	see
/wiki/Lord_High_Treasurer	First Lord of the Treasury
/wiki/Cosmo_Gordon_Lang	Cosmo Lang
/wiki/Robert_de_Sigello	Robert de Sigello
/wiki/Stigand	Stigand
/wiki/Thomas_Herring	Thomas Herring
/wiki/Michael_Northburgh	Michael Northburgh
/wiki/Anglicanism#Anglican_divines	divine
/wiki/Bishop_of_Salisbury	Bishop of Salisbury
/wiki/Holy_Trinity_Church,_Guildford	Holy Trinity Church
/wiki/William_Courtenay	William Courtenay
/wiki/William_Temple_(bishop)	William Temple
/wiki/Henry_Wingham	Henry Wingham
/wiki/John_Williams_(academic)	John Williams
/wiki/Croydon	Croydon
/wiki/John_Chishull	John Chishull
/wiki/Walter_d%27Eynsham	Walter d'Eynsham
/wiki/Edmund_Gibson	Edmund Gibson
/wiki/Heahstan	Heahstan
/wiki/Charles_Manners-Sutton	Charles Manners-Sutton
/wiki/John_Mason_(diplomat)	Sir John Mason
/wiki/Henry_Montagu,_1st_Earl_of_Manchester	The Earl of Manchester
/wiki/Thomas_Becket	Thomas Becket
/wiki/William_Barons	William Barons
/wiki/William_Grey_(bishop_of_Lincoln)	William Grey
/wiki/Thomas_Garnier	Thomas Garnier
/wiki/John_Potter_(bishop)	John Potter
/wiki/Earconwald	Earconwald
/wiki/John_Stafford_(bishop)	John Stafford
/wiki/Richard_le_Grant	Richard le Grant
/wiki/Michael_Ramsey	Michael Ramsey
/wiki/Richard_Talbot_(bishop_of_London)	Richard Talbot
/wiki/Public_domain	public domain
/wiki/Lord_Mayor_of_London	Lord Mayor of London
/wiki/William_Howley	William Howley
/wiki/Thomas_Tenison	Thomas Tenison
/wiki/University_of_Oxford	University
/wiki/Robert_Gilbert_(bishop)	Robert Gilbert
/wiki/Thomas_Ravis	Thomas Ravis
/wiki/Thomas_Secker	Thomas Secker
/wiki/Justin_Welby	Justin Welby
/wiki/Church_of_England	Church of England titles
/wiki/Wighard	Wighard
/wiki/Michael_Stancliffe	Michael Stancliffe
/wiki/Thomas_Thornton	Thomas Thornton
/wiki/Melancholia	melancholia
/wiki/James_Atwell	James Atwell
/wiki/Robert_Sibthorp	Robert Sibthorp
/wiki/Martin_Heton	Martin Heton
/wiki/Robert_Braybrooke	Robert Braybrooke
/wiki/Puritan	Puritan
/wiki/J%C3%A6nberht	Jænberht
/wiki/John_Sumner_(bishop)	John Sumner
/wiki/Northampton	Northampton
/wiki/Oswin_Gibbs-Smith	Oswin Gibbs-Smith
/wiki/Humphrey_Henchman	Humphrey Henchman
/wiki/Ralph_d%27Escures	Ralph d'Escures
/wiki/Charles_Longley	Charles Longley
/wiki/Thomas_Bourchier_(cardinal)	Thomas Bourchier
/wiki/Richard_Meggot	Richard Meggot
/wiki/Richard_Osbaldeston	Richard Osbaldeston
/wiki/Thomas_Sherlock	Thomas Sherlock
/wiki/Thomas_Kempe	Thomas Kempe
/wiki/Maurice_Abbot	Maurice Abbot
/wiki/Fulke_Lovell	Fulke Lovell
/wiki/Cedd	Cedd
/wiki/University_College,_Oxford	University College
/wiki/Ecgwulf	Ecgwulf
/wiki/Edward_Benson_(bishop)	Edward Benson
/wiki/Tatwine	Tatwine
/wiki/Robert_Abbot_(bishop)	Robert
/wiki/Scotland	Scotland
/wiki/%C3%86thelhard	Æthelhard
/wiki/Jonathan_Shipley	Jonathan Shipley
/wiki/Ralph_Neville	Ralph Neville
/wiki/Leofstan	Leofstan
/wiki/Richard_of_Dover	Richard of Dover
/wiki/Geoffrey_Fisher	Geoffrey Fisher
/wiki/Thomas_Bradwardine	Thomas Bradwardine
/wiki/George_Ryves	George Ryves
/wiki/William_Edington	William Edington
/wiki/William_Chillenden	William Chillenden
/wiki/William_of_Sainte-M%C3%A8re-Eglise	William of Sainte-Mère-Eglise
/wiki/Vice-Chancellor	Vice-Chancellor
/wiki/Robert_Runcie	Robert Runcie
/wiki/Theobald_of_Bec	Theobald of Bec
/wiki/Hubert_Walter	Hubert Walter
/wiki/Matthew_Hutton_(archbishop_of_Canterbury)	Matthew Hutton
/wiki/John_Wickart	John Wickart
/wiki/Authorized_King_James_Version	authorised version
/wiki/Simon_Islip	Simon Islip
/wiki/Donald_Coggan	Donald Coggan
/wiki/Earl_of_Essex	Earl of Essex
/wiki/Lanfranc	Lanfranc
/wiki/Robert_Stopford	Robert Stopford
/wiki/University_of_Dublin	Trinity College, Dublin
/wiki/John_Bancroft_(bishop)	John Bancroft
/wiki/Robert_Burnell	Robert Burnell
/wiki/Gilbert_Universalis	Gilbert Universalis
/wiki/Thomas_Morton_(bishop)	Thomas Morton
/wiki/Matthew_Parker	Matthew Parker
/wiki/David_Hope,_Baron_Hope_of_Thornes	David Hope
/wiki/Richard_Newport_(bishop)	Richard Newport
/wiki/Richard_de_Belmeis_II	Richard de Belmeis II
/wiki/Eadsige	Eadsige
/wiki/Frederick_V,_Elector_Palatine	Frederick V, Elector Palatine
/wiki/William_Stephens_(Dean_of_Winchester)	William Stephens
/wiki/Hugh_d%27Orevalle	Hugh d'Orevalle
/wiki/Spearhafoc	Spearhafoc
/wiki/Zachary_Pearce	Zachary Pearce
/wiki/Thomas_Langton	Thomas Langton
/wiki/Baldwin_of_Forde	Baldwin of Forde
/wiki/John_Moore_(archbishop_of_Canterbury)	John Moore
/wiki/New_Testament	New Testament
/wiki/Nicholas_Bubwith	Nicholas Bubwith
/wiki/Thomas_Arundel	Thomas Arundel
/wiki/Bishop_of_Lichfield_and_Coventry	Bishop of Lichfield and Coventry
/wiki/Archbishop_of_Canterbury	Canterbury
/wiki/Honorius_of_Canterbury	Honorius
/wiki/Wulfsige_of_London	Wulfsige
/wiki/Dean_(religion)	Dean
/wiki/John_Aylmer_(bishop)	John Aylmer
/wiki/Richard_FitzNeal	Richard FitzNeal
/wiki/Cuthbert_of_Canterbury	Cuthbert
/wiki/Surrey	Surrey
/wiki/John_Kemp	John Kemp
/wiki/Oxford_University_Press	Oxford University Press
/wiki/Frederick_Cornwallis	Frederick Cornwallis
/wiki/Henry_Montgomery_Campbell	Henry Montgomery Campbell
/wiki/Primate_(bishop)	primate
/wiki/John_Jackson_(bishop)	John Jackson
/wiki/George_Carey	George Carey
/wiki/Edmund_Rich	Edmund Rich
/wiki/Sigeric_the_Serious	Sigeric the Serious
/wiki/Thomas_Rennell	Thomas Rennell
/wiki/Deorwulf	Deorwulf
/wiki/William_Kingsmill_(priest)	William Kingsmill
/wiki/Robert_of_Jumi%C3%A8ges	Robert of Jumièges
/wiki/Anthony_Gate	Anthony Gate
/wiki/George_Kitchin	George Kitchin
/wiki/Waldhere_(bishop)	Waldhere
/wiki/Royal_Grammar_School,_Guildford	Royal Grammar School, Guildford
/wiki/Oda_of_Canterbury	Oda
/wiki/Richard_Fletcher_(bishop)	Richard Fletcher
/wiki/Richard_Terrick	Richard Terrick
/wiki/Richard_Chartres	Richard Chartres
/wiki/Walter_Reynolds	Walter Reynolds
/wiki/Gilbert_Sheldon	Gilbert Sheldon
/wiki/Charles_I_of_England	King Charles I
/wiki/Robert_Kilwardby	Robert Kilwardby
/wiki/William_Clarke_(priest)	William Clarke
/wiki/Hampshire	Hampshire
/wiki/Vice-Chancellor_of_the_University_of_Oxford	Vice-Chancellor of the University of Oxford
/wiki/Michael_Till	Michael Till
/wiki/King_James_Version	King James Version
/wiki/Ralph_Baldock	Ralph Baldock
/wiki/Richard_Gravesend	Richard Gravesend
/wiki/Wulfstan_(died_1023)	Wulfstan
/wiki/Gilbert_Segrave	Gilbert Segrave
/wiki/John_Howson	John Howson
/wiki/John_Randolph_(bishop_of_London)	John Randolph
/wiki/Richard_Neile	Richard Neile
/wiki/Gilbert_Foliot	Gilbert Foliot
/wiki/Homicide	homicide
/wiki/Bregowine	Bregowine
/wiki/Mandell_Creighton	Mandell Creighton
/wiki/Encyclop%C3%A6dia_Britannica_Eleventh_Edition	Encyclopædia Britannica
/wiki/Balliol_College,_Oxford	Balliol College, Oxford
/wiki/John_Morton_(cardinal)	John Morton
/wiki/Archibald_Tait	Archibald Tait
/wiki/William_Holden_Hutton	William Holden Hutton
/wiki/Gerald_Ellison	Gerald Ellison
/wiki/Bishop_of_London	Bishop of London
/wiki/Cuthbert_Tunstall	Cuthbert Tunstall
/wiki/Ceolberht	Ceolberht
/wiki/Guildford	Guildford
/wiki/Nothhelm	Nothhelm
/wiki/Berhtwald	Berhtwald
/wiki/Bishop_of_London	Bishops of London
/wiki/Richard_de_Belmeis_I	Richard de Belmeis I
/wiki/William_Warham	William Warham
/wiki/Post-Reformation_Digital_Library	Post-Reformation Digital Library
/wiki/Roger_Walden	Roger Walden
/wiki/Roger_de_Bailleul	Roger de Bailleul
/wiki/Feologild	Feologild
/wiki/Dunstan	Dunstan
/wiki/John_Robinson_(bishop_of_London)	John Robinson
/wiki/Lawrence_Humphrey	Lawrence Humphrey
/wiki/John_Warner_(physician)	John Warner
/wiki/John_Blund	John Blund
/wiki/Plegmund	Plegmund
/wiki/Stephen_Gravesend	Stephen Gravesend
/wiki/Stephen_Langton	Stephen Langton
/wiki/%C3%86lfric_of_Abingdon	Ælfric of Abingdon
/wiki/Wulfhelm	Wulfhelm
/wiki/Rowan_Williams	Rowan Williams
/wiki/Edmund_Bonner	Edmund Bonner
/wiki/William_Wake	William Wake
/wiki/William_Furneaux	William Furneaux
/wiki/Thomas_Cobham	Thomas Cobham
/wiki/William_Wand	William Wand
/wiki/Thomas_Howard,_1st_Earl_of_Suffolk	The Earl of Suffolk
/wiki/Reginald_(sub-prior)	Reginald
/wiki/William_Overton_(bishop)	William Overton
/wiki/Augustine_of_Canterbury	Augustine
/wiki/Archbishop_of_Canterbury	Archbishop of Canterbury
/wiki/George_Montaigne	George Montaigne
/wiki/Charles_I_of_England	Charles I
/wiki/Fulk_Basset	Fulk Basset
/wiki/Beilby_Porteus	Beilby Porteus
/wiki/English_Reformation	Reformation
/wiki/Richard_Hill_(bishop)	Richard Hill
/wiki/Robert_Holmes_(priest)	Robert Holmes
/wiki/Ceolnoth	Ceolnoth
/wiki/George_Abbot_(disambiguation)	George Abbot (disambiguation)
/wiki/Alexander_Hyde	Alexander Hyde
/wiki/Simon_Langham	Simon Langham
