/wiki/Society_of_Jesus	Society of Jesus
/wiki/Mara%C3%B1%C3%B3n_River	Marañón River
/wiki/Blaise_Pascal	Blaise Pascal
/wiki/University_of_Toronto_Press	University of Toronto Press
/wiki/Sisters_of_the_Cross_and_Passion	Sisters of the Cross and Passion
/wiki/Bandeirantes	Bandeirantes
/wiki/Ruthenian_Catholic_Church	Ruthenian
/wiki/Religious_order	religious
/wiki/Superior_General	Superior General
/wiki/University_of_San_Francisco	University of San Francisco
/wiki/Canossians	Canossians
/wiki/Byzantine_Rite	Byzantine
/wiki/Sanata_Dharma_University	Sanata Dharma University
/wiki/Apostleship_of_Prayer	Apostleship of Prayer
/wiki/Nippo_jisho	Nippo jisho
/wiki/Society_of_the_Helpers_of_the_Holy_Souls	Society of the Helpers of the Holy Souls
/wiki/Companions_of_the_Cross	Companions of the Cross
/wiki/Titular_bishop	Titular Bishops
/wiki/Eritrean_Catholic_Church	Eritrean
/wiki/3D_pie_chart	3D pie chart
/wiki/Clement_XIV	Clement XIV
/wiki/Missionary_Oblates_of_Mary_Immaculate	Oblates of Mary Immaculate
/wiki/Association_of_Jesuit_Colleges_and_Universities	28 colleges and universities
/wiki/Pope_Leo_XIII	Pope Leo XIII
/wiki/Religious_pluralism	religious pluralism
/wiki/Pope_Pius_XI	Pope Pius XI
/wiki/Regimini_militantis_Ecclesiae	Regimini militantis
/wiki/Missionary	missionary
/wiki/Missionaries_of_Charity	Missionaries of Charity
/wiki/Primate_(bishop)	Primates
/wiki/Ordinariate_Use	Ordinariate Use
/wiki/Colonial_Macau	Macau
/wiki/Treaty_of_Fort_Laramie_(1868)	Treaty of Fort Laramie
/wiki/Midwestern_United_States	Midwestern United States
/wiki/Admonitor_(Jesuits)	admonitor
/wiki/Cassock	cassock
/wiki/Alms	alms
/wiki/Venality	venality
/wiki/Pope_Benedict_XVI	Pope Benedict XVI
/wiki/Pope_Pius_X	Pope Pius X
/wiki/Pius_XII_and_the_German_Resistance	Pius XII and the German Resistance
/wiki/Josephite_Fathers	Josephite Fathers
/wiki/Marianites_of_Holy_Cross	Marianites of Holy Cross
/wiki/Ignatian_spirituality	Ignatian spirituality
/wiki/Pope_John_Paul_II	Pope John Paul II
/wiki/Pope_Pius_VII	Pope Pius VII
/wiki/Conventual_Franciscans	Conventuals
/wiki/Canadian_Indian_residential_school_system	Canadian Indian residential school system
/wiki/Alfonso_Salmeron	Alfonso Salmeron
/wiki/Xavier_University	Xavier University
/wiki/Boston_College	Boston College
/wiki/Latin	Latin
/wiki/Georgian_Catholic_Church	Georgian
/wiki/Order_of_the_Annunciation_of_the_Blessed_Virgin_Mary	Order of the Annunciation of the Blessed Virgin Mary
/wiki/Tupi_language	Tupi
/wiki/Papal_Infallibility	Papal Infallibility
/wiki/Simon_%26_Schuster	Simon & Schuster
/wiki/Monita_Secreta	Monita Secreta
/wiki/Religious_conversion	religious conversion
/wiki/Sisters_of_Providence_of_Saint_Mary-of-the-Woods	Sisters of Providence of Saint Mary-of-the-Woods
/wiki/Regnery_Publishing	Regnery Publishing
/wiki/University_of_Central_America	University of Central America
/wiki/Catholic_News_Service	Catholic News Service
/wiki/Yad_Vashem	Yad Vashem
/wiki/Sisters_of_Holy_Cross	Sisters of Holy Cross
/wiki/Jean_Dani%C3%A9lou	Jean Daniélou
/wiki/Basque_people	Basque
/wiki/William_L._Shirer	William L. Shirer
/wiki/Greek_language	Greek
/wiki/Inner-city	inner-city
/wiki/Missionary_Society_of_St._Columban	Missionary Society of St. Columban
/wiki/July_Plot	July Plot
/wiki/Sollicitudo_omnium_ecclesiarum	Sollicitudo omnium ecclesiarum
/wiki/Silence_(2016_film)	Silence
/wiki/John_Chrysostom	John Chrysostom
/wiki/St._Francis_Xavier_University	St. Francis Xavier University
/wiki/Portugal	Portugal
/wiki/Rockhurst_University	Rockhurst University
/wiki/Xu_Guangqi	Xu Guangqi
/wiki/Vatican_City	Vatican City
/wiki/Order_of_Augustinian_Recollects	Augustinian Recollects
/wiki/Scholasticism	Scholastic
/wiki/Roman_Curia	Roman Curia
/wiki/John_Carroll_University	John Carroll University
/wiki/Congregation_for_the_Doctrine_of_the_Faith	Congregation for the Doctrine of the Faith
/wiki/Kansas_City,_Missouri	Kansas City, Missouri
/wiki/Association_of_Jesuit_Colleges_and_Universities	Association of Jesuit Colleges and Universities
/wiki/Jean_Ch%C3%A2tel	Jean Châtel
/wiki/Italo-Albanian_Catholic_Church	Italo-Albanian
/wiki/Priest_Barracks_of_Dachau_Concentration_Camp	Priest Barracks of Dachau Concentration Camp
/wiki/William_Harvey	Harvey
/wiki/The_Rise_and_Fall_of_the_Third_Reich	The Rise and Fall of the Third Reich
/wiki/Loyola_School,_Jamshedpur	Loyola School, Jamshedpur
/wiki/Ferraiolo	ferraiolo
/wiki/Clerks_regular	clerks regular
/wiki/Jacques_Gravier	Jacques Gravier
/wiki/Servite_Order	Servite Order
/wiki/Brigidine_Sisters	Brigidines
/wiki/Jos%C3%A9_de_Acosta	José de Acosta
/wiki/Immaculate_Conception	Immaculate Conception
/wiki/Europe	Europe
/wiki/Archbishop	Archbishops
/wiki/Vietnamese_language	Vietnamese
/wiki/Desert_Fathers	Desert Fathers
/wiki/Congregation_of_the_Franciscan_Hospitaller_Sisters_of_the_Immaculate_Conception	Congregation of the Franciscan Hospitaller Sisters of the Immaculate Conception
/wiki/Mozarabic_Rite	Mozarabic
/wiki/Thomas_Woods	Thomas Woods
/wiki/Avery_Dulles	Cardinal Avery Dulles
/wiki/List_of_Saints_of_the_Society_of_Jesus	List of Saints of the Society of Jesus
/wiki/Wikisource	Wikisource
/wiki/Sisters_of_the_Immaculate_Heart_of_Mary	Sisters of the Immaculate Heart of Mary
/wiki/Missionaries	missionaries
/wiki/Biretta	biretta
/wiki/First_Nations	First Nations
/wiki/International_Federation_of_Catholic_Universities	International Federation of Catholic Universities
/wiki/Xavier_School	Xavier School
/wiki/Congregation_of_the_Immaculate_Conception	Sisters of the Immaculate Conception
/wiki/Liberation_theology	liberation theology
/wiki/Catholic_religious_order	Catholic religious order
/wiki/Coadjutor_bishop	Coadjutor Bishops
/wiki/Xavier_Institute_of_Social_Service	XISS- Xavier Institute of Social Service, Ranchi
/wiki/Alexians	Alexians
/wiki/Peter_Canisius	St. Peter Canisius
/wiki/Saint_Ignatius_of_Loyola	Saint Ignatius of Loyola
/wiki/Sisters_of_St._Joseph	Sisters of Saint Joseph
/wiki/Brotherhood_of_Hope	Brotherhood of Hope
/wiki/Pope	Pope
/wiki/Little_Sisters_of_Jesus	Little Sisters of Jesus
/wiki/Pope_Paul_VI	Pope Paul VI
/wiki/James_I_of_England	King James I of England and VI of Scotland
/wiki/Brill_Publishers	Brill
/wiki/Alberto_Rivera	Alberto Rivera
/wiki/Borja,_Peru	Borja
/wiki/Doctor_of_the_Church	Doctors
of the Church
/wiki/Woodstock_Theological_Center	Woodstock Theological Center
/wiki/Poor_Clares	Poor Clares
/wiki/Protestantism	Protestantism
/wiki/Manuel_da_N%C3%B3brega	Manuel da Nóbrega
/wiki/Renaissance_humanism	Renaissance humanism
/wiki/Kingdom_of_Prussia	Kingdom of Prussia
/wiki/Ambrosian_Rite	Ambrosian
/wiki/Religious_order	religious order
/wiki/Ignatius_Press	Ignatius Press
/wiki/Pallottines	Pallottines
/wiki/St._Xavier%27s_College,_Kolkata	St. Xavier's College, Kolkata
/wiki/Pontifical_Gregorian_University	Pontifical Gregorian University
/wiki/St._Paul%27s_College,_Macau	St. Paul's College of Macau
/wiki/Jonathan_Wright_(historian)	Wright, Jonathan
/wiki/Sanskrit	Sanskrit
/wiki/Jesus	Jesus
/wiki/Dominican_Order	Dominicans
/wiki/Society_of_the_Sacred_Heart	Religious of the Sacred Heart of Jesus
/wiki/Campion_Hall	Campion Hall
/wiki/List_of_Jesuits	List of Jesuits
/wiki/St._Xavier%27s_College,_Palayamkottai	St. Xavier's College, Palayamkottai
/wiki/Concise_Oxford_Dictionary	Concise Oxford Dictionary of the English language
/wiki/St._Xavier%27s_College,_Kathmandu	St. Xavier's College, Kathmandu
/wiki/Segundo_Montes	Segundo Montes
/wiki/Patriarch	Patriarchs
/wiki/Jean-Baptiste_Janssens	Jean-Baptiste Janssens
/wiki/Chaldean_Catholic_Church	Chaldean
/wiki/Basilian_Alepian_Sisters	Basilian Alepian Sisters
/wiki/Wlodzimierz_Ledochowski	Wlodzimierz Ledochowski
/wiki/Suppression_of_the_Society_of_Jesus	Suppression of the Society of Jesus
/wiki/Rupert_Mayer	Rupert Mayer
/wiki/Georgetown_University	Georgetown
/wiki/Roberto_Tucci	Roberto Tucci
/wiki/Sisters_of_the_Christian_Doctrine_(Nancy)	Sisters of the Christian Doctrine (Nancy)
/wiki/Order_of_Our_Lady_of_Charity	Order of Our Lady of Charity
/wiki/Miles_Jesu	Miles Jesu
/wiki/Loyola_College,_Chennai	Loyola College, Chennai
/wiki/Roman_Rite	Roman
/wiki/Bede	Bede the Venerable
/wiki/Gospel	Gospel
/wiki/Barlborough_Hall_School	Barlborough Hall School
/wiki/Consecrate	consecrated
/wiki/Little_Brothers_of_Jesus	Little Brothers of Jesus
/wiki/Avery_Dulles	Avery Dulles
/wiki/Social_justice	social justice
/wiki/Adolfo_Nicol%C3%A1s	Adolfo Nicolás
/wiki/Eusebio_Kino	Eusebio Kino
/wiki/David_C._Lindberg	Lindberg, David C.
/wiki/Sarum_Rite	Sarum
/wiki/Th%C3%A9r%C3%A8se_of_Lisieux	Thérèse of Lisieux
/wiki/Order_(religious)	order
/wiki/Sitting_Bull	Sitting Bull
/wiki/Second_Vatican_Council	Second Vatican Council
/wiki/El_Salvador	Salvadoran
/wiki/University_of_Scranton	University of Scranton
/wiki/Sisters_of_the_Apostolic_Carmel	Apostolic Carmel
/wiki/Rio_de_Janeiro	Rio de Janeiro
/wiki/Illinois	Illinois
/wiki/Albertine_Brothers	Albertine Brothers
/wiki/Nostra_aetate	Nostra aetate
/wiki/The_Boston_Globe	The Boston Globe
/wiki/St._Joseph%27s_College,_Bangalore	St. Joseph's College, Bangalore
/wiki/Trinity	Trinity
/wiki/Missionaries_of_St._Charles_Borromeo	Missionaries of St. Charles Borromeo
/wiki/Counter-Reformation	Counter-Reformation
/wiki/Faithful_Companions_of_Jesus	Faithful Companions of Jesus
/wiki/Servi_Jesu_et_Mariae	Servi Jesu et Mariae
/wiki/St._Paul_Jesuit_College_(Macau)	St. Paul Jesuit College
/wiki/Lothar_K%C3%B6nig	Lothar König
/wiki/Kolese_Loyola	Kolese Loyola
/wiki/Society_of_the_Atonement	Society of the Atonement
/wiki/Ad_Maiorem_Dei_Gloriam	Ad Maiorem Dei Gloriam
/wiki/Blessed_Virgin_Mary	Blessed Virgin Mary
/wiki/Papa_Stronsay	Papa Stronsay
/wiki/Dominican_Order	Dominican Order
/wiki/Goa_Inquisition	(see Goa Inquisition)
/wiki/Sisters_of_Charity_of_Saints_Bartolomea_Capitanio_and_Vincenza_Gerosa_(SCCG)	Sisters of Charity of Saints Bartolomea Capitanio and Vincenza Gerosa (SCCG)
/wiki/Charles_Lalemant	Charles Lalemant
/wiki/Priesthood	priesthood
/wiki/Syro-Malankara_Catholic_Church	Syro-Malankara
/wiki/Paulist_Fathers	Paulist Fathers
/wiki/Roman_Catholicism_in_Japan	Roman Catholicism in Japan
/wiki/New_France	New France
/wiki/Portuguese_India	Portuguese India
/wiki/Lawrence_of_Brindisi	Lawrence of Brindisi
/wiki/Rome	Rome
/wiki/Albert_Dorville	Albert Dorville
/wiki/John_of_the_Cross	John of the Cross
/wiki/Oblate_Sisters_of_Providence	Oblate Sisters of Providence
/wiki/Ateneo_de_Davao_University	Ateneo de Davao University
/wiki/Rafael_Ferrer_(Jesuit)	Rafael Ferrer
/wiki/Creighton_University	Creighton University
/wiki/Loyola_Jesuit_College	Loyola Jesuit College
/wiki/Conversos	conversos
/wiki/Seven_Years%27_War	Seven Years' War
/wiki/Lovers_of_the_Holy_Cross	Lovers of the Holy Cross
/wiki/Jesuit_missions_in_North_America	Jesuit missions in North America
/wiki/Nazi_persecution_of_the_Catholic_Church_in_Poland	Nazi persecution of the Catholic Church in Poland
/wiki/India	India
/wiki/Francis_Xavier	Francisco Xavier
/wiki/Conventual_Franciscans	Conventual Franciscans
/wiki/Ignacio_Martin-Baro	Ignacio Martin-Baro
/wiki/Church_of_the_Ges%C3%B9	Church of the Gesù
/wiki/Malachi_Martin	Malachi Martin
/wiki/Loyola_High_School_(Pune)	Loyola High School and Junior College
/wiki/Johann_Grueber	Johann Grueber
/wiki/Jos%C3%A9_de_Anchieta	José de Anchieta
/wiki/Congregations_of_the_Heart_of_Mary	Congregations of the Heart of Mary
/wiki/Bridgettines	Bridgettines
/wiki/Le_Moyne_College	Le Moyne College
/wiki/Rescue_of_Jews_by_Catholics_during_the_Holocaust	Rescue of Jews by Catholics during the Holocaust
/wiki/AIDS	HIV/AIDS
/wiki/Casuistry	casuistry
/wiki/Sisters_of_the_Holy_Family-Louisiana	Sisters of the Holy Family-Louisiana
/wiki/Santa_Clara_University	Santa Clara University
/wiki/Henry_Garnet	Henry Garnet
/wiki/Missionary_Sisters_of_the_Immaculate_Conception_of_the_Mother_of_God	Missionary Sisters of the Immaculate Conception of the Mother of God
/wiki/Peter_Damian	Peter Damian
/wiki/Viceroyalty_of_New_Granada	Viceroyalty of New Granada
/wiki/Discalced_Carmelites	Discalced Carmelites
/wiki/Alfred_Delp	Alfred Delp
/wiki/Georgetown_University	Georgetown University
/wiki/Renaissance	Renaissance
/wiki/Jesuit_China_missions	China
/wiki/Particular_Church	Particular Churches
/wiki/Ateneo_de_Naga_University	Ateneo de Naga University
/wiki/List_of_Jesuit_scientists	List of Jesuit scientists
/wiki/Servants_of_Charity	Servants of Charity
/wiki/Brothers_of_Our_Lady_of_Mercy	Brothers of Our Lady of Mercy
/wiki/St._Aloysius_College,_Mangalore	St. Aloysius College, Mangalore
/wiki/Camillians	Camillians
/wiki/Dictionary	dictionary
/wiki/Missionary_Sisters_of_the_Immaculate_Heart_of_Mary	Missionary Sisters of the Immaculate Heart of Mary
/wiki/University_of_Detroit_Mercy	University of Detroit Mercy
/wiki/Roman_Catholic_Mariology	Roman Catholic Mariology
/wiki/Edmund_Campion	St. Edmund Campion
/wiki/Samuel_Fritz	Samuel Fritz
/wiki/Order_(religious)	religious congregation
/wiki/Schoenstatt_Movement	Schoenstatt Movement
/wiki/Carmelites	Carmelites
/wiki/Baghdad_College	Baghdad College
/wiki/Matteo_Ricci	Matteo Ricci
/wiki/Mark_Raper	Mark Raper
/wiki/Jesuit_formation	Jesuit formation
/wiki/Heythrop_College	Heythrop College
/wiki/Papal_Seminary	Papal Seminary, Pune
/wiki/Luis_Ladaria_Ferrer	Luis Ladaria Ferrer
/wiki/Franciscan_Friars_of_the_Renewal	Franciscan Friars of the Renewal
/wiki/Wheeling_Jesuit_University	Wheeling Jesuit University
/wiki/Religious_institute_(Catholic)	Catholic religious institutes
/wiki/Oblates_of_St._Francis_de_Sales	Oblates of St. Francis de Sales
/wiki/University_of_Oxford	University of Oxford
/wiki/Fordham_University	Fordham University
/wiki/Brazil	Brazil
/wiki/Ontario	Ontario
/wiki/Regis_University	Regis University
/wiki/Regimini_militantis_Ecclesiae	Regimini militantis Ecclesiae
/wiki/Ursulines	Ursulines
/wiki/Palawan	Palawan
/wiki/St._Xavier%27s_College,_Ranchi	St. Xavier's College, Ranchi
/wiki/Loyola_University_Chicago	Loyola University Chicago
/wiki/Denis	Saint Denis
/wiki/Wah_Yan_College,_Hong_Kong	Wah Yan College, Hong Kong
/wiki/Gestapo	Gestapo
/wiki/Saint_Louis_University	Saint Louis University
/wiki/Jesuit_(band)	Jesuit (band)
/wiki/Handmaids_of_the_Sacred_Heart_of_Jesus	Handmaids of the Sacred Heart of Jesus
/wiki/Bonaventure	Bonaventure
/wiki/Trappists	Trappists
/wiki/Brothers_of_the_Sacred_Heart	Sacred Heart Brothers
/wiki/St._Xavier%27s_School,_Delhi	St. Xavier's School
/wiki/Mechitarists	Mechitarists
/wiki/Indigenous_peoples	indigenous peoples
/wiki/Oblate_Sisters_of_the_Virgin_Mary_of_Fatima	Oblate Sisters of the Virgin Mary of Fatima
/wiki/James_Patrick_Broderick	Brodrick James
/wiki/Montmartre	Montmartre
/wiki/Nagasaki,_Nagasaki	Nagasaki
/wiki/Henrik_Wergeland	Henrik Wergeland
/wiki/Sachsenhausen_concentration_camp	Sachsenhausen concentration camp
/wiki/Congregation_of_Our_Lady_of_Sion	Congregation of Our Lady of Sion
/wiki/Carthusians	Carthusians
/wiki/Jesuit_Cardinal	Jesuit Cardinals
/wiki/Perpetual_virginity_of_Mary	Perpetual Virginity
/wiki/Monumenta_Historica_Societatis_Iesu	Monumenta Historica Societatis Iesu
/wiki/Ratio_Studiorum	Ratio Studiorum
/wiki/Viceroyalty_of_Peru	Viceroyalty of Peru
/wiki/Gonzaga_University	Gonzaga University
/wiki/Loyola_University_Maryland	Loyola University Maryland
/wiki/Audiencia_Real	Audiencia
/wiki/Gregory_of_Nazianzus	Gregory of Nazianzus
/wiki/University_of_Paris	University of Paris
/wiki/Pope_Paul_III	Pope Paul III
/wiki/Mariology	Mariology
/wiki/Akbar	Akbar
/wiki/Sisters_of_St_Joseph_of_the_Sacred_Heart	Sisters of Saint Joseph of the Sacred Heart
/wiki/Missionaries_of_the_Sacred_Heart	Missionaries of the Sacred Heart
/wiki/San_Salvador	San Salvador
/wiki/Ronald_Numbers	Numbers, Ronald Leslie
/wiki/John_Paul_II	John Paul II
/wiki/East_Syrian_Rite	East Syrian
/wiki/St_Francis_Xavier%27s_Green_Herald_International_School	St Francis Xavier's Green Herald International School
/wiki/Missionary_Sisters_of_the_Sacred_Heart	Missionary Sisters of the Sacred Heart
/wiki/Congregation_of_Our_Lady_of_Charity_of_the_Good_Shepherd	Sisters of the Good Shepherd
/wiki/Lumen_gentium	Lumen gentium
/wiki/Arul_Anandar_College,_Karumathur	Arul Anandar College, Karumathur
/wiki/Germany	Germany
/wiki/Mendicant	mendicant
/wiki/Holy_Ghost_Fathers	Holy Ghost Fathers
/wiki/Confucius	Confucius
/wiki/Roman_collar	Roman collar
/wiki/Euclid%27s_Elements	Euclid's Elements
/wiki/Fairfield_University	Fairfield University
/wiki/Pope_Pius_VI	Pope Pius VI
/wiki/Felician_Sisters	Felicians
/wiki/Martin_Gilbert	Martin Gilbert
/wiki/Coptic_Catholic_Church	Coptic
/wiki/Ignatius_of_Loyola	St. Ignatius of Loyola
/wiki/Vietnamese_alphabet	Vietnamese alphabet
/wiki/Sisters,_Servants_of_the_Immaculate_Heart_of_Mary	Sisters, Servants of the Immaculate Heart of Mary
/wiki/Ad_maiorem_Dei_gloriam	Ad majorem Dei gloriam
/wiki/Canons_Regular_of_Saint_John_Cantius	Canons Regular of Saint John Cantius
/wiki/Jesus_Christ	Jesus Christ
/wiki/Dei_verbum	Dei verbum
/wiki/Protestant_Reformation	Protestant Reformers
/wiki/Universidad_Iberoamericana	Universidad Iberoamericana
/wiki/Paolo_Dezza	Paolo Dezza
/wiki/Laying_on_of_hands	Laying on of hands
/wiki/Oblates_of_the_Virgin_Mary	Oblates of the Virgin Mary
/wiki/Sisters_of_the_Blessed_Sacrament	Sisters of the Blessed Sacrament
/wiki/Jesuit_China_missions	Jesuit China missions
/wiki/Pope_Clement_XIII	Pope Clement XIII
/wiki/Congregation_of_the_Sacred_Hearts_of_Jesus_and_Mary	Congregation of the Sacred Hearts of Jesus and Mary
/wiki/Deists	Deists
/wiki/Pope	pope
/wiki/Jesuit_Reductions	reductions
/wiki/Fort_Benning,_Georgia	Fort Benning
/wiki/Ethiopia	Ethiopia
/wiki/Spiritual_director	spiritual director
/wiki/Peter_Hans_Kolvenbach	Peter Hans Kolvenbach
/wiki/Kolese_Gonzaga	Kolese Gonzaga
/wiki/Coll%C3%A8ge_Jean-de-Br%C3%A9beuf	Collège Jean-de-Brébeuf
/wiki/Last_rites	Last rites
/wiki/Divine_providence	Divine Providence
/wiki/James_Patrick_Broderick	Brodrick, James
/wiki/Gregory_of_Narek	Gregory of Narek
/wiki/Assumptionists	Assumptionists
/wiki/St_Aloysius%27_College,_Glasgow	St Aloysius' College, Glasgow
/wiki/Premonstratensians	Premonstratensians
/wiki/Italian_War_of_1535-1538	Italian War of 1535-1538
/wiki/Xavier_University_%E2%80%93_Ateneo_de_Cagayan	Xavier University – Ateneo de Cagayan
/wiki/Spiritual_Exercises_of_Ignatius_of_Loyola	Spiritual Exercises
/wiki/Acta_Sanctorum	Acta Sanctorum
/wiki/Congregation_of_Saint_Th%C3%A9r%C3%A8se_of_Lisieux	Congregation of Saint Thérèse of Lisieux
/wiki/Metropolitan_bishop	Metropolitans
/wiki/Peter_Faber	Peter Faber
/wiki/Meditation	meditations
/wiki/Culion	Culion
/wiki/Alphonsus_Maria_de%27_Liguori	Alphonsus Liguori
/wiki/Cardinal_(Catholicism)	cardinals
/wiki/Sisters_of_the_Holy_Names_of_Jesus_and_Mary	Sisters of the Holy Names of Jesus and Mary
/wiki/St._Xavier%27s_College,_Mumbai	St. Xavier's College, Mumbai
/wiki/Barnabites	Barnabites
/wiki/Magis	Magis
/wiki/Ultramontanist	Ultramontanist
/wiki/Mysticism	mysticism
/wiki/Kingdom_of_Navarre	Navarre
/wiki/Robert_Leiber	Robert Leiber
/wiki/Basilian_Chouerite_Order	Basilian Chouerites
/wiki/America_(Jesuit_magazine)	America
/wiki/Portuguese_royal_patronage	Portuguese royal patronage
/wiki/Evangelization	evangelization
/wiki/New_Spain	New Spain
/wiki/Ateneo_de_Iloilo	Ateneo de Iloilo
/wiki/International_Union_of_Catholic_Esperantists	International Union of Catholic Esperantists
/wiki/Jupiter	Jupiter
/wiki/Nicholas_Bobadilla	Nicolás Bobadilla
/wiki/John_Courtney_Murray	John Courtney Murray
/wiki/Peter_Faber	St. Peter Faber
/wiki/History_of_the_papacy	History of the papacy
/wiki/Thomas_J._Reese	Thomas J. Reese
/wiki/Early_Christianity	Early Christianity
/wiki/Jesuit_Church_(disambiguation)	Jesuit Church (disambiguation)
/wiki/Franciscan_Missionaries_of_the_Eternal_Word	Franciscan Missionaries of the Eternal Word
/wiki/Seattle_University	Seattle University
/wiki/Congregation_of_Marian_Fathers	Marians of the Immaculate Conception
/wiki/Avro_Manhattan	Avro Manhattan
/wiki/Heythrop_College,_University_of_London	Heythrop College, University of London
/wiki/Anthony_de_Mello	Anthony de Mello
/wiki/Charles_V,_Holy_Roman_Emperor	Charles V, Holy Roman Emperor
/wiki/Marquette_University	Marquette University
/wiki/Friedrich_Erxleben	Friedrich Erxleben
/wiki/Gaudium_et_spes	Gaudium et spes
/wiki/Oswald_Tesimond	Oswald Tesimond
/wiki/Pope_Francis	Pope Francis
/wiki/Aloysius_Gonzaga	St. Aloysius Gonzaga
/wiki/Liberal_arts	liberal education
/wiki/St._Francis_Xavier	St. Francis Xavier
/wiki/Hildegard_of_Bingen	Hildegard of Bingen
/wiki/Bernard_Lonergan	Bernard Lonergan
/wiki/Missionaries_of_the_Sacred_Hearts_of_Jesus_and_Mary	Missionaries of the Sacred Hearts of Jesus and Mary
/wiki/Jesuism	Jesuism
/wiki/Johann_Christoph_Handke	Johann Christoph Handke
/wiki/Daughters_of_Mary_of_the_Immaculate_Conception	Daughters of Mary of the Immaculate Conception
/wiki/Community_of_Sant%27Egidio	Sant'Egidio Community
/wiki/Magisterium	magisterium
/wiki/Francisco_Javier_Clavijero	Francisco Javier Clavijero
/wiki/Pope_John_XXIII	Pope John XXIII
/wiki/Krak%C3%B3w	Kraków
/wiki/Western_Hemisphere_Institute_for_Security_Cooperation	Western Hemisphere Institute for Security Cooperation
/wiki/Mission_(Christian)	missions
/wiki/Donhead	Donhead
/wiki/Divine_Word_Missionaries	Divine Word Missionaries
/wiki/Crist%C3%B3bal_de_Acu%C3%B1a	Cristóbal de Acuña
/wiki/Stonyhurst_College	Stonyhurst College
/wiki/Daughters_of_Divine_Love	Daughters of Divine Love
/wiki/Antonio_Ruiz_de_Montoya	Antonio Ruiz de Montoya
/wiki/Antiochene_Rite	Antiochian
/wiki/Congregation_of_Christian_Brothers	Christian Brothers (Irish)
/wiki/Ten_Commandments	The Ten Commandments
/wiki/Auxiliary_bishop	Auxiliary Bishops
/wiki/Hilary_of_Poitiers	Hilary of Poitiers
/wiki/Christian_worship	Worship
/wiki/Saint_Pierre_de_Montmartre	Saint Pierre de Montmartre
/wiki/Gabriel_Lalemant	Gabriel Lalemant
/wiki/Protestant_Reformation	Protestant Reformation
/wiki/Pedro_Arrupe	Pedro Arrupe
/wiki/Novitiate	novices
/wiki/Voltaire	Voltaire
/wiki/Laity	laity
/wiki/Third_Order_of_Saint_Francis#Congregations_of_Sisters	Sisters of Saint Francis (general)
/wiki/Cardinal_(Catholicism)	Cardinals
/wiki/Stanislaus_Czerniewicz	Stanislaus Czerniewicz
/wiki/Anticlerical	anticlerical
/wiki/Franciscan	Franciscan orders
/wiki/Missionaries_of_the_Precious_Blood	Missionaries of the Precious Blood
/wiki/Mount_St_Mary%27s_College	Mount St Mary's College
/wiki/Jesuit_Cardinal	Jesuit Cardinal
/wiki/Curia	General Curia
/wiki/Jesuit_conspiracy_theories	Jesuit conspiracy theories
/wiki/Benedictines	Benedictines
/wiki/Spring_Hill_College	Spring Hill College
/wiki/Referendum	referendum
/wiki/Orthodoxy	orthodoxy
/wiki/Sainte-Marie_among_the_Hurons	Sainte-Marie among the Hurons
/wiki/Karl_Rahner	Karl Rahner
/wiki/Sisters_of_the_Immaculate_Conception_of_the_Blessed_Virgin_Mary	Sisters of the Immaculate Conception of the Blessed Virgin Mary
/wiki/Armenian_Rite	Armenian
/wiki/Goa	Goa
/wiki/Poland	Poland
/wiki/Passionists	Passionists
/wiki/Bishop_of_Arbe	bishop of Arbe
/wiki/Anselm_of_Canterbury	Anselm of Canterbury
/wiki/Pope_John_Paul_I	Pope John Paul I
/wiki/Sacred_Heart_School_-_Ateneo_de_Cebu	Sacred Heart School - Ateneo de Cebu
/wiki/John_of_%C3%81vila	John of Ávila
/wiki/Papal_bull	bull
/wiki/Saint_Germain-en-Laye	Saint Germain-en-Laye
/wiki/Universidad_Rafael_Landivar	Universidad Rafael Landivar
/wiki/White_Fathers	White Fathers
/wiki/Francis_de_Sales	Francis de Sales
/wiki/Human_sexuality	sexuality
/wiki/Early_Modern_Period	Early Modern Period
/wiki/Black_robe_(disambiguation)	Black robe
/wiki/Claudio_Acquaviva	Claudio Acquaviva
/wiki/Mariology_of_the_saints	Mariology of the saints
/wiki/Sinologist	sinologists
/wiki/Adorers_of_the_Blood_of_Christ	Adorers of the Blood of Christ
/wiki/Divine_grace	Divine Grace
/wiki/Missionaries_of_La_Salette	Missionaries of La Salette
/wiki/Venice	Venice
/wiki/Ateneo_de_Zamboanga_University	Ateneo de Zamboanga University
/wiki/Italy	Italy
/wiki/Mother_Church	Mother Church
/wiki/Thomas_Aquinas	Thomas Aquinas
/wiki/Ethiopian_Catholic_Church	Ethiopian
/wiki/Jean_de_Brebeuf	Jean de Brebeuf
/wiki/Sisters_of_the_Holy_Cross	Sisters of the Holy Cross
/wiki/Grammar	grammars
/wiki/Jesuit_Missions_of_Chiquitos	Jesuit Missions of Chiquitos
/wiki/S%C3%A3o_Paulo	São Paulo
/wiki/XLRI-_Xavier_School_of_Management	XLRI- Xavier School of Management, Jamshedpur
/wiki/Priesthood_(Catholic_Church)	Priesthood
/wiki/Holy_See	Holy See
/wiki/Kreisau_Circle	Kreisau Circle
/wiki/Diego_Lainez	Diego Lainez
/wiki/Confirmation_(Catholic_Church)	Confirmation
/wiki/Congregation_of_the_Hijas_de_Jes%C3%BAs	Hijas de Jesús
/wiki/Syriac_Catholic_Church	Syriac
/wiki/Canisius_College	Canisius College
/wiki/Directory_of_International_Associations_of_the_Faithful	International Associations
of the Faithful
/wiki/Jerome	Jerome
/wiki/Gunpowder_Plot	Gunpowder Plot
/wiki/Theocracy	theocratic
/wiki/Jerome_Lalemant	Jerome Lalemant
/wiki/Mississippi_River	Mississippi River
/wiki/Augustin_Rosch	Augustin Rosch
/wiki/Ephrem_the_Syrian	Ephrem the Syrian
/wiki/Peter-Hans_Kolvenbach	Kolvenbach, Peter-Hans
/wiki/Benedict_XVI	Benedict XVI
/wiki/Augustinians	Augustinians
/wiki/Exposcit_debitum	Exposcit debitum
/wiki/Christian_liturgy	Liturgical rites
/wiki/Loyola_College_of_Culion	Loyola College of Culion
/wiki/Prussia	Prussia
/wiki/Original_sin	Original sin
/wiki/Ottoman_Empire	Ottoman Empire
/wiki/Catholic_Church_by_country	Catholic Church by country
/wiki/Athanasius_of_Alexandria	Athanasius of Alexandria
/wiki/Cistercians	Cistercians
/wiki/St._Lawrence_High_School,_Kolkata	St. Lawrence High School
/wiki/Pierre-Jean_De_Smet	Pierre-Jean De Smet
/wiki/Congregation_of_Holy_Cross	Holy Cross
/wiki/Papal_bull	papal bulls
/wiki/Peter_Claver	Peter Claver
/wiki/Duchy_of_Parma	Parma
/wiki/Theology	theology
/wiki/Jean-Baptist_De_Coster_(Jesuit)	Jean-Baptist De Coster
/wiki/Paraguay	Paraguay
/wiki/Jerusalem	Jerusalem
/wiki/Western_Schism	Great Schism of West
/wiki/Catholic_Ecumenical_Councils	Ecumenical Councils
/wiki/Performing_arts	performing arts
/wiki/St_Aloysius%27_College_Junior_School,_Glasgow	St Aloysius' College Junior School, Glasgow
/wiki/Congregation_of_Holy_Cross	Congregations of Holy Cross
/wiki/Ignatius_of_Loyola	Ignatius of Loyola
/wiki/Lithuania	Lithuania
/wiki/Claretians	Claretians
/wiki/Pope_Benedict_XV	Pope Benedict XV
/wiki/Oratory_of_Saint_Philip_Neri	Oratory of Saint Philip Neri
/wiki/Teresa_of_%C3%81vila	Teresa of Ávila
/wiki/Sabbatical	sabbatical
/wiki/Major_archbishop	Major Archbishops
/wiki/Jesuit_Ivy	Jesuit Ivy
/wiki/Saint_Joseph%27s_University	Saint Joseph's University
/wiki/Innsbruck	Innsbruck
/wiki/Ignatius_of_Loyola	Loyola
/wiki/Gerard_Manley_Hopkins	Gerard Manley Hopkins
/wiki/Sogang_University	Sogang University
/wiki/Olomouc	Olomouc
/wiki/Holy_Spirit_Adoration_Sisters	Holy Spirit Adoration Sisters
/wiki/Sisters_of_Charity	Sisters of Charity
/wiki/Mission_(Christianity)	Missions
/wiki/Vernacular_literature	vernacular literature
/wiki/Rhetoric	rhetoric
/wiki/Bernard_of_Clairvaux	Bernard of Clairvaux
/wiki/Constitution_of_Norway	Constitution of Norway
/wiki/Alberto_Hurtado_University	Alberto Hurtado University
/wiki/Sophia_University	Sophia University
/wiki/Jesuit_Reductions	Jesuit Reductions
/wiki/Augustin_R%C3%B6sch	Augustin Rösch
/wiki/Sexual_abuse_scandal_in_the_Society_of_Jesus	Sexual abuse scandal in the Society of Jesus
/wiki/The_Jesuit_Relations	The Jesuit Relations
/wiki/College_of_the_Holy_Cross	College of the Holy Cross
/wiki/Order_of_Friars_Minor_Capuchin	Capuchin Order
/wiki/Dictionary	dictionaries
/wiki/Berkeley,_California	Berkeley, California
/wiki/Orinoco	Orinoco
/wiki/Denmark-Norway	Denmark-Norway
/wiki/Sonderbund	Sonderbund
/wiki/Salvation	Salvation
/wiki/Servants_of_St._Joseph	Servants of St. Joseph
/wiki/William_P._Leahy	William P. Leahy
/wiki/Pope_Pius_XII	Pope Pius XII
/wiki/Wimbledon_College	Wimbledon College
/wiki/Savoy	Savoy
/wiki/Institute_of_the_Incarnate_Word	Institute of the Incarnate Word
/wiki/Palace_of_Westminster	Houses of Parliament
/wiki/Slavery	slavery
/wiki/Assumption_of_Mary	Assumption
/wiki/Thomas_Woods	Woods, Thomas E.
/wiki/Ignacio_Ellacuria	Ignacio Ellacuria
/wiki/Religious_Teachers_Filippini	Filippini Sisters
/wiki/Sisters_of_Mercy	Sisters of Mercy
/wiki/University_of_California_Press	University of California Press
/wiki/Spanish_Empire	Spanish Empire
/wiki/Sisters_of_Life	Sisters of Life
/wiki/Quito	Quito
/wiki/Stonyhurst_St_Mary%27s_Hall	Stonyhurst St Mary's Hall
/wiki/Trinitarian_Order	Trinitarian Order
/wiki/Legion_of_Christ	Legion of Christ
/wiki/John_Cassian	John Cassian
/wiki/Anthony_of_Padua	Anthony of Padua
/wiki/Ateneo_de_Manila_University	Ateneo de Manila University
/wiki/La_Civilt%C3%A0_Cattolica	La Civiltà Cattolica
/wiki/Alessandro_Valignano	Alessandro Valignano
/wiki/Sisters_of_the_Destitute	Sisters of the Destitute
/wiki/St._Joseph%27s_College,_Tiruchirappalli	St. Joseph's College, Tiruchirappalli
/wiki/Lettres_Provinciales	Lettres Provinciales
/wiki/Protestantism	Protestant
/wiki/Newman_Institute_(Uppsala)	Newman Institute (Uppsala)
/wiki/List_of_Jesuit_institutions	List of Jesuit institutions
/wiki/Formulary_controversy	formulary controversy
/wiki/Catholic_sex_abuse_cases	Catholic sex abuse cases
/wiki/Maronite_Church	Maronite
/wiki/Robert_Bellarmine	Robert Bellarmine
/wiki/Peter_Canisius	Peter Canisius
/wiki/Pongo_de_Manseriche	Pongo de Manseriche
/wiki/Kolese_Kanisius	Kolese Kanisius
/wiki/Faith	faith
/wiki/Cyril_of_Alexandria	Cyril of Alexandria
/wiki/Very_Reverend	Very Rev.
/wiki/Azpeitia	Azpeitia
/wiki/Religious_institute_(Catholic)	Religious institutes
/wiki/History_of_Roman_Catholic_Mariology	History of Mariology
/wiki/Universidad_Centroamericana	Universidad Centroamericana
/wiki/Henry_IV_of_France	Henri IV
/wiki/South_America	South America
/wiki/Diego_Laynez	Diego Laínez
/wiki/List_of_Jesuit_buildings	List of Jesuit buildings
/wiki/Society_of_Saint_Edmund	Society of Saint Edmund
/wiki/Japan	Japan
/wiki/Loyola_Marymount_University	Loyola Marymount University
/wiki/Sons_of_the_Most_Holy_Redeemer	Sons of the Most Holy Redeemer
/wiki/St_Ignatius%27_College	St Ignatius' College
/wiki/Augustine_of_Hippo	Augustine of Hippo
/wiki/Spain	modern Spain
/wiki/Little_Sisters_of_the_Poor	Little Sisters of the Poor
/wiki/Federico_Lombardi	Federico Lombardi
/wiki/Cyril_of_Jerusalem	Cyril of Jerusalem
/wiki/Missionaries_of_the_Poor	Missionaries of the Poor
/wiki/Wah_Yan_College,_Kowloon	Wah Yan College, Kowloon
/wiki/Samuel_de_Champlain	Samuel de Champlain
/wiki/Age_of_Enlightenment	Enlightenment
/wiki/Jesuit_Missions_amongst_the_Huron	Huron mission
/wiki/Alexandrian_Rite	Alexandrian
/wiki/Xavier_Institute_of_Management,_Bhubaneswar	XIMB- Xavier Institute of Management, Bhubaneswar
/wiki/Regimini_militantis_ecclesiae	Regimini militantis ecclesiae
/wiki/Paul_Ragueneau	Paul Ragueneau
/wiki/Catholic_Encyclopedia	Catholic Encyclopedia
/wiki/Catholic_Church	Catholic Church
/wiki/Roman_Catholicism_in_China	Roman Catholicism in China
/wiki/Suppression_of_the_Jesuits	Suppression of the Jesuits
/wiki/Misiones_Province	Misiones Province
/wiki/Oblates_of_Jesus_the_Priest	Oblates of Jesus the Priest
/wiki/Religious_of_the_Virgin_Mary	Religious of the Virgin Mary
/wiki/Loyola_School,_Thiruvananthapuram	Loyola School, Thiruvananthapuram
/wiki/Daughters_of_Charity_of_Saint_Vincent_de_Paul	Daughters of Charity
/wiki/Catherine_of_Siena	Catherine of Siena
/wiki/Ambrose	Ambrose
/wiki/Robert_Bellarmine	St. Robert Bellarmine
/wiki/John_of_Damascus	John of Damascus
/wiki/Jacques_Marquette	Jacques Marquette
/wiki/Dictionarium_Annamiticum_Lusitanum_et_Latinum	Dictionarium Annamiticum Lusitanum et Latinum
/wiki/Saint-Pierre_de_Montmartre	Saint-Pierre de Montmartre
/wiki/Maryknoll	Maryknoll
/wiki/Holocaust	Holocaust
/wiki/Pierre_Chaillet	Pierre Chaillet
/wiki/Sermon_on_the_Mount	Sermon on the Mount
/wiki/Eureka_Street_(magazine)	Eureka Street
/wiki/Baptism#Catholic	Baptism
/wiki/Jean_Fran%C3%A7ois_Pons	Jean François Pons
/wiki/Anointing_of_the_Sick_(Catholic_Church)	Anointing of the Sick
/wiki/North_American_Martyrs	North American Martyrs
/wiki/German_Resistance	German Resistance
/wiki/Marist_Brothers	Marist Brothers
/wiki/Pimeria_Alta	Pimeria Alta
/wiki/Institute_of_the_Maids_of_the_Poor	Institute of the Maids of the Poor
/wiki/Sacrosanctum_Concilium	Sacrosanctum Concilium
/wiki/Alexandre_de_Rhodes	Alexandre de Rhodes
/wiki/Albertus_Magnus	Albertus Magnus
/wiki/Pontificia_Universidad_Javeriana	Pontificia Universidad Javeriana
/wiki/Misprision_of_treason	misprision of treason
/wiki/Peru	Peru
/wiki/La_Santisima_Trinidad_de_Parana	La Santisima Trinidad de Parana
/wiki/Mariology_of_the_popes	Mariology of the popes
/wiki/St._Xavier%27s_College,_Patna	St. Xavier's College, Patna
/wiki/Fellow	fellow
/wiki/Lhasa	Lhasa
/wiki/Henri_de_Lubac	Henri de Lubac
/wiki/Sim%C3%A3o_Rodrigues	Simão Rodrigues
/wiki/Universidad_Centroamericana_Jos%C3%A9_Sime%C3%B3n_Ca%C3%B1as	Universidad Centroamericana José Simeón Cañas
/wiki/Birth_control	birth control
/wiki/Two_Sicilies	Two Sicilies
/wiki/The_Sisters_of_St._Joseph_of_Peace	The Sisters of St. Joseph of Peace
/wiki/Syro-Malabar_Catholic_Church	Syro-Malabar
/wiki/Basil_of_Caesarea	Basil of Caesarea
/wiki/Peter_Chrysologus	Peter Chrysologus
/wiki/Zenit_News_Agency	Zenit News Agency
/wiki/Xaverian_Brothers	Xaverian Brothers
/wiki/Bollandist	Bollandist
/wiki/Western_United_States	Western United States
/wiki/Catherine_the_Great	Catherine the Great
/wiki/Philippines	Philippines
/wiki/Haurietis_aquas	Haurietis aquas
/wiki/Vincent_O%27Keefe	Vincent O'Keefe
/wiki/Missionaries_of_St._Francis_de_Sales	Missionaries of St. Francis de Sales
/wiki/Brother_(Catholic)	brothers
/wiki/Isidore_of_Seville	Isidore of Seville
/wiki/The_Mission_(1986_film)	The Mission
/wiki/Spanish_language	Spanish
/wiki/Vatican_Radio	Vatican Radio
/wiki/Anglican_Use	Anglican Use
/wiki/Seismology	seismology
/wiki/Thaddeus_Brzozowski	Thaddeus Brzozowski
/wiki/Spaniard	Spaniard
/wiki/Loyola_University_New_Orleans	Loyola University New Orleans
/wiki/Iroquois	Iroquois
/wiki/Madonna_Della_Strada	Madonna Della Strada
/wiki/Vidyajyoti_College_of_Theology	Vidyajyoti College of Theology, Delhi
/wiki/Crusades	Crusades
/wiki/Jonathan_Wright_(historian)	Jonathan Wright
/wiki/St._Jean_de_Brebeuf	St. Jean de Brebeuf
/wiki/List_of_schools_named_after_Francis_Xavier	named after St. Francis Xavier
/wiki/Basilian_Chouerite_Sisters	Basilian Chouerite Sisters
/wiki/Mission_(Christian)	Mission
/wiki/Jesuits_and_Nazism	Jesuits and Nazism
/wiki/Jack_Chick	Jack Chick
/wiki/Francis_Xavier	Francis Xavier
/wiki/Basilian_Alepian_Order	Basilian Alepians
