/wiki/Unicode	Unicode
/wiki/Vai_syllabary	Vai
/wiki/Internationalized_domain_name	Domain names (IDN)
/wiki/YUSCII	YUSCII
/wiki/Cangjie_method	Cangjie
/wiki/Medieval_Unicode_Font_Initiative	Medieval Unicode Font Initiative
/wiki/Meroitic_alphabet	Meroitic
/wiki/Tai_Le_alphabet	Tai Le
/wiki/Windows-1257	1257
/wiki/EUC-JP	EUC-JP
/wiki/Code_page_668	668
/wiki/Inscriptional_Parthian	Inscriptional Parthian
/wiki/Code_point	Code points
/wiki/Code_page_819	819
/wiki/Thai_alphabet	Thai alphabet
/wiki/Phonetic_symbols_in_Unicode	Phonetic symbols (including IPA)
/wiki/CNS_11643	CNS 11643
/wiki/Soft_hyphen	Soft hyphen
/wiki/CJK_Unified_Ideographs	CJK unified ideographs
/wiki/GNOME	GNOME
/wiki/Supplementary_Special-purpose_Plane	Supplement­ary Special-purpose Plane
/wiki/Code_page_915	915
/wiki/Universal_Character_Set	Universal Character Set
/wiki/Underscore	underscore
/wiki/Windows_7	Windows 7
/wiki/Old_Italic_script	Old Italic
/wiki/Multani_alphabet	Multani
/wiki/South_Arabian_alphabet	Old South Arabian
/wiki/ASCII	ASCII
/wiki/Yi_script	Yi Syllables
/wiki/HTTP	HTTP
/wiki/Character_encoding	character encodings
/wiki/Combining_diacritical_mark	combining diacritical marks
/wiki/TI_calculator_character_sets	TI calculator character sets
/wiki/Windows-1253	1253
/wiki/Ideographic_Description_Sequences	ideographic description sequences
/wiki/KPS_9566	KPS 9566
/wiki/April_Fools%27_Day_RFC	April Fools' Day RFC
/wiki/Telegraph_code	Telegraph code
/wiki/Left-to-right_mark	Left-to-right mark
/wiki/Halfwidth_and_fullwidth_forms	Halfwidth and fullwidth
/wiki/Latin_script	Latin
/wiki/Saurashtra_script	Saurashtra
/wiki/Mathematical_operators_and_symbols_in_Unicode	Mathematical operators and symbols
/wiki/Georgian_scripts	Georgian
/wiki/MARC-8	MARC-8
/wiki/Duployan_shorthand	Duployan
/wiki/Code_page_1133	1133
/wiki/HTML	HTML
/wiki/Block_Elements	Block Elements
/wiki/ISO_14651	ISO 14651
/wiki/Tibetan_script	Tibetan
/wiki/Homoglyph	Homoglyph
/wiki/Duplicate_characters_in_Unicode	Duplicate characters
/wiki/Fieldata	Fieldata
/wiki/Plane_(Unicode)#Supplementary_Multilingual_Plane	Supplementary Multilingual Plane
/wiki/JIS_X_0212	JIS X 0212
/wiki/Tifinagh	Tifinagh
/wiki/Latin-1_Supplement_(Unicode_block)	Latin-1 Supplement
/wiki/Batak_alphabet	Batak
/wiki/Hanja	Hanja
/wiki/Charset_detection	charset detection
/wiki/Common_Locale_Data_Repository	Common Locale Data Repository (CLDR)
/wiki/Greek_alphabet	Greek
/wiki/Unix-like	Unix-like
/wiki/Markus_Kuhn_(computer_scientist)	Markus Kuhn
/wiki/Han_unification	Han unification
/wiki/Soft_hyphen	soft hyphen
/wiki/IPA_Extensions	IPA Extensions
/wiki/Precomposed_character	Precomposed character
/wiki/Modern_musical_symbols	Western music
/wiki/Character_encoding	Character encodings
/wiki/Canadian_Aboriginal_syllabics	Unified Canadian Aboriginal Syllabics
/wiki/ISO-2022	ISO-2022
/wiki/Tai_Viet_script	Tai Viet
/wiki/ISO/IEC_2022	ISO 2022
/wiki/Runic_alphabet	Runic
/wiki/DirectWrite	DirectWrite
/wiki/Romanization	romanization
/wiki/Code_page_437	437
/wiki/Arabic_script	Arabic
/wiki/Ideographic_Rapporteur_Group	Ideographic Rapporteur Group
/wiki/Kayah_Li_script	Kayah Li
/wiki/Limbu_script	Limbu
/wiki/Byte_Order_Mark	Byte Order Mark
/wiki/Microsoft_Windows	Microsoft Windows
/wiki/Oriya_script	Oriya
/wiki/Bi-directional_text	bidirectional
/wiki/Abugida	abugidas
/wiki/Internet_Explorer	Internet Explorer
/wiki/Emoji	emoji
/wiki/Code_page_855	855
/wiki/Code_page_856	856
/wiki/Cuneiform	Cuneiform
/wiki/Code_page_850	850
/wiki/Code_page_851	851
/wiki/Code_page_852	852
/wiki/Code_page_853	853
/wiki/Code_page_858	858
/wiki/Code_page_859	859
/wiki/Ministry_of_Endowments_and_Religious_Affairs_(Oman)	Ministry of Endowments and Religious Affairs
/wiki/Chinese_character	Chinese characters
/wiki/Quotation_mark	quotation mark
/wiki/Nabataean_alphabet	Nabataean
/wiki/Line_feed	Line feed
/wiki/Quoted-printable	Quoted-printable
/wiki/Shift_JIS	Shift JIS
/wiki/ISCII	ISCII
/wiki/Java_(programming_language)	Java programming language
/wiki/JEF_codepage	JEF
/wiki/Gurmukhi_script	Gurmukhi
/wiki/Yahoo!	Yahoo!
/wiki/List_of_XML_and_HTML_character_entity_references	List of XML and HTML character entity references
/wiki/C0_and_C1_control_codes	C0 C1
/wiki/Tibetan_script	Tibetan script
/wiki/ISO_8859	ISO 8859
/wiki/Phaistos_Disc	Phaistos Disc
/wiki/EUC-KR	EUC-KR
/wiki/OpenOffice.org	OpenOffice.org
/wiki/Inscriptional_Pahlavi	Inscriptional Pahlavi
/wiki/Punctuation	Punctuation
/wiki/Sun_Microsystems	Sun Microsystems
/wiki/Ol_Chiki_script	Ol Chiki
/wiki/UTF-8	UTF-8
/wiki/UTF-7	UTF-7
/wiki/Combining_Grapheme_Joiner	Combining Grapheme Joiner
/wiki/UTF-1	UTF-1
/wiki/Standardization_Administration_of_China	Standardization Administration of China
/wiki/UTF-32	UTF-32
/wiki/ISO/IEC_8859	ISO/IEC 8859
/wiki/Turkish_lira_sign	Turkish lira sign
/wiki/Script_(Unicode)#Common_and_inherited_scripts	Common and
inherited scripts
/wiki/Lepcha_script	Lepcha
/wiki/Unicode_and_email	Unicode and email
/wiki/ISO_14755	ISO 14755
/wiki/Private_Use_Area_(Unicode_block)	Private Use Area
/wiki/Map	map
/wiki/CJK_Unified_Ideographs	CJK Unified Ideographs
/wiki/Hangul	Old Hangul
/wiki/Box_Drawing	Box Drawing
/wiki/Arrows_(Unicode_block)	Arrows
/wiki/Shift_JIS	ShiftJIS
/wiki/Mro_script	Mro
/wiki/Indian_rupee_sign	Indian rupee sign
/wiki/New_Tai_Lue_alphabet	New Tai Lue
/wiki/Word_joiner	Word joiner
/wiki/Chakma_alphabet	Chakma
/wiki/Tai_Tham_script	Tai Tham
/wiki/Hexadecimal	hexadecimal
/wiki/Script_(Unicode)	Script (Unicode)
/wiki/Apple_Inc.	Apple
/wiki/Code_page_949	949
/wiki/GB_18030	GB 18030
/wiki/Python_(programming_language)	Python
/wiki/Latin_character	Latin characters
/wiki/Font_substitution	font substitution
/wiki/Ligature_(typography)	ligature forms
/wiki/Hebrew_alphabet	Hebrew
/wiki/Unicode_input	Unicode input
/wiki/Scripts_in_Unicode	scripts in Unicode
/wiki/Internationalization_and_localization	internationalization and localization
/wiki/MIK_Code_page	MIK
/wiki/Thaana	Thaana
/wiki/N%C3%BC_Shu	Nü Shu
/wiki/Telugu_script	Telugu
/wiki/Cyrillic	Cyrillic
/wiki/ISO_8859-1	ISO 8859-1
/wiki/Hangul	Hangul
/wiki/SI_960	SI 960
/wiki/Unicode_Consortium	Unicode Consortium
/wiki/Commercial_code_(communications)	Commercial code (communications)
/wiki/Mende_Kikakui_script	Mende Kikakui
/wiki/Ahom_alphabet	Ahom
/wiki/Precomposed_character	precomposed characters
/wiki/Xerox	Xerox
/wiki/Tengwar	Tengwar
/wiki/Armenian_alphabet	Armenian
/wiki/Code_page_932	932
/wiki/Tamil_script	Tamil
/wiki/Unicode_fallback_font	Unicode Fallback
/wiki/Iran_System_encoding_standard	Iran System
/wiki/Meroitic_alphabet	Meroitic hieroglyphs
/wiki/.NET_Framework	Microsoft .NET Framework
/wiki/Carian_script	Carian
/wiki/Linear_B	Linear B
/wiki/International_Organization_for_Standardization	International Organization for Standardization
/wiki/Unicode_normalization#Normalization	Unicode normalization § Normalization
/wiki/APL_(codepage)	APL
/wiki/Combining_character	combining diacritics
/wiki/Mark_Davis_(Unicode)	Mark Davis
/wiki/Character_set	character set
/wiki/Dot_above	dot above
/wiki/ConScript_Unicode_Registry	ConScript Unicode Registry
/wiki/Combining_character	Combining character
/wiki/Unicode_compatibility_characters	Compatibility characters
/wiki/Miscellaneous_Technical_(Unicode)	Miscellaneous Technical
/wiki/Indic_script	Indic scripts
/wiki/Code_page_895	895
/wiki/Zero-width_non-joiner	Zero-width non-joiner
/wiki/Code_page_790	790
/wiki/Mazovia_encoding	Mazovia
/wiki/Cypriot_syllabary	Cypriot syllabary
/wiki/Round-trip_format_conversion	round-trip format conversion
/wiki/KS_X_1001	KS X 1001
/wiki/Pollard_script	Miao (Pollard)
/wiki/Braille	Braille
/wiki/Cork_encoding	Cork
/wiki/Big5	Big5
/wiki/Lycian_script	Lycian
/wiki/Grapheme	graphemes
/wiki/Unicode_collation_algorithm	collation
/wiki/Byte	byte
/wiki/Letterlike_Symbols	Letterlike Symbols
/wiki/Lee_Collins_(software_engineer)	Lee Collins
/wiki/Unicode_numerals#Ancient_Greek_numerals	Greek numbers
/wiki/VISCII	VISCII
/wiki/Cham_alphabet	Cham
/wiki/Currency_symbol	Currency
/wiki/Gothic_alphabet	Gothic
/wiki/Writing_system	writing systems
/wiki/Word_processor	word processor
/wiki/Endianness	byte endianness
/wiki/Character_encoding	encoding
/wiki/Cherokee_syllabary	Cherokee
/wiki/Web_browser	Web browsers
/wiki/Core_Text	Core Text
/wiki/Number	number
/wiki/Number_Forms	Number Forms
/wiki/NeXT	NeXT
/wiki/GSM_03.38	GSM 03.38
/wiki/University_of_California,_Berkeley	University of California, Berkeley
/wiki/Rongorongo	Rongorongo
/wiki/East_Asian_language	East Asian languages
/wiki/Extended_ASCII	extended ASCII
/wiki/Superscript	superscript
/wiki/Phoenician_alphabet	Phoenician
/wiki/Bamum_script	Bamum
/wiki/Diminishing_returns	diminishing returns
/wiki/Operating_system	operating systems
/wiki/ANSEL	ANSEL
/wiki/Plane_(Unicode)	Planes
/wiki/GBK	GBK
/wiki/Mojibake	mojibake
/wiki/Greek_Extended	Greek Extended
/wiki/Alphabet	alphabets
/wiki/Code_page_869	869
/wiki/Wubi_method	Wubi
/wiki/TrueType	TrueType
/wiki/Code_page_860	860
/wiki/Code_page_863	863
/wiki/Code_page_862	862
/wiki/Code_page_865	865
/wiki/Code_page_864	864
/wiki/Code_page_867	867
/wiki/Code_page_866	866
/wiki/UTF-EBCDIC	UTF-EBCDIC
/wiki/Khojki	Khojki
/wiki/Sinhala_script	Sinhala
/wiki/Dingbat	Dingbats
/wiki/Base64	Base64
/wiki/Rejang_script	Rejang
/wiki/DMOZ	DMOZ
/wiki/Balinese_alphabet	Balinese
/wiki/Macintosh_Ukrainian_encoding	Ukrainian
/wiki/Shift-JIS	Shift-JIS
/wiki/Cultural,_political,_and_religious_symbols_in_Unicode	Cultural, political, and religious symbols in Unicode
/wiki/Lydian_script	Lydian
/wiki/Pahawh_Hmong	Pahawh Hmong
/wiki/Computer_software	computer software
/wiki/Code_page_775	775
/wiki/Code_page_774	774
/wiki/Code_page_771	771
/wiki/Zero-width_non-joiner	zero-width non-joiner
/wiki/CJK_Unified_Ideographs	CJK Unified Ideographs (Han)
/wiki/Zero-width_space	Zero-width space
/wiki/ATSUI	ATSUI
/wiki/Samaritan_script	Samaritan
/wiki/Buhid_script	Buhid
/wiki/Tirhuta	Tirhuta
/wiki/Fullwidth_form	fullwidth forms
/wiki/Script_(Unicode)	scripts
/wiki/Coptic_alphabet	Coptic
/wiki/Modi_alphabet	Modi
/wiki/Google	Google
/wiki/Philippines	Philippine
/wiki/Avestan_alphabet	Avestan
/wiki/Bracket	bracket
/wiki/GTK%2B	GTK+
/wiki/South_Arabian_alphabet	South Arabian
/wiki/UCS-2	UCS-2
/wiki/Emoji	Emoji
/wiki/Lontara_alphabet	Lontara
/wiki/Plane_(Unicode)	Plane (Unicode)
/wiki/List_of_Unicode_characters	List of Unicode characters
/wiki/Greek_alphabet	Greek and Coptic
/wiki/Code_page_667	667
/wiki/Meitei_Mayek_script	Meetei Mayek
/wiki/Latin_Extended_Additional	Latin Extended Additional
/wiki/Font	font
/wiki/HP_roman8	HP roman8
/wiki/Charis_SIL	Charis SIL
/wiki/C0_and_C1_control_codes	C0 control codes
/wiki/Sylheti_Nagari	Sylheti Nagari
/wiki/Wide_character	wide character
/wiki/OpenType	OpenType
/wiki/Canonical_equivalence	canonical equivalence
/wiki/Bengali_alphabet	Bengali
/wiki/Bopomofo	Bopomofo
/wiki/Unicode_equivalence	Equivalence
/wiki/Code_page_991	991
/wiki/Bassa_alphabet	Bassa Vah
/wiki/Sundanese_script	Sundanese
/wiki/Code_point	code points
/wiki/Spacing_Modifier_Letters	Spacing Modifier Letters
/wiki/People%27s_Republic_of_China	People's Republic of China
/wiki/Ancient_North_Arabian	Ancient North Arabian
/wiki/Old_Persian_cuneiform_script	Old Persian
/wiki/XHTML	XHTML
/wiki/Manuscript	manuscripts
/wiki/Subscript	subscript
/wiki/Byzantine_music	Byzantine music
/wiki/Character_encodings_in_HTML	Character encodings in HTML
/wiki/Dominoes	Domino tiles
/wiki/Tagbanwa_script	Tagbanwa
/wiki/Byte	bytes
/wiki/Uniscribe	Uniscribe
/wiki/Code_page_861	861
/wiki/Euro_sign	Euro sign
/wiki/List_of_binary_codes	List of binary codes
/wiki/Old_Permic_alphabet	Old Permic
/wiki/Gmail	Gmail
/wiki/Precomposed_character	precomposed
/wiki/Basic_Multilingual_Plane	Basic Multilingual Plane
/wiki/JIS_X_0213	JIS X 0213
/wiki/Meroitic_alphabet	Meroitic cursive
/wiki/Last_Resort_font	Last Resort font
/wiki/Code_page	code pages
/wiki/EUC-CN	EUC-CN
/wiki/Superscripts_and_Subscripts	Superscripts and Subscripts
/wiki/Windows-54936	54936
/wiki/Windows_95	Windows 95
/wiki/Plan_9_from_Bell_Labs	Plan 9
/wiki/Sylheti_Nagari	Syloti Nagri
/wiki/Windows_98	Windows 98
/wiki/Macron	macron
/wiki/Latin_Extended-B	Latin Extended-B
/wiki/Latin_Extended-A	Latin Extended-A
/wiki/Universal_Coded_Character_Set	ISO/IEC 10646 (Universal Character Set)
/wiki/ISO_15924	ISO 15924
/wiki/Thai_alphabet	Thai
/wiki/Unicode_input	Input
/wiki/Email	email
/wiki/Technical_standard	industry standard
/wiki/Source_code	source code
/wiki/Ugaritic_alphabet	Ugaritic
/wiki/Old_Turkic_script	Old Turkic
/wiki/Replacement_character	replacement character
/wiki/Miscellaneous_Symbols	Miscellaneous Symbols
/wiki/ISO-8859-1	ISO-8859-1
/wiki/CDC_display_code	CDC display code
/wiki/Burmese_script	Burmese
/wiki/Standards_related_to_Unicode	Standards related to Unicode
/wiki/Egyptian_hieroglyphs	Egyptian hieroglyphs
/wiki/Geometric_Shapes	Geometric Shapes
/wiki/UTF-16	UTF-16/UCS-2
/wiki/Psalter_Pahlavi	Psalter Pahlavi
/wiki/Kaithi	Kaithi
/wiki/UTF-32	UTF-32/UCS-4
/wiki/%27Phags-pa_script	'Phags-pa
/wiki/Windows_NT	Windows NT
/wiki/Universal_Coded_Character_Set	Universal Coded Character Set
/wiki/Unicode_symbols	Symbols
/wiki/Syriac_alphabet	Syriac
/wiki/Microsoft_Layer_for_Unicode	Microsoft Layer for Unicode
/wiki/Sora_Sompeng	Sora Sompeng
/wiki/Mahajani	Mahajani
/wiki/Unicode_symbols	Unicode symbols
/wiki/Baudot_code	Baudot code
/wiki/Phags-pa_script	Phags-pa
/wiki/BCD_(character_encoding)	BCD
/wiki/Mahjong	Mahjong tiles
/wiki/Bi-directional_text	bi-directional text
/wiki/Khmer_script	Khmer
/wiki/Khudabadi_script	Khudawadi
/wiki/KDE	KDE
/wiki/Lithuanian_language	Lithuanian
/wiki/Yahoo	Yahoo
/wiki/Code_page_737	737
/wiki/MacRomanian_encoding	Romanian
/wiki/KEIS	KEIS
/wiki/UTF-16	UTF-16
/wiki/Hiragana	Hiragana
/wiki/Ideograph	ideographs
/wiki/XML	XML
/wiki/Imperial_Aramaic	Imperial Aramaic
/wiki/Glagolitic_alphabet	Glagolitic
/wiki/Variation_Selectors	Unicode variation sequences
/wiki/CCSID	CCSID
/wiki/Mac_OS_Roman	Roman
/wiki/Adobe_Systems	Adobe Systems
/wiki/Javanese_script	Javanese
/wiki/Alchemical_symbol	alchemical symbols
/wiki/ISO/IEC_646	ISO/IEC 646
/wiki/Cypriot_syllabary	Cypriot
/wiki/Kannada_alphabet	Kannada
/wiki/Control_character	control character
/wiki/Open-source_Unicode_typefaces	Open-source Unicode typefaces
/wiki/Mongolian_script	Mongolian
/wiki/Playing_card	playing card
/wiki/Comparison_of_Unicode_encodings#Historical:_UTF-5_and_UTF-6	UTF-5 and UTF-6
/wiki/Bi-directional_text	bidirectional text
/wiki/Zero-width_joiner	zero-width joiner
/wiki/Unicode_character_property	Character property
/wiki/Old_North_Arabian	Old North Arabian
/wiki/MIME	MIME
/wiki/Mathematical_Operators_(Unicode_block)	Mathematical Operators
/wiki/General_Punctuation	General Punctuation
/wiki/Emoticons	emoticons
/wiki/Private_Use_Areas	Private Use Areas
/wiki/WGL-4	WGL-4
/wiki/Code_page_874	874
/wiki/Hangul_Jamo	Hangul Jamo
/wiki/Numeric_character_reference	numeric references
/wiki/Typographic_ligature	Ligatures
/wiki/FreeBSD	FreeBSD
/wiki/ATASCII	ATASCII
/wiki/Injective	Injective
/wiki/Chinese_telegraph_code	Chinese
/wiki/Oracle_Corporation	Oracle Corporation
/wiki/Alphabetic_Presentation_Forms	Alphabetic Presentation Forms
/wiki/Graphite_(SIL)	Graphite
/wiki/Syllabary	syllabaries
/wiki/Character_(computing)	characters
/wiki/Linux_distributions	Linux distributions
/wiki/Pau_Cin_Hau	Pau Cin Hau
/wiki/SignWriting	SignWriting
/wiki/Unicode_normalization	normalization
/wiki/MacCroatian_encoding	Croatian
/wiki/SIL_International	SIL International
/wiki/Yi_script	Yi
/wiki/Code_page_950	950
/wiki/Takri_alphabet	Takri
/wiki/Parody	parody
/wiki/Tangut_script	Tangut
/wiki/Domain_Name_System	Domain Name System
/wiki/Unicode_typeface	Unicode typeface
/wiki/Numerals_in_Unicode	Numerals
/wiki/Acute_accent	acute accent
/wiki/ZX_Spectrum_character_set	ZX Spectrum character set
/wiki/Windows_XP	Windows XP
/wiki/MacTurkish_encoding	Turkish
/wiki/PETSCII	PETSCII
/wiki/Canadian_Aboriginal_syllabics	Canadian Aboriginal
/wiki/Old_Persian_cuneiform	Old Persian cuneiform
/wiki/Glyph	glyphs
/wiki/Hyphen	hyphen
/wiki/World_Wide_Web	World Wide Web
/wiki/GB18030	GB18030
/wiki/Michael_Everson	Michael Everson
/wiki/Comparison_of_Unicode_encodings	Comparison of Unicode encodings
/wiki/Plane_(Unicode)#Supplementary_Ideographic_Plane	Supplementary Ideographic Plane
/wiki/Code_page_1119	1119
/wiki/Code_page_1118	1118
/wiki/Malayalam_script	Malayalam
/wiki/ISO/IEC_6937	ISO/IEC 6937
/wiki/Varang_Kshiti	Warang Citi
/wiki/Zero-width_joiner	Zero-width joiner
/wiki/Baybayin	Tagalog (Baybayin)
/wiki/Punycode	Punycode
/wiki/Bi-directional_text	Bi-directional text
/wiki/Morse_code	Morse code
/wiki/HZ_(character_encoding)	HZ
/wiki/Font	fonts
/wiki/Java_virtual_machine	Java
/wiki/JIS_X_0208	JIS X 0208
/wiki/Maya_hieroglyphics	Mayan
/wiki/Vedic_Sanskrit	Vedic Sanskrit
/wiki/Sorang_Sompeng_alphabet	Sorang Sompeng
/wiki/Language_tag	language tag
/wiki/Seed7	Seed7
/wiki/Sultanate_of_Oman	Sultanate of Oman
/wiki/ISO/IEC_10646	ISO/IEC 10646
/wiki/Glyph	glyph
/wiki/W3C	W3C
/wiki/Klingon_writing_systems	Klingon
/wiki/Code_page_773	773
/wiki/Shavian_alphabet	Shavian
/wiki/Anatolian_hieroglyphs	Anatolian hieroglyphs
/wiki/Code_page_772	772
/wiki/Grantha_alphabet	Grantha
/wiki/Windows-1256	1256
/wiki/Windows_ME	Windows ME
/wiki/Windows-1254	1254
/wiki/Windows-1255	1255
/wiki/Windows-1252	1252
/wiki/Egyptian_hieroglyph	Egyptian Hieroglyphs
/wiki/Windows-1250	1250
/wiki/Windows-1251	1251
/wiki/Devanagari	Devanagari
/wiki/Old_Hungarian_alphabet	Old Hungarian
/wiki/Windows-1258	1258
/wiki/Code_page_912	912
/wiki/CJK	CJK
/wiki/Multilingualism	multilingual
/wiki/Unicode#Versions	Versions
/wiki/CESU-8	CESU-8
/wiki/Kanji	Kanji
/wiki/Specials_(Unicode_block)	Specials
/wiki/Code_page_857	857
/wiki/Varang_Kshiti	Varang Kshiti
/wiki/GOST_10859	GOST 10859
/wiki/Input_method	input methods
/wiki/Joe_Becker_(Unicode)	Joe Becker
/wiki/Microsoft	Microsoft
/wiki/Ogham	Ogham
/wiki/Basic_Latin_(Unicode_block)	Basic Latin
/wiki/Windows_2000	Windows 2000
/wiki/Georgian_lari	Lari sign
/wiki/ZX80_character_set	ZX80 character set
/wiki/Caucasian_Albanian_alphabet	Caucasian Albanian
/wiki/Code_unit	code unit
/wiki/Katakana	Katakana
/wiki/Osmanya_script	Osmanya
/wiki/Mac_Icelandic_encoding	Icelandic
/wiki/Jurchen_script	Jurchen
/wiki/Gujarati_alphabet	Gujarati
/wiki/Linear_A	Linear A
/wiki/JIS_X_0201	JIS X 0201
/wiki/ISO_6438	6438
/wiki/Manichaean_alphabet	Manichaean
/wiki/Right-to-left_mark	Right-to-left mark
/wiki/Mac_OS_X	Mac OS X
/wiki/Mandaic_alphabet	Mandaic
/wiki/Hatran_alphabet	Hatran
/wiki/Duplicate_characters_in_Unicode	Duplicate characters in Unicode
/wiki/Universal_Character_Set_characters	Universal Character Set characters
/wiki/Outlook.com	Outlook.com
/wiki/Character_property_(Unicode)#General_Category	General Category
/wiki/EBCDIC	EBCDIC
/wiki/DEC_Radix-50	DEC Radix-50
/wiki/TRON_(encoding)	TRON
/wiki/Pango	Pango
/wiki/Operating_system	operating system
/wiki/ISO_5428	5428
/wiki/Z-variant	Z-variant
/wiki/Arabic_diacritics	diacritics
/wiki/Scribal_abbreviation	Scribal abbreviations
/wiki/Roman_numerals	Roman numerals
/wiki/ITU_T.61	T.61
/wiki/Code_page_720	720
/wiki/Unicode_and_HTML	Unicode and HTML
/wiki/Ogonek	ogonek
/wiki/Internationalized_Domain_Names	Internationalized Domain Names
/wiki/Code_page_936	936
/wiki/Elbasan	Elbasan
/wiki/Computing	computing
/wiki/International_Components_for_Unicode	International Components for Unicode
/wiki/.NET_Framework	.NET
/wiki/Deseret_alphabet	Deseret
/wiki/Combining_character	Combining marks
/wiki/Lao_script	Lao
/wiki/Currency_Symbols_(Unicode_block)	Currency Symbols
/wiki/Diacritic	Diacritics
/wiki/Code_page_1117	1117
/wiki/Script_(Unicode)	Scripts
/wiki/UTF-9_and_UTF-18	UTF-9 and UTF-18
/wiki/IDNA	IDNA
/wiki/Religious_and_political_symbols_in_Unicode	Cultural, political, and religious symbols
/wiki/Windows_Vista	Windows Vista
/wiki/ISO/IEC_2022	ISO/IEC 2022
/wiki/Palmyrene_script	Palmyrene
/wiki/Ligature_(typography)	ligatures
/wiki/Data_file	data files
/wiki/Kharosthi	Kharosthi
/wiki/TSCII	TSCII
/wiki/Kanji	kanji
/wiki/ArmSCII	ArmSCII
/wiki/Rob_Pike	Pike, Rob
/wiki/Web_browser	web browser
/wiki/Code_page_770	770
