/wiki/Vanuatu	Vanuatu
/wiki/Canada	Canada
/wiki/Lau_Islands	Lau Islands
/wiki/Mangoes	mangoes
/wiki/Interpol	Interpol
/wiki/Scots-Canadian	Scots-Canadian
/wiki/Kingman_Reef	Kingman Reef
/wiki/Sweet_potatoes	sweet potatoes
/wiki/Swaziland	Swaziland
/wiki/Melanesian_Spearhead_Group	Melanesian Spearhead Group
/wiki/Cameroon	Cameroon
/wiki/Burkina_Faso	Burkina Faso
/wiki/Thailand	Thailand
/wiki/Commercial_agriculture	Commercial agriculture
/wiki/Cocos_(Keeling)_Islands	Cocos (Keeling) Islands
/wiki/Republic_of_Great_Melanesia	Republic of Great Melanesia
/wiki/Spanish_Empire	Spanish Crown
/wiki/Dominica	Dominica
/wiki/French_Community_of_Belgium	French Community
/wiki/Armenia	Armenia
/wiki/Ukulele	ukulele
/wiki/Vanua%27aku_Pati	Vanua'aku Pati
/wiki/TV5Monde	TV5Monde
/wiki/Military_of_Vanuatu	Military
/wiki/Maewo	Maewo
/wiki/University_of_the_South_Pacific	University of the South Pacific
/wiki/Macedonia_naming_dispute	Macedonia naming dispute
/wiki/Demographics_of_Vanuatu	Demographics of Vanuatu
/wiki/Volcanic_activity	Volcanic activity
/wiki/Louisiade_archipelago	Louisiade archipelago
/wiki/Financial_services	financial services
/wiki/Telecommunications_in_Vanuatu	Telecommunications
/wiki/Turkey	Turkey
/wiki/Bamboo_musical_instruments	bamboo stamping tubes
/wiki/World_Intellectual_Property_Organization	World Intellectual Property Organization
/wiki/Australian_Antarctic_Territory	Australian Antarctic Territory
/wiki/Law_enforcement_in_Vanuatu	Law enforcement
/wiki/History_of_Vanuatu	History of Vanuatu
/wiki/Coconut_War	Coconut War
/wiki/Nauru	Nauru
/wiki/The_World_Factbook	The World Factbook
/wiki/Plantations	planters
/wiki/Captain_Cook	Captain Cook
/wiki/ISO_3166	ISO 3166 code
/wiki/Francophonie	Francophonie
/wiki/Slit_drum_(Vanuatu)	slit drums
/wiki/Cayman_Islands	Cayman Islands
/wiki/Pidgin	pidgin
/wiki/Economy_of_Vanuatu	Economy of Vanuatu
/wiki/Wake_Island	Wake Island
/wiki/English_language	English
/wiki/United_States	United States
/wiki/John_Frum	John Frum
/wiki/Cyprus	Cyprus
/wiki/Tanna_(island)	Tanna
/wiki/Demonym	Demonym
/wiki/Slit_gong	slit gongs
/wiki/Vietnam	Vietnam
/wiki/Barbados	Barbados
/wiki/DMOZ	DMOZ
/wiki/Matthew_and_Hunter_Islands	Matthew and Hunter
/wiki/Melanesian_Super_Cup	Melanesian Super Cup
/wiki/Akrotiri_and_Dhekelia	Akrotiri and Dhekelia
/wiki/Constitution_of_Vanuatu	Constitution
/wiki/Tafea_Province	Tafea
/wiki/Qatar	Qatar
/wiki/Languages_of_Vanuatu	Languages
/wiki/Book:Vanuatu	Book
/wiki/Archaeological	archaeological
/wiki/Happy_Planet_Index	Happy Planet Index
/wiki/Nigeria	Nigeria
/wiki/Australia	Australia
/wiki/Tuvalu	Tuvalu
/wiki/Mail_on_Sunday	Mail on Sunday
/wiki/Torba_Province	Torba
/wiki/Pitcairn_Islands	Pitcairn Islands
/wiki/West_Papua_(region)	West Papua
/wiki/Food_supply	food supplies
/wiki/Languages_of_Vanuatu	Languages of Vanuatu
/wiki/Missionaries	missionaries
/wiki/Philippines	Philippines
/wiki/Bismarck_Archipelago	Bismarck Archipelago
/wiki/Morocco	Morocco
/wiki/Financial_services	Financial services
/wiki/Women%27s_rights	Women's rights
/wiki/Melanesian_mythology	Mythology
/wiki/Ni-Vanuatu	Ni-Vanuatu
/wiki/Erromango	Erromango
/wiki/E._O._Wilson	E. O. Wilson
/wiki/Prix_des_cinq_continents_de_la_francophonie	Prix des cinq continents de la francophonie
/wiki/South_Africa	South Africa
/wiki/Lebanon	Lebanon
/wiki/List_of_birds_of_Vanuatu	List of birds of Vanuatu
/wiki/South_Korea	Republic of Korea
/wiki/Boutros_Boutros-Ghali	Boutros Boutros-Ghali
/wiki/S%C3%A3o_Tom%C3%A9_and_Pr%C3%ADncipe	São Tomé and Príncipe
/wiki/Palau	Palau
/wiki/Millennium_Challenge_Account	Millennium Challenge Account
/wiki/Media_of_Vanuatu	Media
/wiki/Archipelago	archipelago
/wiki/Vulnerability	vulnerability
/wiki/Parliamentary_republic	parliamentary
/wiki/Parliament_of_Vanuatu	Parliament
/wiki/Religion_in_Vanuatu	Religion in Vanuatu
/wiki/Public_infrastructure	public infrastructure
/wiki/Mozambique	Mozambique
/wiki/Mauritius	Mauritius
/wiki/Culture_of_Vanuatu	Culture of Vanuatu
/wiki/Trade_winds	trade winds
/wiki/Coral_Sea_Islands	Coral Sea Islands
/wiki/Central_Intelligence_Agency	Central Intelligence Agency
/wiki/Friends_of_the_Earth	Friends of the Earth
/wiki/Ethnic_groups	Ethnic groups
/wiki/String_band	string band
/wiki/New_Economics_Foundation	New Economics Foundation
/wiki/Serbia	Serbia
/wiki/Jarvis_Island	Jarvis Island
/wiki/Ralph_Regenvanu	Ralph Regenvanu
/wiki/Greece	Greece
/wiki/Realm_of_New_Zealand	Associated states
of New Zealand
/wiki/Politics_of_Vanuatu	Politics
/wiki/Island_Melanesia	Island Melanesia
/wiki/Juan_Fern%C3%A1ndez_Islands	Juan Fernández Islands
/wiki/Austronesian_languages	Austronesian
/wiki/Yaohnanen	Yaohnanen
/wiki/The_Bahamas	Bahamas
/wiki/Common_law	British common law
/wiki/Baldwin_Lonsdale	Baldwin Lonsdale
/wiki/Foreign_aid	foreign aid
/wiki/Ghana	Ghana
/wiki/Western_and_Central_Pacific_Fisheries_Commission	Western and Central Pacific Fisheries Commission (WCPFC)
/wiki/Bernice_P._Bishop_Museum	Bernice P. Bishop Museum
/wiki/Plantain_(cooking)	plantains
/wiki/American_Samoa	American Samoa
/wiki/Cabinet_of_Vanuatu	Cabinet
/wiki/Provinces_of_Vanuatu	Provinces
/wiki/Tax_haven	tax haven
/wiki/Trobriand_Islands	Trobriand Islands
/wiki/Vanuatu_vatu	Vanuatu vatu
/wiki/Martinique	Martinique
/wiki/Sharman_Networks	Sharman Networks
/wiki/Gabon	Gabon
/wiki/Niue	Niue
/wiki/Melanesia	Melanesian
/wiki/Tourism	tourism
/wiki/U.S._Department_of_State	U.S. Department of State
/wiki/United_Arab_Emirates	United Arab Emirates
/wiki/Espiritu_Santo	Espiritu Santo
/wiki/Lesotho	Lesotho
/wiki/Digicel	Digicel
/wiki/Kenya	Kenya
/wiki/Sport_in_Vanuatu	Sport
/wiki/Transport_in_Vanuatu	Transport
/wiki/Pacific_Islands_Forum	Pacific Islands Forum (PIF)
/wiki/Northern_Mariana_Islands	Northern Mariana Islands
/wiki/Mauritania	Mauritania
/wiki/Solomon_Islands	Solomon Islands
/wiki/Visa_policy_of_Vanuatu	Visa policy of Vanuatu
/wiki/French_Polynesia	French Polynesia
/wiki/Louis_Antoine_de_Bougainville	Louis Antoine de Bougainville
/wiki/Bermuda	Bermuda
/wiki/Howland_Island	Howland Island
/wiki/Agriculture	agriculture
/wiki/Prince_Philip_Movement	Prince Philip Movement
/wiki/Benin	Benin
/wiki/Presbyterian	Presbyterian
/wiki/Gini_coefficient	Gini
/wiki/Grace_Mera_Molisa	Grace Mera Molisa
/wiki/Flag_of_Vanuatu	Flag
/wiki/China	China
/wiki/Nakamal	nakamal
/wiki/Creole_language	creole
/wiki/Ukraine	Ukraine
/wiki/Tonga	Tonga
/wiki/Member_states_of_the_Commonwealth_of_Nations	Members of the
/wiki/Indonesia	Indonesia
/wiki/Cyclone_Pam#Effects_in_Vanuatu	Cyclone Pam § Effects in Vanuatu
/wiki/Cuba	Cuba
/wiki/Papua_(province)	Papua
/wiki/Malo_Island	Malo
/wiki/Mali	Mali
/wiki/Cape_Verde	Cape Verde
/wiki/Bulgaria	Bulgaria
/wiki/Jeux_de_la_Francophonie	Jeux de la Francophonie
/wiki/Midway_Atoll	Midway Atoll
/wiki/Chad	Chad
/wiki/Tokelau	Tokelau
/wiki/Senegal	Senegal
/wiki/Uganda	Uganda
/wiki/Hungary	Hungary
/wiki/Niger	Niger
/wiki/Mount_Yasur	Mount Yasur
/wiki/Jamaica	Jamaica
/wiki/Commonwealth_of_Nations	Commonwealth of Nations
/wiki/Vanuatuan_cuisine	Cuisine
/wiki/Cargo_cult	cargo cults
/wiki/Cattle_raising	raising cattle
/wiki/Flag_of_convenience	flag of convenience
/wiki/Ambrym	Ambrym
/wiki/Public_holidays_in_Vanuatu	Public holidays
/wiki/Saltwater_crocodile	saltwater crocodiles
/wiki/Saint_Kitts_and_Nevis	St. Kitts and Nevis
/wiki/Tusk	tusks
/wiki/Marshall_Islands	Marshall Islands
/wiki/Belgium	Belgium
/wiki/Kiribati	Kiribati
/wiki/Ha%C3%AFti	Haïti
/wiki/President_of_Vanuatu	President of Vanuatu
/wiki/Natural_disaster	natural disaster
/wiki/Reggaeton	reggaeton
/wiki/Seventh-day_Adventist_Church	Seventh-day Adventist Church
/wiki/Music_of_Vanuatu	Music of Vanuatu
/wiki/Efate	Efate
/wiki/Guinea-Bissau	Guinea-Bissau
/wiki/World_Bank	World Bank
/wiki/Ecological_Footprint	Ecological Footprint
/wiki/History_of_Vanuatu	History
/wiki/Unitary_state	Unitary
/wiki/Equatorial_Guinea	Equatorial Guinea
/wiki/Cattle_raising	Raising cattle
/wiki/Djibouti	Djibouti
/wiki/Montenegro	Montenegro
/wiki/Antigua_and_Barbuda	Antigua and Barbuda
/wiki/Slovakia	Slovakia
/wiki/Falkland_Islands	Falkland Islands
/wiki/Religion_in_Vanuatu	religion in Vanuatu
/wiki/Aneityum	Aneityum
/wiki/Democratic_Republic_of_the_Congo	Democratic Republic of the Congo
/wiki/Foreign_relations_of_Vanuatu	Foreign relations of Vanuatu
/wiki/Palmyra_Atoll	Palmyra Atoll
/wiki/North_Maluku	North Maluku
/wiki/Saint_Pierre_and_Miquelon	St. Pierre and Miquelon
/wiki/Churches_of_Christ_in_Australia	Church of Christ
/wiki/Demographics_of_Vanuatu	Demographics
/wiki/Official_language	official languages
/wiki/British_Antarctic_Territory	British Antarctic Territory
/wiki/Terry_Crowley_(linguist)	Crowley, Terry
/wiki/Naturalist_(book)	Naturalist
/wiki/Shefa_Province	Shefa
/wiki/Montserrat	Montserrat
/wiki/Woodlark_Island	Woodlark Island
/wiki/Guyana	Guyana
/wiki/Indentured_labour	indentured labour
/wiki/Provinces_of_Vanuatu	Provinces of Vanuatu
/wiki/Portuguese_people	Portuguese
/wiki/Quorum	quorum
/wiki/Egypt	Egypt
/wiki/Torres_Strait_Islands	Torres Strait Islands
/wiki/Vernacular	vernacular
/wiki/New_Hebrides	New Hebrides
/wiki/Fishing_in_Vanuatu	Fishing
/wiki/Namibia	Namibia
/wiki/Comoros	Comoros
/wiki/East_Timor	East Timor
/wiki/Peace_Corps	Peace Corps
/wiki/Georgia_(country)	Georgia
/wiki/Celebrity_Survivor	Celebrity Survivor
/wiki/Religion_in_Vanuatu	Religion
/wiki/Malakula	Malakula
/wiki/Maluku_(province)	Maluku
/wiki/Coconut_milk	Coconut milk
/wiki/International_Maritime_Organization	International Maritime Organization
/wiki/French_language	French
/wiki/Abdou_Diouf	Abdou Diouf
/wiki/Bosnia_and_Herzegovina	Bosnia and Herzegovina
/wiki/Sanma_Province	Sanma
/wiki/Saint_Lucia	St. Lucia
/wiki/Ashmore_and_Cartier_Islands	Ashmore and Cartier Islands
/wiki/Maldives	Maldives
/wiki/Tanzania	Tanzania
/wiki/Jersey	Jersey
/wiki/Zambia	Zambia
/wiki/Christmas_Island	Christmas Island
/wiki/Monaco	Monaco
/wiki/Guam	Guam
/wiki/New_Spain	New Spain
/wiki/LGBT_rights_in_La_Francophonie	LGBT rights
/wiki/Withholding_tax	withholding tax
/wiki/Big_man_(anthropology)	Big man (anthropology)
/wiki/Sovereign_state	Sovereign states
/wiki/Malvatu_Mauri	Malvatu Mauri
/wiki/Capital_gains_tax	capital gains tax
/wiki/France	France
/wiki/Agence_de_Coop%C3%A9ration_Culturelle_et_Technique	Agence de Coopération Culturelle et Technique (ACCT)
/wiki/Jehovah%27s_Witnesses	Jehovah's Witnesses
/wiki/International_Francophonie_Day	International Francophonie Day
/wiki/Outline_of_Vanuatu	Outline of Vanuatu
/wiki/Malawi	Malawi
/wiki/Pteropus_anetianus	Pteropus anetianus
/wiki/Australasia_ecozone	Australasia ecozone
/wiki/Republic_of_the_Congo	Republic of the Congo
/wiki/Heard_Island_and_McDonald_Islands	Heard Island and McDonald Islands
/wiki/Dominican_Republic	Dominican Republic
/wiki/Foreign_relations_of_Vanuatu	Foreign relations
/wiki/Telecommunications_in_Vanuatu	Telecommunications in Vanuatu
/wiki/Outline_of_Vanuatu	Outline
/wiki/Lingua_franca	lingua franca
/wiki/Zouk	zouk
/wiki/Central_African_Republic	Central African Republic
/wiki/Saint_Helena,_Ascension_and_Tristan_da_Cunha	St. Helena, Ascension and Tristan da Cunha
/wiki/Islands_of_Vanuatu	Islands
/wiki/Luganville	Luganville
/wiki/Saint_Vincent_and_the_Grenadines	St. Vincent and the Grenadines
/wiki/Oceanian	Oceanian
/wiki/Melanesia_Cup	Melanesia Cup
/wiki/Malaysia	Malaysia
/wiki/Alexandre_Fran%C3%A7ois_(linguist)	François, Alexandre
/wiki/Quebec	Quebec
/wiki/Isle_of_Man	Isle of Man
/wiki/.vu	.vu
/wiki/Grade-taking	grade-taking
/wiki/Guinea	Guinea
/wiki/Johnston_Atoll	Johnston Atoll
/wiki/Pentecost_Island	Pentecost
/wiki/Cuisine_of_Vanuatu	Cuisine of Vanuatu
/wiki/Music_of_Vanuatu	Music
/wiki/Coalition_government	coalition governments
/wiki/Polynesian_rat	Polynesian rat
/wiki/Law_enforcement_in_Vanuatu	Law enforcement in Vanuatu
/wiki/Pedro_Fernandes_de_Queir%C3%B3s	Fernandes de Queirós
/wiki/Malampa_Province	Malampa
/wiki/Terra_Australis	Terra Australis
/wiki/Wallis_and_Futuna	Wallis and Futuna
/wiki/Geography_of_Vanuatu	Geography of Vanuatu
/wiki/Sierra_Leone	Sierra Leone
/wiki/Women_in_Vanuatu	Women
/wiki/Income_tax	income tax
/wiki/Spanish_East_Indies	Spanish East Indies
/wiki/Maluku_Islands	Maluku Islands
/wiki/Agence_universitaire_de_la_Francophonie	Agence universitaire de la Francophonie (AUF)
/wiki/Prime_Minister_of_Vanuatu	Prime Minister
/wiki/Poland	Poland
/wiki/Elections_in_Vanuatu	Elections
/wiki/Moldova	Moldova
/wiki/Condominium_(international_law)	Condominium
/wiki/Raja_Ampat_Islands	Raja Ampat Islands
/wiki/Guernsey	Guernsey
/wiki/New_Brunswick	New Brunswick
/wiki/New_Guinea	New Guinea
/wiki/Anglican	Anglican
/wiki/Pedro_Fernandes_de_Queir%C3%B3s	Pedro Fernandes de Queirós
/wiki/Kava	kava
/wiki/Melanesia_2000	Melanesia 2000
/wiki/Schouten_Islands	Schouten Islands
/wiki/Politics_of_Vanuatu	Politics of Vanuatu
/wiki/Culture_of_Vanuatu	Culture
/wiki/Spain	Spain
/wiki/Republic_of_South_Maluku	Republic of South Maluku
/wiki/Ogasawara,_Tokyo	Ogasawara
/wiki/Sport_in_Vanuatu	Sport in Vanuatu
/wiki/Fiji	Fiji
/wiki/Baker_Island	Baker Island
/wiki/South_Pacific_Underwater_Medicine_Society	South Pacific Underwater Medicine Society
/wiki/Madagascar	Madagascar
/wiki/Italy	Italy
/wiki/Unicameral	unicameral
/wiki/Natural_disaster	natural disasters
/wiki/WinMX	WinMX
/wiki/Anguilla	Anguilla
/wiki/Republic_of_South_Maluku	South Maluku
/wiki/Vanuatu_rain_forests	Vanuatu rain forests
/wiki/Primary_education	primary education
/wiki/French_language	French language
/wiki/Papua_New_Guinea	Papua New Guinea
/wiki/Coconuts	coconuts
/wiki/Life_expectancy	life expectancy
/wiki/President_of_Vanuatu	President
/wiki/United_Nations	United Nations
/wiki/Trinidad_and_Tobago	Trinidad and Tobago
/wiki/Latvia	Latvia
/wiki/Taro	taro
/wiki/Guadeloupe	Guadeloupe
/wiki/Volcanoes	volcanoes
/wiki/Ambae	Ambae
/wiki/Yumi,_Yumi,_Yumi	Yumi, Yumi, Yumi
/wiki/Proto-Austronesian_language	Proto-Austronesian
/wiki/United_Kingdom	United Kingdom
/wiki/Loyalty_Islands	Loyalty Islands
/wiki/Peter_Dillon	Peter Dillon
/wiki/Botswana	Botswana
/wiki/Civil_service_commission	Public Service Commission
/wiki/Agence_de_Coop%C3%A9ration_Culturelle_et_Technique	Agence de Coopération Culturelle et Technique
/wiki/Tanna_(island)	Tanna island
/wiki/%2B678	+678
/wiki/Lithuania	Lithuania
/wiki/Cambodia	Cambodia
/wiki/Parliament_of_Vanuatu	Parliament of Vanuatu
/wiki/Belize	Belize
/wiki/James_Cook	James Cook
/wiki/New_Zealand	New Zealand
/wiki/Santa_Cruz_Islands	Santa Cruz Islands
/wiki/Melanesia	Melanesia
/wiki/Slovenia	Slovenia
/wiki/Presbyterian_Church_in_Vanuatu	Presbyterian Church in Vanuatu
/wiki/Fiji_Banded_Iguana	Fiji Banded Iguana
/wiki/Circumcision	circumcision
/wiki/Earthquakes_in_Vanuatu	Earthquakes in Vanuatu
/wiki/Senghor_University	Senghor University
/wiki/Maxime_Carlot_Korman	Maxime Carlot Korman
/wiki/SS_President_Coolidge	SS President Coolidge
/wiki/Parliamentary_democracy	parliamentary democracy
/wiki/Albania	Albania
/wiki/French_Guiana	French Guiana
/wiki/Luxembourg	Luxembourg
/wiki/Union_of_Moderate_Parties	Union of Moderate Parties
/wiki/European_Union	European Union
/wiki/Port-Vila	Port-Vila
/wiki/Military_of_Vanuatu	Vanuatu Mobile Force
/wiki/Samoa	Samoa
/wiki/Feral	feral
/wiki/Norfolk_Island	Norfolk Island
/wiki/Offshore_financial_centre	offshore financial centre
/wiki/Bislama	Bislama
/wiki/Cuisine_of_Vanuatu	cuisine of Vanuatu
/wiki/Neil_Thomas_Ministries	Neil Thomas Ministries
/wiki/Tsunami	tsunami
/wiki/Coat_of_arms_of_Vanuatu	Coat of arms
/wiki/Gibraltar	Gibraltar
/wiki/Oceanic_languages	Oceanic
/wiki/Oceania	Oceania
/wiki/Bangladesh	Bangladesh
/wiki/Vatu	vatu
/wiki/India	India
/wiki/D%27Entrecasteaux_Islands	d'Entrecasteaux Islands
/wiki/Rwanda	Rwanda
/wiki/Laos	Laos
/wiki/Copra	copra
/wiki/Cook_Islands	Cook Islands
/wiki/Economy_of_Vanuatu	Economy
/wiki/Federated_States_of_Micronesia	Federated States of Micronesia
/wiki/Blackbirding	blackbirding
/wiki/Togo	Togo
/wiki/Penama_Province	Penama
/wiki/Easter_Island	Easter Island
/wiki/Vanua_Lava	Vanua Lava
/wiki/Public_domain	public domain
/wiki/Sato_Kilman	Sato Kilman
/wiki/Polynesian_outlier	Polynesians
/wiki/Hawaii	Hawaii
/wiki/Literature_of_Vanuatu	Literature
/wiki/British_Virgin_Islands	British Virgin Islands
/wiki/Republic_of_Macedonia	Macedonia
/wiki/Epi_(island)	Epi
/wiki/Idiophone	idiophones
/wiki/Gaua	Gaua
/wiki/Prince_Philip	Prince Philip
/wiki/Romania	Romania
/wiki/Sui_generis_collectivity	collectivity
/wiki/Lord_Howe_Island	Lord Howe Island
/wiki/South_Georgia_and_the_South_Sandwich_Islands	South Georgia and the South Sandwich Islands
/wiki/John_Geddie_(missionary)	John Geddie
/wiki/Austria	Austria
/wiki/Japan	Japan
/wiki/French_civil_law	French civil law
/wiki/Pineapples	pineapples
/wiki/Law_enforcement_in_Vanuatu	Vanuatu Police Force
/wiki/KaZaA	KaZaA
/wiki/Cocoa_bean	cocoa
/wiki/Music_of_Vanuatu	music of Vanuatu
/wiki/Walter_Lini	Walter Lini
/wiki/Ivory_Coast	Ivory Coast
/wiki/Pakistan	Pakistan
/wiki/Czech_Republic	Czech Republic
/wiki/Head_of_government	head of government
/wiki/Brunei	Brunei
/wiki/Custom_(law)	customary law
/wiki/Port_Vila	Port Vila
/wiki/Dependent_territory	Dependencies
/wiki/Asian_Development_Bank	Asian Development Bank
/wiki/Chile	Chile
/wiki/Continental_shelf	continental shelf
/wiki/Island_nation	island nation
/wiki/John_Gibson_Paton	John Gibson Paton
/wiki/Croatia	Croatia
/wiki/Switzerland	Switzerland
/wiki/Grenada	Grenada
/wiki/Seychelles	Seychelles
/wiki/Uruguay	Uruguay
/wiki/Lopevi	Lopevi
/wiki/Burundi	Burundi
/wiki/Turks_and_Caicos_Islands	Turks and Caicos Islands
/wiki/Singapore	Singapore
/wiki/Malta	Malta
/wiki/Micha%C3%ABlle_Jean	Michaëlle Jean
/wiki/Papayas	Papayas
/wiki/Austronesian_languages	Austronesian languages
/wiki/Cyclone_Pam	Cyclone Pam
/wiki/Terrestrial_ecoregion	terrestrial ecoregion
/wiki/Coconut_cream	cream
/wiki/Sandalwood	sandalwood
/wiki/Vanua	vanua
/wiki/International_Monetary_Fund	International Monetary Fund
/wiki/Ross_Dependency	Ross Dependency
/wiki/Roman_Catholicism	Roman Catholic
/wiki/British_Indian_Ocean_Territory	British Indian Ocean Territory
/wiki/Inheritance_tax	inheritance tax
/wiki/New_Caledonia	New Caledonia
/wiki/Andorra	Andorra
/wiki/Survivor:_Vanuatu	Survivor: Vanuatu
/wiki/Cargo_cult	cargo cult
/wiki/Mount_Tabwemasana	Mount Tabwemasana
/wiki/Human_rights_in_Vanuatu	Human rights
/wiki/World_War_II	World War II
/wiki/Tunisia	Tunisia
/wiki/Index_of_Vanuatu-related_articles	Index of Vanuatu-related articles
/wiki/Sri_Lanka	Sri Lanka
/wiki/Geography_of_Vanuatu	Geography
