/wiki/List_of_recently_extinct_birds	List of recently extinct birds
/wiki/Chickcharnie	chickcharnie
/wiki/Gadwall	gadwall
/wiki/Martinique_trembler	Martinique trembler
/wiki/Crimson-crowned_fruit_dove	Crimson-crowned fruit dove
/wiki/Phylloscopidae	Phylloscopidae
/wiki/Fossil_birds	Fossil birds
/wiki/Mousebird	Coliiformes (mousebirds)
/wiki/Hispaniolan_parakeet	Hispaniolan parakeet
/wiki/Parulidae	Parulidae
/wiki/Cettiidae	Cettiidae
/wiki/Anseriformes	Anseriformes (waterfowl)
/wiki/Liverpool	Liverpool
/wiki/Thick-billed_grasswren	Thick-billed grasswren
/wiki/Monarchidae	Monarchidae
/wiki/Kosrae_crake	Kosrae crake
/wiki/Small_buttonquail	small buttonquail
/wiki/Ploceidae	Ploceidae
/wiki/Tinamiformes	Tinamiformes
/wiki/Anseriformes	Anseriformes
/wiki/Metallic_pigeon	Metallic pigeon
/wiki/Thick-billed_grasswren	thick-billed grasswren
/wiki/Wake_Island_rail	Wake Island rail
/wiki/Helmeted_guineafowl	helmeted guineafowl
/wiki/Tropicbird	Phaethontiformes (tropicbirds)
/wiki/Burrowing_owl	Burrowing owl
/wiki/Sardinian_warbler	Sardinian warbler
/wiki/Cursorimorphae	Cursorimorphae
/wiki/Seychelles_blue_pigeon	Seychelles blue pigeon
/wiki/Laysan_millerbird	Laysan millerbird
/wiki/Aequornithes	Aequornithes
/wiki/Storm_petrel	storm petrels
/wiki/Woodpecker	Woodpeckers
/wiki/Whitehead%27s_swiftlet	Whitehead's swiftlet
/wiki/Subfossil	subfossil
/wiki/Pachycephalidae	Pachycephalidae
/wiki/Seaside_sparrow	Seaside sparrow
/wiki/Emberizidae	Emberizidae
/wiki/Black-browed_babbler	Black-browed babbler
/wiki/Sunda_teal	Sunda teal
/wiki/Negros_fruit_dove	Negros fruit dove
/wiki/Falconiformes	Falconiformes
/wiki/White-winged_apalis	white-winged apalis
/wiki/Incertae_sedis	incertae sedis
/wiki/Xinjiang	Xinjiang
/wiki/Bermuda_towhee	Bermuda towhee
/wiki/Tahiti_sandpiper	Tahiti sandpiper
/wiki/Subspecies	subspecies
/wiki/Western_chat-tanager	western chat-tanager
/wiki/Strigiformes	Strigiformes
/wiki/White-breasted_ground_dove	white-breasted ground dove
/wiki/O%CA%BBahu_nukupu%CA%BBu	Oʻahu nukupuʻu
/wiki/Choiseul_pigeon	Choiseul pigeon
/wiki/Ascension_night_heron	Ascension night heron
/wiki/Charadriiformes	Charadriiformes
/wiki/Rodrigues_pigeon	Rodrigues pigeon
/wiki/Brown_jacamar	brown jacamar
/wiki/Australaves	Australaves
/wiki/Brown_tree_snake	brown tree snakes
/wiki/Antillean_cave_rail	Antillean cave rail
/wiki/Puerto_Rican_conure	Puerto Rican conure
/wiki/Sacred_ibis	sacred ibis
/wiki/Mascarene_grey_parakeet	Mascarene grey parakeet
/wiki/Uropygial_gland	Preen gland
/wiki/Cuculiformes	Cuculiformes
/wiki/Ciconiiformes	Ciconiiformes (storks)
/wiki/Magdalena_tinamou	Magdalena tinamou
/wiki/Troglodytidae	Troglodytidae
/wiki/Long-tailed_triller	long-tailed triller
/wiki/Po%CA%BBo-uli	Poʻo-uli
/wiki/Alaotra_grebe	Alaotra grebe
/wiki/Bare-eyed_rail	bare-eyed rail
/wiki/Sangihe_Islands	Sangihe
/wiki/South_Island_piopio	South Island piopio
/wiki/Cuban_solitaire	Cuban solitaire
/wiki/R%C3%A9union_parakeet	Réunion parakeet
/wiki/Chatham_fernbird	Chatham fernbird
/wiki/Bird_intelligence	Intelligence
/wiki/New_Caledonian_lorikeet	New Caledonian lorikeet
/wiki/Feather	Feathers
/wiki/Newton%27s_parakeet	Newton's parakeet
/wiki/Red_Sea_cliff_swallow	Red Sea cliff swallow
/wiki/Penguins	Penguins
/wiki/Collared_lory	collared lory
/wiki/Cicadabird	cicadabird
/wiki/Moorea_reed_warbler	Moorea reed warbler
/wiki/New_Caledonian_gallinule	New Caledonian gallinule
/wiki/Birdwatching	Birdwatching
/wiki/Ratites	ratites
/wiki/Guadalupe_storm_petrel	Guadalupe storm petrel
/wiki/Maui_Nui_%CA%BBakialoa	Maui Nui ʻakialoa
/wiki/Naini_Tal	Naini Tal
/wiki/Scale-throated_earthcreeper	scale-throated earthcreeper
/wiki/Slender-billed_curlew	Slender-billed curlew
/wiki/Martinique_amazon	Martinique amazon
/wiki/Long-legged_warbler	long-legged warbler
/wiki/Iwo_Jima	Iwo Jima
/wiki/Bonin_nankeen_night_heron	Bonin nankeen night heron
/wiki/Falconry	Falconry
/wiki/Alessandro_Malaspina	Malaspina
/wiki/Paul_Gauguin	Paul Gauguin
/wiki/Norfolk_Island_starling	Norfolk Island starling
/wiki/Pardalotidae	Pardalotidae
/wiki/Rodrigues_night_heron	Rodrigues night heron
/wiki/Black-capped_petrel	black-capped petrel
/wiki/Lists_of_birds_by_region	Lists by region
/wiki/O%CA%BBahu_%CA%BBakialoa	Oʻahu ʻakialoa
/wiki/White-browed_crombec	white-browed crombec
/wiki/Maui_akepa	Maui ʻakepa
/wiki/List_of_birds_by_population	List by population
/wiki/Roelant_Savery	Roelant Savery
/wiki/Morocco	Morocco
/wiki/Fatuhiva_monarch	Fatuhiva monarch
/wiki/Tristan_moorhen	Tristan moorhen
/wiki/Struthionidae	Struthioniformes (ostriches)
/wiki/Amsterdam_Island	Amsterdam Island
/wiki/Miller%27s_rail	Miller's rail
/wiki/Samoan_wood_rail	Samoan wood rail
/wiki/Western_Lewin%27s_rail	Western Lewin's rail
/wiki/Slaty_brush_finch	slaty brush finch
/wiki/Purac%C3%A9_National_Natural_Park	Puracé National Natural Park
/wiki/Dodo	dodo
/wiki/Varied_tit	varied tit
/wiki/Pacific	Pacific
/wiki/Relict	relict species
/wiki/Galliformes	Galliformes
/wiki/Zosteropidae	Zosteropidae
/wiki/Choiseul_crested_pigeon	Choiseul crested pigeon
/wiki/Buff-banded_rail	buff-banded rail
/wiki/Zagros_Mountains	Zagros Mountains
/wiki/Seabird_breeding_behavior	Seabird breeding
/wiki/Marquesas_swamphen	Marquesas swamphen
/wiki/Passeriformes	Passeriformes
/wiki/Mangaia	Mangaia
/wiki/Turnagridae	Turnagridae
/wiki/Forest_thrush	forest thrush
/wiki/Nepal	Nepal
/wiki/Olson%27s_petrel	Olson's petrel
/wiki/Saint_Helena_dove	Saint Helena dove
/wiki/Jamaica_petrel	Jamaica petrel
/wiki/Himalaya	Himalaya
/wiki/Greater_koa_finch	Greater koa finch
/wiki/Bogota_rail	Bogota rail
/wiki/Genus	genus
/wiki/Greater_%CA%BBamakihi	Greater ʻamakihi
/wiki/Seabird	Seabirds
/wiki/Cinclidae	Cinclidae
/wiki/Chatham_penguin	Chatham penguin
/wiki/Sulawesi_owl	Sulawesi owl
/wiki/Cinnamon_teal	cinnamon teal
/wiki/Tuamotu_sandpiper	Tuamotu sandpiper
/wiki/Bay_starling	Bay starling
/wiki/Bewick%27s_wren	Bewick's wren
/wiki/Anatomy	Anatomy
/wiki/Huahine	Huahine
/wiki/Type_specimen	type specimen
/wiki/Opisthocomidae	Opisthocomiformes (hoatzin)
/wiki/Mauritius	Mauritius
/wiki/Polynesian_ground_dove	Polynesian ground dove
/wiki/Sylvioidea	Sylvioidea
/wiki/Mauritian_shelduck	Mauritian shelduck
/wiki/Himalayan_quail	Himalayan quail
/wiki/Passerea	Passerea
/wiki/Cape_Verde_kite	Cape Verde kite
/wiki/Fran%C3%A7ois_Leguat	Leguat
/wiki/San_Crist%C3%B3bal_vermilion_flycatcher	San Cristóbal vermilion flycatcher
/wiki/Dicruridae	Dicruridae
/wiki/Rufous_bristlebird	Rufous bristlebird
/wiki/Crested_coua	Crested coua
/wiki/Heron	Herons
/wiki/Tana_River_cisticola	Tana River cisticola
/wiki/Mauritius_night_heron	Mauritius night heron
/wiki/Pigeon	Pigeons
/wiki/Procellariiformes	Procellariiformes
/wiki/Nightjar	Nightjars
/wiki/Bonin_woodpigeon	Bonin woodpigeon
/wiki/Little_grebe	little grebe
/wiki/Oriolidae	Oriolidae
/wiki/Tahiti	Tahiti
/wiki/Chatham_rail	Chatham rail
/wiki/Bird_feeding	Bird feeding
/wiki/Oriental_bay_owl	Oriental bay owl
/wiki/Nightingale_reed_warbler	Nightingale reed warbler
/wiki/North_Island_takah%C4%93	North Island takahē
/wiki/Stephens_Island_wren	Stephens Island wren
/wiki/Saint_Helena_swamphen	Saint Helena swamphen
/wiki/List_of_fossil_birds	List of fossil birds
/wiki/Bird	birds
/wiki/Swift	Swifts
/wiki/Guadeloupe_amazon	Guadeloupe amazon
/wiki/Laysan_honeycreeper	Laysan honeycreeper
/wiki/Antioquia_brush_finch	Antioquia brush finch
/wiki/Mascarene_coot	Mascarene coot
/wiki/Museum_Wiesbaden	Museum Wiesbaden
/wiki/Caprimulgidae	Caprimulgidae
/wiki/Cinclosomatidae	Cinclosomatidae
/wiki/Swan	swans
/wiki/Spain	Spain
/wiki/Bahaman_barn_owl	Bahaman barn owl
/wiki/Chattering_kingfisher	chattering kingfisher
/wiki/Black_kite	black kites
/wiki/Chestnut-bellied_sandgrouse	chestnut-bellied sandgrouse
/wiki/Olive_ibis	olive ibis
/wiki/Bar-winged_rail	Bar-winged rail
/wiki/Beak	Beak
/wiki/Bachman%27s_warbler	Bachman's warbler
/wiki/New_Caledonian_rail	New Caledonian rail
/wiki/Honeyeater	honeyeater
/wiki/South_Island_snipe	South Island snipe
/wiki/Bird_ringing	Ringing
/wiki/Florida	Floridian
/wiki/Common_wood_pigeon	wood pigeon
/wiki/Coal_tit	coal tit
/wiki/Aviculture	Aviculture
/wiki/South_Island_k%C5%8Dkako	South Island kōkako
/wiki/Pycnonotidae	Pycnonotidae
/wiki/Brown-throated_parakeet	brown-throated parakeet
/wiki/Rodrigues_grey_pigeon	Rodrigues grey pigeon
/wiki/Ornithomancy	Ornithomancy
/wiki/Norfolk_ground_dove	Norfolk ground dove
/wiki/John_Latham_(ornithologist)	John Latham
/wiki/Sturnidae	Sturnidae
/wiki/Megapode	megapode
/wiki/Eastern_chat-tanager	eastern chat-tanager
/wiki/Liverpool_pigeon	Liverpool pigeon
/wiki/Galloanserae	Galloanserae
/wiki/North_Island_piopio	North Island piopio
/wiki/Common_raven	common raven
/wiki/Mauritius_owl	Mauritius owl
/wiki/Southern_boobook	Southern boobook
/wiki/Barn-owl	barn-owls
/wiki/Sulu_Archipelago	Sulu Archipelago
/wiki/Red_and_blue_lory	red and blue lory
/wiki/White-chested_white-eye	White-chested white-eye
/wiki/Avian_incubation	Incubation
/wiki/Cuckoo	Cuckoos
/wiki/Mauritius_blue_pigeon	Mauritius blue pigeon
/wiki/Bar-bellied_cuckooshrike	Bar-bellied cuckooshrike
/wiki/Garrett%27s_reed_warbler	Garrett's reed warbler
/wiki/Gruiformes	Gruiformes
/wiki/Albinistic	albinistic
/wiki/Mascarene_parrot	Mascarene parrot
/wiki/Kiritimati_sandpiper	Kiritimati sandpiper
/wiki/Bonin_thrush	Bonin thrush
/wiki/Indonesia	Indonesia
/wiki/Dodo	Dodo
/wiki/Eiao_monarch	Eiao monarch
/wiki/Turquoise-throated_puffleg	Turquoise-throated puffleg
/wiki/Hawaiian_rail	Hawaiian rail
/wiki/Dusky_seaside_sparrow	Dusky seaside sparrow
/wiki/Viti_Levu_scrubfowl	Viti Levu scrubfowl
/wiki/Cormorant	Cormorants
/wiki/Neognathae	Neognathae
/wiki/Puerto_Rican_screech_owl	Puerto Rican screech owl
/wiki/Daito_wren	Daito wren
/wiki/Flightless_birds	Flightless birds
/wiki/Grand_Cayman_thrush	Grand Cayman thrush
/wiki/Ostrich	ostrich
/wiki/Senegal	Senegal
/wiki/Spoonbill	spoonbills
/wiki/Sarus_crane	sarus crane
/wiki/Rodrigues_solitaire	Rodrigues solitaire
/wiki/Red_kite	red kite
/wiki/R%C3%A9union_kestrel	Réunion kestrel
/wiki/Guadalupe_caracara	Guadalupe caracara
/wiki/North_Island_snipe	North Island snipe
/wiki/Shearwater	shearwaters
/wiki/Tilapia	tilapia
/wiki/Sharp-tailed_grouse	Sharp-tailed grouse
/wiki/Mimidae	Mimidae
/wiki/Carl_Linnaeus	Linnaeus
/wiki/Natural_History_Museum,_London	Natural History Museum
/wiki/Japanese_wood_pigeon	Japanese wood pigeon
/wiki/Macquarie_parakeet	Macquarie parakeet
/wiki/Horsfield%27s_babbler	Horsfield's babbler
/wiki/Stephens_Island,_New_Zealand	Stephens Island
/wiki/Rodrigues_owl	Rodrigues owl
/wiki/Galliformes	Galliformes (gamebirds)
/wiki/Vava%27u	Vavaʻu
/wiki/New_Zealand_fantail	New Zealand fantail
/wiki/Parrot	Parrots
/wiki/Tasmanian_emu	Tasmanian emu
/wiki/Kiribati	Kiribati
/wiki/Javan_lapwing	Javan lapwing
/wiki/List_of_bird_extinctions_by_year	List of bird extinctions by year
/wiki/Lazarus_species	Lazarus species
/wiki/Bearded_reedling	Bearded reedling
/wiki/Ry%C5%ABky%C5%AB_kingfisher	Ryūkyū kingfisher
/wiki/Typical_owl	Typical owls
/wiki/Vaurie%27s_nightjar	Vaurie's nightjar
/wiki/Cuckoo_roller	Leptosomatiformes (cuckoo roller)
/wiki/Island_thrush	Island thrush
/wiki/Rock_wren	rock wren
/wiki/Sandgrouse	Sandgrouses
/wiki/Reddish_scops_owl	reddish scops owl
/wiki/Saint_Helena_crake	Saint Helena crake
/wiki/Delalande%27s_coua	Delalande's coua
/wiki/Evolution_of_birds	Evolution of birds
/wiki/Paradise_parrot	Paradise parrot
/wiki/Huia	Huia
/wiki/Red-moustached_fruit_dove	Red-moustached fruit dove
/wiki/Acanthizidae	Acanthizidae
/wiki/Slender-billed_grackle	Slender-billed grackle
/wiki/Russet-tailed_thrush	russet-tailed thrush
/wiki/Ciconiiformes	Ciconiiformes
/wiki/Hawai%CA%BBi_%CA%BBakialoa	Hawaiʻi ʻakialoa
/wiki/Sylviidae	Sylviidae
/wiki/White-throated_rail	white-throated rail
/wiki/Canary_Islands_chiffchaff	Canary Islands chiffchaff
/wiki/Guam_flycatcher	Guam flycatcher
/wiki/Kauai_palila	Pila's palila
/wiki/Star_finch	star finch
/wiki/Cuban_pauraque	Cuban pauraque
/wiki/Upemba_National_Park	Upemba National Park
/wiki/Pink-headed_duck	Pink-headed duck
/wiki/Bird_flight	Flight
/wiki/Blackish_cuckooshrike	blackish cuckooshrike
/wiki/New_Zealand_little_bittern	New Zealand little bittern
/wiki/New_Zealand_bellbird	New Zealand bellbird
/wiki/Maui_nukupu%CA%BBu	Maui nukupuʻu
/wiki/Great_antpitta	great antpitta
/wiki/Sin%C3%BA_parakeet	Sinú parakeet
/wiki/R%C3%A9union_pink_pigeon	Réunion pink pigeon
/wiki/Oloma%CA%BBo	Olomaʻo
/wiki/Callaeidae	Callaeidae
/wiki/Rhipiduridae	Rhipiduridae
/wiki/Red-crowned_parakeet	Red-crowned parakeet
/wiki/Gould%27s_petrel	Gould's petrel
/wiki/Hurricane_Wilma	Wilma
/wiki/Little_kingfisher	Little kingfisher
/wiki/Mauritian_duck	Mauritian duck
/wiki/Gambier_Islands	Gambier Islands
/wiki/Strisores	Strisores
/wiki/Kioea	Kioea
/wiki/R%C3%A9union_ibis	Réunion ibis
/wiki/Bird_hybrid	Hybrids
/wiki/Nauru_reed_warbler	Nauru reed warbler
/wiki/Neoaves	Neoaves
/wiki/R%C3%A9union_fody	Réunion fody
/wiki/Raiatea	Raiatea
/wiki/Lord_Howe_swamphen	Lord Howe swamphen
/wiki/Apodiformes	Apodiformes
/wiki/Northern_flicker	northern flicker
/wiki/North_Island_little_spotted_kiwi	North Island little spotted kiwi
/wiki/Insects	insects
/wiki/Paraphyletic	paraphyletic
/wiki/Spectacled_cormorant	Spectacled cormorant
/wiki/Alpha_taxonomy	taxonomic
/wiki/Oahu_akepa	Oʻahu ʻakepa
/wiki/Eskimo_curlew	Eskimo curlew
/wiki/Canary_Islands_oystercatcher	Canary Islands oystercatcher
/wiki/Madagascar_turtle_dove	Madagascar turtle dove
/wiki/Jardin_des_Plantes	Jardin des Plantes
/wiki/Bermuda_night_heron	Bermuda night heron
/wiki/Rodrigues_starling	Rodrigues starling
/wiki/Maluridae	Maluridae
/wiki/Visayan_hornbill	Visayan hornbill
/wiki/Tanna_ground_dove	Tanna ground dove
/wiki/Oceanic_eclectus_parrot	Oceanic eclectus parrot
/wiki/Petroicidae	Petroicidae
/wiki/Comoro_blue_pigeon	Comoro
/wiki/Ua_Pou_monarch	Ua Pou monarch
/wiki/Yellow_rail	yellow rail
/wiki/Kaua%CA%BBi_%CA%BBakialoa	Kauaʻi ʻakialoa
/wiki/O%CA%BBahu_%CA%BBalauahio	Oʻahu ʻalauahio
/wiki/Pheasantry	Pheasantry
/wiki/Red-and-black_thrush	Red-and-black thrush
/wiki/Piciformes	Piciformes
/wiki/Celestial_monarch	celestial monarch
/wiki/Baillon%27s_crake	Baillon's crake
/wiki/Laughing_owl	Laughing owl
/wiki/Petrel	Petrels
/wiki/Cyprus_dipper	Cyprus dipper
/wiki/House_finch	House finch
/wiki/Grebe	Grebes
/wiki/Brood_parasite	Brood parasites
/wiki/Mysterious_starling	Mysterious starling
/wiki/Large_ground_finch	large ground finch
/wiki/Madagascar_coucal	Madagascar coucal
/wiki/Nankeen_night_heron	nankeen night heron
/wiki/Emu	emu
/wiki/Nicobar_sparrowhawk	Nicobar sparrowhawk
/wiki/Millerbird	Millerbird
/wiki/Bahama_yellowthroat	Bahama yellowthroat
/wiki/Shorebird	Shorebirds
/wiki/Aguiguan_reed_warbler	Aguiguan reed warbler
/wiki/Ogasawara_Islands	Ogasawara Islands
/wiki/Siau_Island	Siau
/wiki/Imber%27s_petrel	Imber's petrel
/wiki/Palaeognathae	Palaeognathae
/wiki/Western_rufous_bristlebird	Western rufous bristlebird
/wiki/Micronesian_kingfisher	Micronesian kingfisher
/wiki/Brown_thornbill	brown thornbill
/wiki/Blue-wattled_bulbul	blue-wattled bulbul
/wiki/R%C3%A9union	Réunion
/wiki/Cuban_macaw	Cuban macaw
/wiki/Spotted_quail-thrush	spotted quail-thrush
/wiki/Black-fronted_parakeet	Black-fronted parakeet
/wiki/Stripe-crowned_spinetail	stripe-crowned spinetail
/wiki/Sandgrouse	Pteroclidiformes (sandgrouses)
/wiki/Meliphagidae	Meliphagidae
/wiki/Hawai%CA%BBi_mamo	Hawaiʻi mamo
/wiki/Campephagidae	Campephagidae
/wiki/Biogeography	biogeographic
/wiki/Ruby-crowned_kinglet	ruby-crowned kinglet
/wiki/Aldabra_brush_warbler	Aldabra brush warbler
/wiki/Outline_of_birds	Outline
/wiki/European_nightjar	European nightjar
/wiki/Saint_Helena_petrel	Saint Helena petrel
/wiki/%CA%BBUla-%CA%BBai-hawane	ʻUla-ʻai-hawane
/wiki/Auk	auks
/wiki/Guadeloupe_parakeet	Guadeloupe parakeet
/wiki/Oreochromis_mossambicus	Oreochromis mossambicus
/wiki/Lord_Howe_gerygone	Lord Howe gerygone
/wiki/Black-faced_pitta	black-faced pitta
/wiki/Glaucous_macaw	Glaucous macaw
/wiki/Rufous-crowned_sparrow	Rufous-crowned sparrow
/wiki/BirdLife_International	BirdLife
/wiki/Pigeon_racing	Pigeon racing
/wiki/Andr%C3%A9_Th%C3%A9vet	André Thévet
/wiki/Cincinnati_Zoo	Cincinnati Zoo
/wiki/Indigo-capped_hummingbird	indigo-capped hummingbird
/wiki/Chichi-jima	Chichi-jima
/wiki/Vermilion_flycatcher	vermilion flycatcher
/wiki/Little_spotted_kiwi	little spotted kiwi
/wiki/Enantiornithes	Enantiornithes
/wiki/Broad-billed_parrot	Broad-billed parrot
/wiki/Gould%27s_emerald	Gould's emerald
/wiki/Lilac-crowned_fruit_dove	lilac-crowned fruit dove
/wiki/Megaluridae	Megaluridae
/wiki/R%C3%A9union_night_heron	Réunion night heron
/wiki/Juan_Fern%C3%A1ndez_firecrown	Juan Fernández firecrown
/wiki/Upland_moa	Upland moa
/wiki/White-throated_nightjar	white-throated nightjar
/wiki/Sibley%E2%80%93Ahlquist_taxonomy_of_birds	Sibley–Ahlquist taxonomy
/wiki/Luzon_bleeding-heart	Luzon bleeding-heart
/wiki/Starling	starling
/wiki/Origin_of_birds	Origin of birds
/wiki/Extinction	extinct
/wiki/Molokai_creeper	Molokai creeper
/wiki/Furnariidae	Furnariidae
/wiki/Laysan_rail	Laysan rail
/wiki/Glen_Chilton	Glen Chilton
/wiki/Bird_collections	Bird collections
/wiki/Tahiti_reed_warbler	Tahiti reed warbler
/wiki/Grey_partridge	grey partridge
/wiki/Formicariidae	Formicariidae
/wiki/Amsterdam_duck	Amsterdam duck
/wiki/Cockfight	Cockfighting
/wiki/Yellow-billed_pintail	yellow-billed pintail
/wiki/Ascension_crake	Ascension crake
/wiki/Columbea	Columbea
/wiki/Icteridae	Icteridae
/wiki/Passenger_pigeon	passenger pigeon
/wiki/Tongatapu_rail	Tongatapu rail
/wiki/Kangaroo_Island_emu	Kangaroo Island emu
/wiki/White-mantled_barbet	white-mantled barbet
/wiki/Pagan_reed_warbler	Pagan reed warbler
/wiki/Jamaican_oriole	Jamaican oriole
/wiki/Iphis_monarch	Iphis monarch
/wiki/Thick-billed_ground_dove	Thick-billed ground dove
/wiki/Blue-banded_kingfisher	blue-banded kingfisher
/wiki/Lord_Howe_starling	Lord Howe starling
/wiki/Spotted_imperial_pigeon	Spotted imperial pigeon
/wiki/Lewin%27s_rail	Lewin's rail
/wiki/Perching_bird	Perching birds
/wiki/White_River_National_Wildlife_Refuge	White River National Wildlife Refuge
/wiki/Turner%27s_eremomela	Turner's eremomela
/wiki/Hawkins%27s_rail	Hawkins's rail
/wiki/Madeiran_wood_pigeon	Madeiran wood pigeon
/wiki/Marianne_white-eye	Marianne white-eye
/wiki/Red_rail	Red rail
/wiki/Giant_antpitta	giant antpitta
/wiki/Duck	Ducks
/wiki/Struthioniformes	Struthioniformes
/wiki/Aplonis_diluvialis	Aplonis diluvialis
/wiki/Dieffenbach%27s_rail	Dieffenbach's rail
/wiki/White-winged_sandpiper	White-winged sandpiper
/wiki/Madagascar_pygmy_kingfisher	Madagascar pygmy kingfisher
/wiki/Fiji	Fiji
/wiki/Fringillidae	Fringillidae
/wiki/Yellow-bellied_seedeater	yellow-bellied seedeater
/wiki/Tuamotu_kingfisher	Tuamotu kingfisher
/wiki/Critically_endangered	critically endangered
/wiki/Maupiti_monarch	Maupiti monarch
/wiki/Red-legged_tinamou	red-legged tinamou
/wiki/Evolution	Evolution
/wiki/Canary_Islands_stonechat	Canary Islands stonechat
/wiki/Golden_swallow_(bird)	golden swallow
/wiki/Black_francolin	black francolin
/wiki/Steatornithiformes	Steatornithiformes
/wiki/Charles_Darwin	Charles Darwin
/wiki/Nuku_Hiva_monarch	Nuku Hiva monarch
/wiki/Late_Quaternary_prehistoric_birds	Late Quaternary prehistoric birds
/wiki/New_Holland_(Australia)	New Holland
/wiki/White-throated_dipper	white-throated dipper
/wiki/Pohnpei_starling	Pohnpei starling
/wiki/Elf_owl	elf owl
/wiki/Jerdon%27s_babbler	Jerdon's babbler
/wiki/Tyrannidae	Tyrannidae
/wiki/Type_locality_(biology)	type locality
/wiki/Hainan_blue_flycatcher	Hainan blue flycatcher
/wiki/Paridae	Paridae
/wiki/Hirundinidae	Hirundinidae
/wiki/Dinosaur	Dinosaurs
/wiki/Lord_Howe_parakeet	Lord Howe parakeet
/wiki/Lana%CA%BBi_hookbill	Lanaʻi hookbill
/wiki/R%C3%A9union_rail	Réunion rail
/wiki/Little_bittern	little bittern
/wiki/Puerto_Rican_nightjar	Puerto Rican nightjar
/wiki/Sulawesi	Sulawesi
/wiki/Buff-rumped_woodpecker	buff-rumped woodpecker
/wiki/Lesser_masked_owl	lesser masked owl
/wiki/Pittidae	Pittidae
/wiki/Cisticolidae	Cisticolidae
/wiki/Peregrine_falcon	Peregrine falcon
/wiki/Red_fody	red fody
/wiki/Mohoidae	Mohoidae
/wiki/Rufous_fantail	Rufous fantail
/wiki/Arabian_ostrich	Arabian ostrich
/wiki/Malagasy_turtle_dove	Malagasy turtle dove
/wiki/Sulu_bleeding-heart	Sulu bleeding-heart
/wiki/Rufous-vented_ground_cuckoo	Rufous-vented ground cuckoo
/wiki/Puerto_Rican_amazon	Puerto Rican amazon
/wiki/Bridled_white-eye	Bridled white-eye
/wiki/Mukojima_white-eye	Mukojima white-eye
/wiki/Hoopoe_starling	Hoopoe starling
/wiki/Bering_cackling_goose	Bering cackling goose
/wiki/Quail	Quails
/wiki/Dark-throated_oriole	Dark-throated oriole
/wiki/Hummingbird	hummingbirds
/wiki/Seychelles_parakeet	Seychelles parakeet
/wiki/Bonin_white-eye	Bonin white-eye
/wiki/Taxa	taxa
/wiki/Greater_prairie-chicken	greater prairie-chicken
/wiki/Gull	gulls
/wiki/Society_parakeet	Society parakeet
/wiki/Edward_Stanley,_13th_Earl_of_Derby	Edward Stanley, 13th Earl of Derby
/wiki/Saint_Helena_cuckoo	Saint Helena cuckoo
/wiki/Thraupidae	Thraupidae
/wiki/Ivory-billed_woodpecker	ivory-billed woodpecker
/wiki/Brown_tree_snake	brown tree snake
/wiki/House_wren	house wren
/wiki/Omnivore	omnivore
/wiki/Pelecaniformes	Pelecaniformes
/wiki/R%C3%A9union_sacred_ibis	Réunion sacred ibis
/wiki/Egg	Eggs
/wiki/Rodrigues_rail	Rodrigues rail
/wiki/Artamidae	Artamidae
/wiki/Northern_caracara	northern caracara
/wiki/Turdidae	Turdidae
/wiki/Phaethontimorphae	Phaethontimorphae
/wiki/Conuropsis_carolinensis	Conuropsis carolinensis
/wiki/R%C3%A9union_shelduck	Réunion shelduck
/wiki/Colombian_grebe	Colombian grebe
/wiki/Archaeopteryx	Archaeopteryx
/wiki/Podicipediformes	Podicipediformes
/wiki/Puerto_Rican_bullfinch	Puerto Rican bullfinch
/wiki/%27Eua	'Eua
/wiki/Timor_stubtail	Timor stubtail
/wiki/Dodo	dodos
/wiki/Hooded_robin	hooded robin
/wiki/North_Island	North Island
/wiki/Macquarie_rail	Macquarie rail
/wiki/Moa	moa
/wiki/Heath_hen	Heath hen
/wiki/West_Indian_woodpecker	West Indian woodpecker
/wiki/Fossil	fossils
/wiki/Pteroclidiformes	Pteroclidiformes
/wiki/Crested_shelduck	Crested shelduck
/wiki/Guam	Guam
/wiki/Daito_varied_tit	Daito varied tit
/wiki/Siau_scops_owl	Siau scops owl
/wiki/Psittaciformes	Psittaciformes
/wiki/Tahitian_red-billed_rail	Tahitian red-billed rail
/wiki/Bird_migration	Migration
/wiki/Rodrigues_parrot	Rodrigues parrot
/wiki/Western_grasswren	Western grasswren
/wiki/Kadavu_Island	Kadavu
/wiki/White-mantled_barbet	White-mantled barbet
/wiki/Lord_Howe_pigeon	Lord Howe pigeon
/wiki/Pied_raven	Pied raven
/wiki/Otidimorphae	Otidimorphae
/wiki/Bird_conservation	Conservation
/wiki/Brace%27s_emerald	Brace's emerald
/wiki/Eurasian_wren	Eurasian wren
/wiki/Cozumel_thrasher	Cozumel thrasher
/wiki/Acrocephalidae	Acrocephalidae
/wiki/Waterfowl_hunting	Waterfowl hunting
/wiki/Cackling_goose	cackling goose
/wiki/Bird_of_prey	Birds of prey
/wiki/Puerto_Rican_barn_owl	Puerto Rican barn owl
/wiki/Hesperornithes	Hesperornithes
/wiki/Sexual_selection_in_birds	Sexual selection
/wiki/Origin_of_avian_flight	Origin of flight
/wiki/Sphenisciformes	Sphenisciformes
/wiki/Finsch%27s_duck	Finsch's duck
/wiki/Torishima_(Izu_Islands)	Torishima
/wiki/BirdLife_International	BirdLife International
/wiki/Kingfisher	Kingfishers
/wiki/Lord_Howe_boobook	Lord Howe boobook
/wiki/Kakawahie	Kakawahie
/wiki/Kiritimati	Kiritimati
/wiki/Lek_mating	Lek mating
/wiki/Ornithologist	ornithologist
/wiki/Hawaii	Hawaii
/wiki/Groove-billed_ani	groove-billed ani
/wiki/Bearded_tachuri	bearded tachuri
/wiki/Albatross	albatrosses
/wiki/T%C3%A1chira_antpitta	Táchira antpitta
/wiki/Caprimulgiformes	Caprimulgiformes
/wiki/Cambodia	Cambodia
/wiki/San_Benedicto_rock_wren	San Benedicto rock wren
/wiki/Makira_woodhen	Makira woodhen
/wiki/Kona_grosbeak	Kona grosbeak
/wiki/Lord_Howe_Island	Lord Howe Island
/wiki/William_Strachey	William Strachey
/wiki/Viti_Levu	Viti Levu
/wiki/Muscicapidae	Muscicapidae
/wiki/Corvidae	Corvidae
/wiki/Euler%27s_flycatcher	Euler's flycatcher
/wiki/Jamaican_poorwill	Jamaican poorwill
/wiki/Mount_Data	Mount Data
/wiki/Elephant_bird	Elephant bird
/wiki/Arabian_bustard	Arabian bustard
/wiki/Colasisi	colasisi
/wiki/Bird	Birds
/wiki/Lesser_koa_finch	Lesser koa finch
/wiki/Bushwren	Bushwren
/wiki/Mangareva_reed_warbler	Mangareva reed warbler
/wiki/Kioea	kioea
/wiki/%27Eua	ʻEua
/wiki/Imperial_amazon	imperial amazon
/wiki/Atitl%C3%A1n_grebe	Atitlán grebe
/wiki/Black_mamo	Black mamo
/wiki/Coppery_thorntail	Coppery thorntail
/wiki/Black-lored_waxbill	Black-lored waxbill
/wiki/Carolina_parakeet	Carolina parakeet
/wiki/Sulawesi_dwarf_kingfisher	Sulawesi dwarf kingfisher
/wiki/Arkansas	Arkansas
/wiki/Ryukyu_woodpigeon	Ryukyu woodpigeon
/wiki/Afroaves	Afroaves
/wiki/Chatham_bellbird	Chatham bellbird
/wiki/Uniform_crake	uniform crake
/wiki/Small_Asian_mongoose	small Asian mongoose
/wiki/Semper%27s_warbler	Semper's warbler
/wiki/Brown-banded_antpitta	brown-banded antpitta
/wiki/Marquesas_monarch	Marquesas monarch
/wiki/Cockpit_Country	Cockpit Country
/wiki/New_Zealand_quail	New Zealand quail
/wiki/Estrildidae	Estrildidae
/wiki/Pile-builder_megapode	pile-builder megapode
/wiki/Coraciiformes	Coraciiformes
/wiki/Glen_Chilton	Chilton, Glen
/wiki/Bird_vision	Vision
/wiki/Rowi	rowi
/wiki/Regulidae	Regulidae
/wiki/Black-eared_ground_thrush	black-eared ground thrush
/wiki/Maui_%CA%BBalauahio	Maui ʻalauahio
/wiki/Mariana_mallard	Mariana mallard
/wiki/Bird_anatomy	Bird anatomy
/wiki/Great_auk	Great auk
/wiki/Rodrigues_bulbul	Rodrigues bulbul
/wiki/Podargiformes	Podargiformes
/wiki/King_Island_emu	King Island emu
/wiki/R%C3%A9union_owl	Réunion owl
/wiki/Mindanao_bleeding-heart	Mindanao bleeding-heart
/wiki/Opisthocomiformes	Opisthocomiformes
/wiki/Scaly-breasted_thrasher	Scaly-breasted thrasher
/wiki/Imperial_woodpecker	Imperial woodpecker
/wiki/Acanthisittidae	Acanthisittidae
/wiki/Lord_Howe_thrush	Lord Howe thrush
/wiki/Plumage	Plumage
/wiki/Bermuda	Bermuda
/wiki/Eastern_Canary_Islands_chiffchaff	Eastern Canary Islands chiffchaff
/wiki/Auckland_merganser	Auckland merganser
/wiki/White-eyed_river_martin	White-eyed river martin
/wiki/Columbiformes	Columbiformes
/wiki/R%C3%BCck%27s_blue_flycatcher	Rück's blue flycatcher
/wiki/Ornithology	Ornithology
/wiki/Tasman_starling	Tasman starling
/wiki/Lord_Howe_white-eye	Lord Howe white-eye
/wiki/Bustard	bustard
/wiki/Kaua%CA%BBi_nukupu%CA%BBu	Kauaʻi nukupuʻu
/wiki/Henna-tailed_jungle_flycatcher	henna-tailed jungle flycatcher
/wiki/Passenger_pigeon	Passenger pigeon
/wiki/Norfolk_kaka	Norfolk kaka
/wiki/Saint_Helena_hoopoe	Saint Helena hoopoe
/wiki/Bonin_grosbeak	Bonin grosbeak
/wiki/Darwin%27s_finches	Darwin's finches
/wiki/Painted_buttonquail	painted buttonquail
/wiki/Timaliidae	Timaliidae
/wiki/Pied_currawong	pied currawong
/wiki/Labrador_duck	Labrador duck
/wiki/Red-and-blue_lory	red-and-blue lory
/wiki/Mangareva_Island	Mangareva Island
/wiki/List_of_extinct_animals	List of extinct animals
/wiki/Hooded_seedeater	Hooded seedeater
/wiki/Kosrae_starling	Kosrae starling
/wiki/Tenerife	Tenerife
/wiki/R%C3%A9union_swamphen	Réunion swamphen
/wiki/Class_(biology)	class
/wiki/King_vulture	King vulture
/wiki/Buff-banded_rail	Buff-banded rail
/wiki/Bermuda_shearwater	Bermuda shearwater
/wiki/Spotted_towhee	Spotted towhee
/wiki/Bogota_sunangel	Bogota sunangel
/wiki/Mangareva	Mangareva
/wiki/Spotless_crake	spotless crake
/wiki/Mauritius_parakeet	Mauritius parakeet
/wiki/Norfolk_boobook	Norfolk boobook
/wiki/Hurricane_Emily_(2005)	Emily
