/wiki/Yale_University	Yale University
/wiki/Yale_School_of_Management	Yale School of Management
/wiki/Ryan_Max_Riley	Ryan Max Riley
/wiki/Non-traditional_student	non-traditional students
/wiki/George_Wilson_Pierson	Pierson, George Wilson
/wiki/Camille_Paglia	Camille Paglia
/wiki/Bright_College_Years	bright college years
/wiki/Rebecca_Chopp	Rebecca Chopp
/wiki/Jonathan_Trumbull	Jonathan Trumbull
/wiki/Harvard_Crimson	Crimson
/wiki/Brownstone	Brownstone
/wiki/Hartford_Wanderers_RFC	Hartford Wanderers RFC
/wiki/Elisabeth_Bumiller	Elisabeth Bumiller
/wiki/Brown_University	Brown
/wiki/Columbia_University	Columbia
/wiki/Science_Hill_(Yale_University)	Science Hill
/wiki/Harvard%E2%80%93Yale_football_rivalry	Harvard–Yale football rivalry
/wiki/NCAA	NCAA
/wiki/Davenport_College	Davenport College
/wiki/Trumbull_College	Trumbull College
/wiki/Walter_Camp	Walter Camp
/wiki/Connecticut_Death_Quads	Connecticut Death Quads
/wiki/Ben_Polak	Ben Polak
/wiki/Vanderbilt_family	Vanderbilt Hall
/wiki/Tulane_University	Tulane
/wiki/Albertus_Magnus_College	Albertus Magnus
/wiki/British_East_India_Company	British East India Company
/wiki/Safety_escort	safety escort
/wiki/Yale_College_Council	Yale College Council
/wiki/Peter_Salovey	Peter Salovey
/wiki/Battell_Chapel	Battell Chapel
/wiki/George_Berkeley	George Berkeley
/wiki/Northeastern_University	Northeastern
/wiki/Berkeley_College_(Yale)	Berkeley College
/wiki/Beinecke_Plaza	Beinecke Plaza
/wiki/Peking_University	Peking University
/wiki/Yale_Political_Union	Yale Political Union
/wiki/Urim_and_Thummim	Urim and Thummim
/wiki/William_Graham_Sumner	William Graham Sumner
/wiki/University_of_California,_Santa_Barbara	Santa Barbara
/wiki/James_Gamble_Rogers	James Gamble Rogers
/wiki/Southern_Connecticut_State_University	Southern Connecticut State University
/wiki/Encyclop%C3%A6dia_Britannica_Eleventh_Edition	Encyclopædia Britannica Eleventh Edition
/wiki/Case_Western_Reserve_University	Case Western Reserve
/wiki/Richard_Gilder	Richard Gilder
/wiki/St._Lawrence_Saints	St. Lawrence Saints
/wiki/Indiana_University_Bloomington	Indiana
/wiki/Norman_Holmes_Pearson	Norman Holmes Pearson
/wiki/Rice_University	Rice
/wiki/Yale_College	Yale College
/wiki/University_of_Illinois_Press	University of Illinois Press
/wiki/Times_Higher_Education_World_University_Rankings	Times Higher Education World University Rankings
/wiki/Latin	Latin
/wiki/Old_Testament	Old Testament
/wiki/Georgian_architecture	Georgian
/wiki/University_of_California,_San_Diego	San Diego
/wiki/Yale_Corporation	Yale Corporation
/wiki/Yale_School_of_Music	Yale School of Music
/wiki/Anson_Phelps_Stokes_(philanthropist)	Stokes, Anson Phelps
/wiki/The_Harvard_Crimson	The Harvard Crimson
/wiki/Russell_Sturgis	Russell Sturgis
/wiki/Yale_School_of_Nursing	Yale School of Nursing
/wiki/Thomas_Clap	Thomas Clap
/wiki/Gothic_architecture	Gothic style
/wiki/Robert_Penn_Warren	Robert Penn Warren
/wiki/Osborne_Memorial_Laboratories	Osborne Memorial Laboratories
/wiki/Iowa_State_University	Iowa State
/wiki/Samuel_Andrew	Samuel Andrew
/wiki/Alfred_Whitney_Griswold	Alfred Whitney Griswold
/wiki/Housatonic_Community_College	Housatonic
/wiki/Mystic_Schooners	Mystic Schooners
/wiki/Association_of_American_Universities	Association of American Universities (AAU)
/wiki/Trumbull_College	Trumbull
/wiki/Judith_Rodin	Judith Rodin
/wiki/Die_Wacht_am_Rhein	Die Wacht am Rhein
/wiki/Herbert_Spencer	Herbert Spencer
/wiki/Yale_Field	Yale Field (baseball)
/wiki/Penn_Quakers	Quakers
/wiki/Federation_of_Hospital_and_University_Employees	Federation of Hospital and University Employees
/wiki/Time_Magazine	Time Magazine
/wiki/Samuel_Alito	Samuel Alito
/wiki/Yale_Herald	Yale Herald
/wiki/Sinclair_Lewis	Sinclair Lewis
/wiki/Dean_Acheson	Dean Acheson
/wiki/University_of_Pisa	Pisa
/wiki/Private_university	private
/wiki/Carnegie_Mellon_University	Carnegie Mellon
/wiki/Paul_Krugman	Paul Krugman
/wiki/Hartford_Yard_Goats	Hartford Yard Goats
/wiki/Pat_Robertson	Pat Robertson
/wiki/Haskins_Laboratories	Haskins Laboratories
/wiki/CT_RollerGirls	CT RollerGirls
/wiki/Gurdon_Saltonstall	Gurdon Saltonstall
/wiki/U.S._News_%26_World_Report	U.S. News
/wiki/The_Atlantic_Monthly	The Atlantic Monthly
/wiki/Yale_Child_Study_Center	Child Study Center
/wiki/Hewitt_Quadrangle	Hewitt Quadrangle
/wiki/Broad_Recognition	Broad Recognition
/wiki/Secret_society	secret societies
/wiki/Massachusetts_Institute_of_Technology	Massachusetts Institute of Technology
/wiki/Vanderbilt_University	Vanderbilt
/wiki/Princeton_Tigers	Princeton Tigers
/wiki/Baseball	Baseball
/wiki/Telegraph	telegraph
/wiki/Yale_Bulldogs	Bulldogs
/wiki/Yale_Precision_Marching_Band	Yale Precision Marching Band
/wiki/Dartmouth_Big_Green	Dartmouth Big Green
/wiki/Maureen_Dowd	Dowd, Maureen
/wiki/QS_World_University_Rankings	QS World University Rankings
/wiki/Boeing	Boeing
/wiki/Calhoun_College	Calhoun College
/wiki/Bill_Clinton	Bill Clinton
/wiki/ETH_Zurich	ETH Zurich
/wiki/Wolf%27s_Head_(secret_society)	Wolf's Head
/wiki/Frances_McDormand	Frances McDormand
/wiki/Refrain	refrain
/wiki/Calhoun_College	Calhoun
/wiki/University_of_Cambridge	Cambridge
/wiki/Samuel_Russell_(Yale_co-founder)	Samuel Russell
/wiki/Crotonia_(literary_society)	Crotonia
/wiki/The_Yale_Record	The Yale Record
/wiki/Yale_Physician_Associate_Program	Yale Physician Associate Program
/wiki/University_of_Notre_Dame	Notre Dame
/wiki/Bladderball	bladderball
/wiki/Mascot	mascot
/wiki/Clarence_Thomas	Clarence Thomas
/wiki/Duke_University	Duke
/wiki/Charter	Charter
/wiki/Eastern_College_Athletic_Conference	Eastern College Athletic Conference
/wiki/Kingman_Brewster	Kingman Brewster
/wiki/List_of_ECAC_Hockey_Most_Outstanding_Player_in_Tournament	Most Outstanding Player in Tournament
/wiki/Texas_A%26M_University	Texas A&M
/wiki/Andrew_D._Hamilton	Andrew Hamilton
/wiki/Boston_University	Boston
/wiki/University_of_North_Texas	North Texas
/wiki/Travel%2BLeisure	Travel+Leisure
/wiki/Downtown_New_Haven	downtown New Haven
/wiki/Federal_architecture	Federal
/wiki/Ecclesiastical_polity	Church polity
/wiki/Capital_Community_College	Capital
/wiki/Noah_Webster	Noah Webster
/wiki/Bright_College_Years	Bright College Years
/wiki/Residential_college	residential colleges
/wiki/Cotton_Mather	Cotton Mather
/wiki/Thomas_Clapp	Thomas Clapp
/wiki/Woolsey_Hall	Woolsey Hall
/wiki/Yale_Daily_News	Yale Daily News
/wiki/Linonia	Linonia
/wiki/Bing_Gordon	Bing Gordon
/wiki/Yale_International_Relations_Association	Yale International Relations Association
/wiki/Case_Western_Reserve_University	Case Western
/wiki/Frisbee	Frisbee
/wiki/Gordon_Bunshaft	Gordon Bunshaft
/wiki/Hiram_Bingham_III	Hiram Bingham
/wiki/McGill_University	McGill
/wiki/List_of_ECAC_Hockey_Best_Defensive_Defenseman	Best Defensive Defenseman
/wiki/Cheel_Arena	Cheel Arena
/wiki/Tecnol%C3%B3gico_de_Monterrey	Tecnológico de Monterrey
/wiki/Three_Rivers_Community_College_(Connecticut)	Three Rivers
/wiki/Liberal_arts_education	liberal arts
/wiki/Noah_Porter	Noah Porter
/wiki/Wellesley_College	Wellesley College
/wiki/David_Lewin	David Lewin
/wiki/Karl_Carstens	Karl Carstens
/wiki/TIME	TIME
/wiki/Asnuntuck_Community_College	Asnuntuck
/wiki/Central_Connecticut_State_University	Central Connecticut State University
/wiki/Charter_Oak_State_College	Charter Oak State College
/wiki/Faculty_(division)	faculty
/wiki/New_Mexico_State_University	New Mexico State
/wiki/Ethnic_minority	ethnic minority
/wiki/Connecticut_General_Assembly	Connecticut General Assembly
/wiki/Noadiah_Russell_(Yale_founder)	Noadiah Russell
/wiki/Bridgeport_Bluefish	Bridgeport Bluefish
/wiki/Connecticut_College	Connecticut College
/wiki/Brown_Bears	Brown Bears
/wiki/Georgian_architecture	Georgian style
/wiki/Branford,_Connecticut	Branford, Connecticut
/wiki/Connecticut_Huskies	Connecticut Huskies
/wiki/Hartford_Hawks	Hartford Hawks
/wiki/John_Davenport_(clergyman)	John Davenport
/wiki/University_of_Tennessee	Tennessee
/wiki/Hebrew_language	Hebrew
/wiki/Deconstruction	deconstruction
/wiki/University_of_Cambridge	University of Cambridge
/wiki/Ernest_Lawrence	Ernest Lawrence
/wiki/Town_and_gown	town and gown
/wiki/Brandeis_University	Brandeis
/wiki/George_H._W._Bush	George H. W. Bush
/wiki/Charles_B._G._Murphy	Charles B. G. Murphy
/wiki/University_of_Minnesota	Minnesota
/wiki/Gene_Siskel	Gene Siskel
/wiki/Wayne_State_University	Wayne State
/wiki/Union_Dutchmen	Union Dutchmen
/wiki/Aurelian_Honor_Society	Aurelian
/wiki/Regatta	Regatta
/wiki/Fight_song	fight song
/wiki/James_Fallows	James Fallows
/wiki/Machu_Picchu	Machu Picchu
/wiki/Jonathan_Edwards_College	Jonathan Edwards
/wiki/Angela_Bassett	Angela Bassett
/wiki/Houston_Field_House	Houston Field House
/wiki/Universities_Research_Association	Universities Research Association
/wiki/Flickr_Commons	Flickr Commons
/wiki/Wesleyan_University	Wesleyan
/wiki/NCAA_Division_I	NCAA Div. I
/wiki/Cornell_University	Cornell
/wiki/Jodie_Foster	Jodie Foster
/wiki/Boathouse	Boathouse
/wiki/William_F._Buckley,_Jr.	William F. Buckley, Jr.
/wiki/John_C._Calhoun	John C. Calhoun
/wiki/Ernesto_Zedillo	Ernesto Zedillo
/wiki/Henry_Austin_(architect)	Henry Austin
/wiki/Bladderball	Bladderball
/wiki/University_of_California,_Los_Angeles	Los Angeles
/wiki/Chris_Higgins_(ice_hockey,_born_1983)	Chris Higgins
/wiki/University_of_Pennsylvania	University of Pennsylvania
/wiki/Charles_B._Johnson	Charles B. Johnson
/wiki/Elihu_(secret_society)	Elihu
/wiki/Harvard%E2%80%93Yale_Regatta	Harvard–Yale Regatta
/wiki/Berkeley_Divinity_School	Berkeley Divinity School
/wiki/Postgraduate_education	Postgraduates
/wiki/Lupita_Nyong%27o	Lupita Nyong'o
/wiki/Roller_derby	Roller derby
/wiki/Tom_Wolfe	Tom Wolfe
/wiki/Fairfield_University	Fairfield
/wiki/List_of_Yale_University_people	List of Yale University people
/wiki/President_and_Fellows_of_Yale_College	President and Fellows of Yale College
/wiki/Paul_Tsongas	Paul Tsongas
/wiki/Victorian_culture	Victorian culture
/wiki/Richard_Morris_Hunt	Richard Morris Hunt
/wiki/Branford_College	Branford
/wiki/Joseph_Lieberman	Joseph Lieberman
/wiki/Tufts_University	Tufts
/wiki/Jackson_Institute_for_Global_Affairs	Jackson Institute for Global Affairs
/wiki/Henry_Luce	Henry Luce
/wiki/Yale_Dramatic_Association	Yale Dramatic Association
/wiki/Thimble_Islands	Horse Island
/wiki/College_town	College town
/wiki/David_Montgomery_(historian)	David Montgomery
/wiki/God_and_Man_at_Yale	God and Man at Yale
/wiki/Cornell_Big_Red	Cornell Big Red
/wiki/Residential_colleges_of_Yale_University	Residential colleges of Yale University
/wiki/Peru	Peru
/wiki/Harvey_Cushing/John_Hay_Whitney_Medical_Library	Harvey Cushing/John Hay Whitney Medical Library
/wiki/Yale_Art_and_Architecture_Building	Art & Architecture Building
/wiki/Handsome_Dan	Handsome Dan
/wiki/Goodwin_College	Goodwin
/wiki/Silliman_College	Silliman
/wiki/Princeton_Tigers	Tigers
/wiki/St._Anthony_Hall	St. Anthony Hall
/wiki/William_Harkness	William
/wiki/Richard_H._Brodhead	Richard H. Brodhead
/wiki/Northwestern_University	Northwestern
/wiki/Skull_and_Bones	Skull and Bones
/wiki/David_Graeber	David Graeber
/wiki/Meryl_Streep	Meryl Streep
/wiki/The_Yale_Political_Union	The Yale Political Union
/wiki/U.S._Department_of_Education	U.S. Department of Education
/wiki/United_States	United States
/wiki/A_cappella	a cappella
/wiki/Pierson_College	Pierson
/wiki/George_H.W._Bush	George H.W. Bush
/wiki/Beaux-Arts_architecture	Beaux-Arts style
/wiki/Frederick_William_Vanderbilt	Frederick William Vanderbilt
/wiki/Timothy_Dwight_V	Timothy Dwight V
/wiki/William_F._Buckley,_Jr.	Buckley, William F., Jr.
/wiki/Central_Connecticut_Blue_Devils	Central Connecticut Blue Devils
/wiki/Mike_Richter	Mike Richter
/wiki/James_McNerney	James McNerney
/wiki/Clinton,_Connecticut	Clinton
/wiki/Eero_Saarinen	Eero Saarinen
/wiki/Puritan	Puritan
/wiki/Hanna_Holborn_Gray	Hanna Holborn Gray
/wiki/Victoria_Bernadotte	Victoria Bernadotte
/wiki/Jerry_Brown	Jerry Brown
/wiki/FedEx	FedEx
/wiki/W.K._Wimsatt	W.K. Wimsatt
/wiki/Marshall_Scholarship	Marshall Scholars
/wiki/Los_Angeles_Memorial_Coliseum	Los Angeles Memorial Coliseum
/wiki/Theodore_Dwight_Woolsey	Theodore Dwight Woolsey
/wiki/Financial_endowment	Endowment
/wiki/Norwalk_Community_College	Norwalk
/wiki/Vincent_Scully	Scully, Vincent
/wiki/University_of_Oklahoma	Oklahoma
/wiki/Ross_Granville_Harrison	Ross Granville Harrison
/wiki/Yale_Art_%26_Architecture_Building	Yale Art & Architecture Building
/wiki/The_Great_Gatsby	The Great Gatsby
/wiki/Yale_University_Art_Gallery	Yale Art Gallery
/wiki/University_of_Bridgeport	University of Bridgeport
/wiki/Frank_H._Netter_M.D._School_of_Medicine_at_Quinnipiac_University	Quinnipiac School of Medicine
/wiki/Benedict_Arnold	Benedict Arnold
/wiki/Chris_Dudley	Chris Dudley
/wiki/Morse_College	Morse
/wiki/Michael_Cimino	Michael Cimino
/wiki/Holy_Apostles_College_and_Seminary	Holy Apostles
/wiki/New_Haven,_Connecticut	New Haven, Connecticut
/wiki/Post_University	Post
/wiki/Athletic_nickname	Nickname
/wiki/International_Alliance_of_Research_Universities	International Alliance of Research Universities (IARU)
/wiki/Alexandra_Robbins	Robbins, Alexandra
/wiki/Boston_Globe	Boston Globe
/wiki/Maya_Lin	Maya Lin
/wiki/Security_Guard#Security.2C_Police.2C_and_Fire_Professionals_of_America	International Union of Security, Police and Fire Professionals of America
/wiki/Yale_School_of_Art	Yale School of Fine Arts
/wiki/University_of_Houston	Houston
/wiki/Bulldog	bulldog
/wiki/United_States_Coast_Guard_Academy	United States Coast Guard Academy
/wiki/Beinecke_Rare_Book_Library	Beinecke Rare Book Library
/wiki/William_Howard_Taft	William Howard Taft
/wiki/Paul_Mellon	Paul Mellon
/wiki/Timothy_Dwight_College	Timothy Dwight College
/wiki/List_of_ECAC_Hockey_Rookie_of_the_Year	Rookie of the Year
/wiki/Sailing	sailing
/wiki/Scroll_and_Key	Scroll and Key
/wiki/Washington_University_in_St._Louis	Washington University
/wiki/Harold_Stanley	Harold Stanley
/wiki/Jos%C3%A9_Paciano_Laurel	José Paciano Laurel
/wiki/Hartford_Wolf_Pack	Hartford Wolf Pack
/wiki/Residential_colleges_of_Yale_University	Residential colleges
/wiki/Ingalls_Rink	Ingalls Rink
/wiki/Greenwood_Press	Greenwood Press
/wiki/Hartford_Seminary	Hartford Seminary
/wiki/Beinecke_Library	Interior of Beinecke Library
/wiki/University_of_Chicago	Chicago
/wiki/University_of_Tokyo	Tokyo
/wiki/Philadelphia	Philadelphia
/wiki/Yale_School_of_Drama	Yale School of Drama
/wiki/List_of_ECAC_Hockey_Player_of_the_Year	Player of the Year
/wiki/Dartmouth_Big_Green	Big Green
/wiki/Yale_School_of_Medicine	Yale School of Medicine
/wiki/Frederick_W._Smith	Frederick W. Smith
/wiki/Yale_World_Fellows	Yale World Fellows
/wiki/Joseph_E._Sheffield	Joseph E. Sheffield
/wiki/Jeremiah_Dummer	Jeremiah Dummer
/wiki/TD_Bank_Sports_Center	TD Bank Sports Center
/wiki/Harkness_Tower	Harkness Tower
/wiki/Academic_Ranking_of_World_Universities	Academic Ranking of World Universities
/wiki/University_of_Virginia	Virginia
/wiki/Arizona_State_University	Arizona State
/wiki/National_Labor_Relations_Board	National Labor Relations Board
/wiki/Cole_Porter	Cole Porter
/wiki/University_of_South_Carolina	South Carolina
/wiki/NCAA_Division_I	NCAA Division I
/wiki/Peabody_Museum_of_Natural_History	Peabody Museum of Natural History
/wiki/Western_Connecticut_State_University	Western Connecticut State University
/wiki/SUNY	SUNY
/wiki/Rick_Levin	Rick Levin
/wiki/Colgate_Raiders	Colgate Raiders
/wiki/Old_Campus	Old Campus
/wiki/Basketball	Basketball
/wiki/Yale_Initiative_for_the_Interdisciplinary_Study_of_Antisemitism	Yale Initiative for the Interdisciplinary Study of Antisemitism
/wiki/Yale_Corinthian_Yacht_Club	Yale Corinthian Yacht Club
/wiki/Violent_crime	violent crime
/wiki/Gales_Ferry	Gales Ferry
/wiki/Frank_Merriwell	Frank Merriwell
/wiki/Jeffrey_Bewkes	Jeffrey Bewkes
/wiki/University_of_Alabama	Alabama
/wiki/Lincoln_College_of_New_England	Lincoln College of New England
/wiki/West_Haven,_Connecticut	West Haven, Connecticut
/wiki/William_Sloane_Coffin	William Sloane Coffin
/wiki/Bertram_Grosvenor_Goodhue	Bertram Grosvenor Goodhue
/wiki/Anderson_Cooper	Anderson Cooper
/wiki/University_of_Minnesota_Press	University of Minnesota Press
/wiki/Classical_language	classical language
/wiki/San_Gimignano	San Gimignano
/wiki/Professional_school	professional
/wiki/University_of_Copenhagen	Copenhagen
/wiki/University_of_Connecticut	University of Connecticut
/wiki/Yale_School_of_Public_Health	Public Health
/wiki/Yale_Center_for_the_Study_of_Globalization	Yale Center for the Study of Globalization
/wiki/Beinecke_Rare_Book_%26_Manuscript_Library	Beinecke Rare Book & Manuscript Library
/wiki/Donn_Barber	Donn Barber
/wiki/Rector_(academia)	rector
/wiki/Dartmouth_College	Dartmouth
/wiki/Connecticut_Hall	Connecticut Hall
/wiki/Public_university	Public
/wiki/New_Haven_Old_Black_RFC	New Haven Old Black RFC
/wiki/Princeton_Architectural_Press	Princeton Architectural Press
/wiki/Wayback_Machine	Wayback Machine
/wiki/AFSCME	AFSCME
/wiki/Samuel_F._B._Morse	Samuel F. B. Morse
/wiki/Branford_College	Branford College
/wiki/Community_policing	community policing strategy
/wiki/University_of_Kansas	Kansas
/wiki/Fourah_Bay_College	Fourah Bay College
/wiki/Benjamin_Spock	Benjamin Spock
/wiki/Florida_State_University	Florida State
/wiki/List_of_ECAC_Ken_Dryden_Award	Ken Dryden Award
/wiki/Cary_Nelson	Nelson, Cary
/wiki/G._Evelyn_Hutchinson	G. Evelyn Hutchinson
/wiki/Connecticut_Colony	Colony of Connecticut
/wiki/List_of_Yale_University_student_organizations	List of Yale University student organizations
/wiki/Ron_Darling	Ron Darling
/wiki/Quinnipiac_University_School_of_Law	Quinnipiac School of Law
/wiki/Mid-century_modern	mid-century modern
/wiki/Vassar_College	Vassar College
/wiki/Berzelius_(secret_society)	Berzelius
/wiki/Division_I_(NCAA)	Division I
/wiki/Sacred_language	sacred languages
/wiki/University_of_Connecticut_School_of_Dental_Medicine	University of Connecticut School of Dental Medicine
/wiki/Rhodes_Scholars	Rhodes Scholars
/wiki/University_of_Washington	Washington
/wiki/George_Pataki	George Pataki
/wiki/World_War_II	World War II
/wiki/Manchester_Community_College	Manchester
/wiki/James_R._Angell	James R. Angell
/wiki/W-League	W-League
/wiki/Fairfield_Stags	Fairfield Stags
/wiki/Owen_Johnson_(writer)	Owen Johnson
/wiki/Oliver_Stone	Oliver Stone
/wiki/Gary_Hart	Gary Hart
/wiki/University_of_Rochester	Rochester
/wiki/Cornell_Big_Red	Big Red
/wiki/James_Pierpont_(Yale_founder)	James Pierpont
/wiki/Gruber_Foundation	Gruber Foundation
/wiki/Francis_S._Collins	Francis S. Collins
/wiki/Craig_Breslow	Craig Breslow
/wiki/Lynah_Rink	Lynah Rink
/wiki/Purdue_University	Purdue
/wiki/Edward_S._Harkness	Edward S. Harkness
/wiki/Greek_Ionic	Greek Ionic
/wiki/Allen_Forte	Allen Forte
/wiki/Connecticut_Tigers	Connecticut Tigers
/wiki/Biology	Biology
/wiki/University_of_Iowa	Iowa
/wiki/Gold_Medal	Gold Medal
/wiki/Yale_Law_School	Yale Law School
/wiki/University_of_Oregon	Oregon
/wiki/Howard_Dean	Howard Dean
/wiki/Harvard	Harvard
/wiki/Trinity_College_(Connecticut)	Trinity
/wiki/Susan_Hockfield	Susan Hockfield
/wiki/Appleton_Arena	Appleton Arena
/wiki/The_Whiffenpoofs	The Whiffenpoofs
/wiki/Vietnam_War	Vietnam War
/wiki/Defensive_end	ends
/wiki/Rugby_union	Rugby union
/wiki/Yale_Bulldogs	Yale Bulldogs
/wiki/Connecticut_Sun	Connecticut Sun
/wiki/University_of_Florida	Florida
/wiki/Starr_Arena	Starr Rink
/wiki/Paul_Newman	Paul Newman
/wiki/New_England_Intercollegiate_Sailing_Association	New England Intercollegiate Sailing Association
/wiki/University_of_New_Haven	University of New Haven
/wiki/Pierson_College	Pierson College
/wiki/Rensselaer_Engineers	Rensselaer Engineers
/wiki/Yale-New_Haven_Hospital	Yale-New Haven Hospital
/wiki/Brothers_in_Unity	Brothers in Unity
/wiki/British_Prime_Minister	British Prime Minister
/wiki/Lewis_Walpole_Library	Lewis Walpole Library
/wiki/Sterling_Law_Buildings	Sterling Law Buildings
/wiki/New_Criticism	New Criticism
/wiki/Harold_Bloom	Harold Bloom
/wiki/Ivy_League	Ivy League
/wiki/Pennsylvania_State_University	Penn State
/wiki/Tansu_%C3%87iller	Tansu Çiller
/wiki/Saybrook_Colony	Saybrook Colony
/wiki/Clerk	Clerical
/wiki/Sister_school	sister school
/wiki/Elihu_Yale	Elihu Yale
/wiki/Yale_in_popular_culture	Yale in popular culture
/wiki/Michael_Dukakis	Michael Dukakis
/wiki/Prince_Rostislav_Romanov_(born_1985)	Prince Rostislav Romanov
/wiki/Frisbie_Pie_Company	Frisbie Pie Company
/wiki/University_of_New_Mexico	New Mexico
/wiki/Boston_University	Boston U
/wiki/University_of_Arizona	Arizona
/wiki/Geoffrey_Hartman	Geoffrey Hartman
/wiki/Yale_Graduate_School_of_Arts_and_Sciences	Yale Graduate School of Arts and Sciences
/wiki/Connecticut_Passion	Connecticut Passion
/wiki/Graduate_Employees_and_Students_Organization	Graduate Employees and Students Organization
/wiki/Humor_magazine	humor magazine
/wiki/University_of_California	California
/wiki/Volunteerism	volunteerism
/wiki/Ezra_Stiles_College	Ezra Stiles College
/wiki/Yale_School_of_Engineering_%26_Applied_Science	Engineering & Applied Science
/wiki/Middle_Ages	Middle Ages
/wiki/Columbia_University	Columbia University
/wiki/Gaddis_Smith	Gaddis Smith
/wiki/Waseda_University	Waseda
/wiki/University_of_Western_Australia	University of Western Australia
/wiki/Eli_Whitney_Students_Program	Eli Whitney Students Program
/wiki/Alison_Richard	Alison Richard
/wiki/Old_Saybrook,_Connecticut	Old Saybrook, Connecticut
/wiki/Louis_Kahn	Louis Kahn
/wiki/Bridgeport_Sound_Tigers	Bridgeport Sound Tigers
/wiki/Paul_Rudolph_(architect)	Paul Rudolph's
/wiki/Davenport_College	Davenport
/wiki/Marsh_Botanical_Garden	Marsh Botanical Garden
/wiki/Yale_Memorial_Carillon	Yale Memorial Carillon
/wiki/University_of_Michigan	Michigan
/wiki/List_of_ECAC_Hockey_Best_Defensive_Forward	Best Defensive Forward
/wiki/Frederic_Remington	Frederic Remington
/wiki/Hillary_Clinton	Hillary Clinton
/wiki/Undergraduate_education	Undergraduates
/wiki/School_colors	Colors
/wiki/University_of_Saint_Joseph_(Connecticut)	Saint Joseph
/wiki/Rose_Bowl_(stadium)	Rose Bowl
/wiki/Benjamin_Silliman	Benjamin Silliman
/wiki/U.S._News_%26_World_Report	U.S. News & World Report
/wiki/Tony_Blair_Faith_Foundation	Tony Blair Faith Foundation
/wiki/Ezra_Stiles	Ezra Stiles
/wiki/Yale_Divinity_School	Divinity
/wiki/Cleanth_Brooks	Cleanth Brooks
/wiki/Collegiate_Gothic	Collegiate Gothic
/wiki/Northern_Illinois_University	Northern Illinois
/wiki/Josef_Albers	Josef Albers
/wiki/Yale_Medical_School	Yale Medical School
/wiki/James_Noyes	James Noyes
/wiki/College_and_university_rankings	University rankings
/wiki/Clarkson_Golden_Knights	Clarkson Golden Knights
/wiki/Yale_University_Collection_of_Musical_Instruments	Yale University Collection of Musical Instruments
/wiki/Eli_Whitney	Eli Whitney
/wiki/List_of_Colonial_Colleges	Colonial Colleges
/wiki/Beinecke_Rare_Book_and_Manuscript_Library	Beinecke Rare Book and Manuscript Library
/wiki/Georgia_Institute_of_Technology	Georgia Tech
/wiki/Thompson_Arena	Thompson Arena
/wiki/Yale_Bowl	Yale Bowl
/wiki/Encyclop%C3%A6dia_Britannica	Encyclopædia Britannica
/wiki/University_of_Oxford	Oxford
/wiki/University_president	President
/wiki/William_Robertson_Coe	William Robertson Coe
/wiki/Saybrook_College	Saybrook
/wiki/Stony_Brook_University	Stony Brook
/wiki/New_England_Nightmare	New England Nightmare
/wiki/Convocation	convocation
/wiki/Rockefeller_University	Rockefeller
/wiki/Sterling_Memorial_Library	Sterling Library
/wiki/Peking_University	Peking
/wiki/Sigourney_Weaver	Sigourney Weaver
/wiki/Duke_University	Duke University
/wiki/Book_and_Snake	Book and Snake
/wiki/Mitchell_College	Mitchell
/wiki/Olympics	Olympic Games
/wiki/Austin_Cornelius_Dunham	Austin Cornelius Dunham
/wiki/Grove_Street_Cemetery,_New_Haven	Grove Street Cemetery, New Haven
/wiki/Gary_Fencik	Gary Fencik
/wiki/The_New_York_Times	The New York Times
/wiki/Gerald_Ford	Gerald Ford
/wiki/Jacques_Derrida	Jacques Derrida
/wiki/LL.D.	LL.D.
/wiki/Tony_Blair	Tony Blair
/wiki/Washington_Dulles_International_Airport	Washington Dulles International Airport
/wiki/Michigan_State_University	Michigan State
/wiki/Lead_glass	leaded glass
/wiki/Charles_C._Haight	Charles C. Haight
/wiki/Traugott_Lawler	Traugott Lawler
/wiki/Yale_College	undergraduate college
/wiki/New_London_County_RFC	New London County RFC
/wiki/Timothy_Dwight_College	Timothy Dwight
/wiki/Columbia_Lions	Lions
/wiki/Payne_Whitney	Payne Whitney
/wiki/Yale_Blue	Yale Blue
/wiki/Universiti_Teknologi_Mara	Universiti Teknologi Mara
/wiki/Title_IX	Title IX
/wiki/Sargent_Shriver	Sargent Shriver
/wiki/Project_Gutenberg	Project Gutenberg
/wiki/Yale_University_Collection_of_Musical_Instruments	Collection of Musical Instruments
/wiki/Emory_University	Emory
/wiki/Hillary_Rodham_Clinton	Hillary Rodham Clinton
/wiki/Connecticut	Connecticut
/wiki/Isamu_Noguchi	Isamu Noguchi
/wiki/Yale_University_Library	Yale University Library
/wiki/Rugby_league	Rugby league
/wiki/Alexander_Jackson_Davis	Alexander Jackson Davis
/wiki/Rusty_Wailes	Rusty Wailes
/wiki/Yale_Graduate_School_of_Arts_and_Sciences	Graduate School of Arts & Sciences
/wiki/Boardwalk_Hall	Boardwalk Hall
/wiki/University_of_Hartford	University of Hartford
/wiki/Sterling_Professor	Sterling Professors
/wiki/Timothy_Woodbridge	Timothy Woodbridge
/wiki/Sacred_Heart_Pioneers	Sacred Heart Pioneers
/wiki/Vincent_Price	Vincent Price
/wiki/Paul_de_Man	Paul de Man
/wiki/University_of_Missouri	Missouri
/wiki/Yale_secret_societies	Yale secret societies
/wiki/Yale_school_(deconstruction)	Yale School
/wiki/List_of_ECAC_Hockey_Student-Athlete_of_the_Year	Student-Athlete of the Year
/wiki/John_Kerry	John Kerry
/wiki/Norman_Foster	Norman Foster
/wiki/Yale_School_of_Forestry_%26_Environmental_Studies	Yale School of Forestry & Environmental Studies
/wiki/Yale_alumni	Yale alumni
/wiki/Manuscript_Society	Manuscript
/wiki/Northwestern_Connecticut_Community_College	Northwestern Connecticut
/wiki/Sonia_Sotomayor	Sonia Sotomayor
/wiki/UNITE_HERE	UNITE HERE
/wiki/Eastern_Connecticut_State_University	Eastern Connecticut State University
/wiki/Frieze	friezes
/wiki/Rensselaer_at_Hartford	Rensselaer at Hartford
/wiki/Henry_Strong_Durand	Henry Durand
/wiki/Morse_code	Morse code
/wiki/List_of_Yale_Law_School_alumni	List of Yale Law School alumni
/wiki/Abraham_Pierson	Abraham Pierson
/wiki/University_of_Connecticut_Health_Center	University of Connecticut Health Center
/wiki/Yale-NUS_College	Yale-NUS College
/wiki/St._Elmo_(secret_society)	St. Elmo
/wiki/Doctoral_university	research university
/wiki/Morse_College	Morse College
/wiki/Danbury_Westerners	Danbury Westerners
/wiki/Jonathan_Edwards_College	Jonathan Edwards College
/wiki/Bell_Labs_Holmdel_Complex	Bell Labs Holmdel Complex
/wiki/Meehan_Auditorium	Meehan Auditorium
/wiki/Ice_hockey	Ice hockey
/wiki/Timothy_Dwight_V	Timothy Dwight V
/wiki/Mace_and_Chain	Mace and Chain
/wiki/The_Night_Caf%C3%A9	The Night Café
/wiki/University_of_Pittsburgh	Pittsburgh
/wiki/Connecticut_Wildcats	Connecticut Wildcats
/wiki/Yale_School_of_Public_Health	Yale School of Public Health
/wiki/Rockefeller_family	Rockefellers
/wiki/East_India_Company	East India Company
/wiki/Boola_Boola	Boola Boola
/wiki/Charles_Ives	Charles Ives
/wiki/Hobey_Baker_Memorial_Rink	Hobey Baker Memorial Rink
/wiki/Edmund_Fanning_(colonial_administrator)	Edmund Fanning
/wiki/Yale_University_Art_Gallery	Yale University Art Gallery
/wiki/Yale_School_of_Forestry_%26_Environmental_Studies	Forestry & Environmental Studies
/wiki/Syracuse_University	Syracuse
/wiki/Morgan_Stanley	Morgan Stanley
/wiki/American_football	Football
/wiki/Paradise_Lost	Paradise Lost
/wiki/Victorian_fashion	Victorian style
/wiki/Harvard_Crimson	Harvard Crimson
/wiki/Quinnipiac_University	Quinnipiac
/wiki/Richard_C._Levin	Richard C. Levin
/wiki/Faith_and_Globalisation_Network_of_Universities	Faith and Globalisation Network of Universities (FGNU)
/wiki/George_Roy_Hill	George Roy Hill
/wiki/Robert_M._Yerkes	Robert M. Yerkes
/wiki/Quiet_Corner	Quiet Corner
/wiki/McGill_University	McGill University
/wiki/Oxbridge	Oxbridge
/wiki/Yale_Publishing_Course	Yale Publishing Course
/wiki/University_of_Connecticut_School_of_Law	University of Connecticut School of Law
/wiki/Foundation_(non-profit)	philanthropic foundations
/wiki/Fraternities_and_sororities	fraternities and sororities
/wiki/Wethersfield,_Connecticut	Wethersfield
/wiki/National_University_of_Singapore	National University of Singapore
/wiki/C._Vann_Woodward	C. Vann Woodward
/wiki/Mario_Monti	Mario Monti
/wiki/Silliman_College	Silliman College
/wiki/Virginia_Tech	Virginia Tech
/wiki/Washington_Monthly	Washington Monthly
/wiki/Brown_Bears	Bears
/wiki/David_Brion_Davis	David Brion Davis
/wiki/Yale_Alumni_Magazine	Yale Alumni Magazine
/wiki/Saybrook_College	Saybrook College
/wiki/Age_of_Enlightenment	Enlightenment
/wiki/Ingalls_Rink	Ingalls Rink (hockey)
/wiki/Los_Angeles_Times	Los Angeles Times
/wiki/Yale_Divinity_School	Yale Divinity School
/wiki/Yale_Cancer_Center	Yale Cancer Center
/wiki/Nathan_Hale	Nathan Hale
/wiki/Quinebaug_Valley_Community_College	Quinebaug Valley
/wiki/SoccerPlus_Connecticut	SoccerPlus Connecticut
/wiki/Congregationalist	Congregationalist
/wiki/Yale_University_Press	Yale University Press
/wiki/Vanderbilt_family	Vanderbilt family
/wiki/University_College_London	University College London
/wiki/Yale_Bowl	Yale Bowl (football)
/wiki/Ice_hockey	ice hockey
/wiki/Timothy_Dwight_IV	Timothy Dwight IV
/wiki/Gateway_Arch	Gateway Arch
/wiki/Softball	Softball
/wiki/Skidmore,_Owings_%26_Merrill	Skidmore, Owings & Merrill
/wiki/Sterling_Memorial_Library	Sterling Memorial Library
/wiki/St._Elmo_(secret_society)	St. Elmo
/wiki/Rutgers_University	Rutgers
/wiki/Yale-Harvard_Boat_Race	Yale-Harvard Boat Race
/wiki/Kenneth_MacKenzie_Murchison	Kenneth M. Murchison
/wiki/Tunxis_Community_College	Tunxis
/wiki/New_Haven_Police_Department	New Haven Police
/wiki/Yale_(disambiguation)	Yale (disambiguation)
/wiki/Charles_Dickens	Charles Dickens
/wiki/Johns_Hopkins_University	Johns Hopkins
/wiki/Numerus_clausus	numerus clausus
/wiki/College_of_William_%26_Mary	William & Mary
/wiki/Library_of_Congress	Library of Congress
/wiki/George_W._Bush	George W. Bush
/wiki/Alexander_v._Yale	Alexander v. Yale
/wiki/Neo-Gothic	Neo-Gothic
/wiki/Payne_Whitney_Gymnasium	Payne Whitney Gymnasium
/wiki/Elizabethan_Club	Elizabethan Club
/wiki/ECAC_Hockey	ECAC Hockey
/wiki/CBS_Building	CBS Building
/wiki/University_of_Toronto	Toronto
/wiki/Higher_education	higher education
/wiki/Connecticut_Brakettes	Connecticut Brakettes
/wiki/Westport,_Connecticut	Westport, Connecticut
/wiki/Torrington_Titans	Torrington Titans
/wiki/Connecticut_FC_Azul	Connecticut FC Azul
/wiki/Naugatuck_Valley_Community_College	Naugatuck Valley
/wiki/Paul_Mellon_Centre_for_Studies_in_British_Art	Paul Mellon Centre for Studies in British Art
/wiki/Edward_S._Harkness	Edward
/wiki/New_York_Times	New York Times
/wiki/Durham_University	Durham University
/wiki/Hillhouse_Avenue	Hillhouse Avenue
/wiki/Princeton_University	Princeton
/wiki/Graduate_school	graduate
/wiki/Samuel_F._B._Morse	Samuel F. B. Morse
/wiki/Ohio_State_University	Ohio State
/wiki/Yale_Law_School	Law
/wiki/Sheffield_Scientific_School	Sheffield Scientific School
/wiki/Cowles_Foundation	Cowles Foundation
/wiki/Sarah_Hughes	Sarah Hughes
/wiki/Achilles_Rink	Achilles Rink
/wiki/University_of_Chicago	University of Chicago
/wiki/Stanford_University	Stanford
/wiki/Quinnipiac_Bobcats	Quinnipiac Bobcats
/wiki/Bright_Hockey_Center	Bright Hockey Center
/wiki/Great_Awakening	Great Awakening
/wiki/Yale_Golf_Course	Yale Golf Course
/wiki/Reese_Stadium	Reese Stadium (soccer & lacrosse)
/wiki/Yale-Myers_Forest	Yale-Myers Forest
/wiki/Time_Warner	Time Warner
/wiki/Increase_Mather	Increase Mather
/wiki/Cyrus_Vance	Cyrus Vance
/wiki/Sacred_Heart_University	Sacred Heart
/wiki/J._Hillis_Miller	J. Hillis Miller
/wiki/Yale_Center_for_British_Art	Yale Center for British Art
/wiki/New_Haven,_Connecticut	New Haven
/wiki/Yale_Institute_of_Sacred_Music	Institute of Sacred Music
/wiki/Stephen_Vincent_Ben%C3%A9t	Stephen Vincent Benét
/wiki/Manuscript_Society	Manuscript Society
/wiki/Irving_Fischer	Irving Fischer
/wiki/Private_university	Private
/wiki/Gateway_Community_College	Gateway
/wiki/Yale_Sustainable_Food_Project	Yale Sustainable Food Program Farm
/wiki/Connecticut_Yankees_RFC	Connecticut Yankees RFC
/wiki/International_student	international students
/wiki/Texas_Tech_University	Texas Tech
/wiki/New_Britain_Bees	New Britain Bees
