/wiki/Yevgeny_Zamyatin	Yevgeny Zamyatin
/wiki/Memorial_(society)	Memorial
/wiki/The_Dispossessed	The Dispossessed
/wiki/Politburo	Politburo
/wiki/Efim_Etkind	Efim Etkind
/wiki/Paris	Paris
/wiki/Anthem_(novella)	Anthem
/wiki/Andrei_Amalrik	Andrei Amalrik
/wiki/Russian_Revolution_of_1917	Russian Revolution of 1917
/wiki/Boris_Kagarlitsky	Boris Kagarlitsky
/wiki/Harrison_Bergeron	Harrison Bergeron
/wiki/Helsinki-86	Helsinki-86
/wiki/CPSU	CPSU
/wiki/Alexander_Nekrich	Alexander Nekrich
/wiki/Zhores_Medvedev	Zhores Medvedev
/wiki/Naum_Meiman	Naum Meiman
/wiki/Dina_Kaminskaya	Dina Kaminskaya
/wiki/We_(novel)	We
/wiki/Natan_Sharansky	Natan Sharansky
/wiki/Lev_Navrozov	Lev Navrozov
/wiki/Vasyl_Stus	Vasyl Stus
/wiki/Shmuel_Schneurson	Shmuel Schneurson
/wiki/Paruyr_Hayrikyan	Paruyr Hayrikyan
/wiki/Yuri_Orlov	Yuri Orlov
/wiki/Sergei_Kovalev	Sergei Kovalev
/wiki/Initiative_Group_for_the_Defense_of_Human_Rights_in_the_USSR	Initiative Group for the Defense of Human Rights in the USSR
/wiki/Newcastle_upon_Tyne	Newcastle upon Tyne
/wiki/Mikhail_Agursky	Mikhail Agursky
/wiki/Les_Tanyuk	Les Tanyuk
/wiki/Vasyl_Makukh	Vasyl Makukh
/wiki/Marc_Lvovich_Slonim	Marc Lvovich Slonim
/wiki/Sofiya_Kalistratova	Sofiya Kalistratova
/wiki/Lev_Kopelev	Lev Kopelev
/wiki/February_Revolution	February Revolution
/wiki/Efraim_Sevela	Efraim Sevela
/wiki/Igor_Shafarevich	Igor Shafarevich
/wiki/Russian_Orthodox	Russian Orthodox
/wiki/Eduard_Limonov	Eduard Limonov
/wiki/Russian_Revolution_of_1905	Russian Revolution of 1905
/wiki/Aleksandr_Solzhenitsyn	Aleksandr Solzhenitsyn
/wiki/Science_fiction	Science fiction
/wiki/Grigory_Pomerants	Grigory Pomerants
/wiki/Boris_Pustyntsev	Boris Pustyntsev
/wiki/Jack_London	Jack London
/wiki/Lina_Kostenko	Lina Kostenko
/wiki/Tengiz_Gudava	Tengiz Gudava
/wiki/Vasile_B%C4%83tr%C3%A2nac	Vasile Bătrânac
/wiki/Ivan_Kandyba	Ivan Kandyba
/wiki/Grigory_Isayev	Grigory Isayev
/wiki/Anton_Antonov-Ovseyenko	Anton Antonov-Ovseyenko
/wiki/Blacklist	blacklisted
/wiki/Ion_Moraru	Ion Moraru
/wiki/Mykola_Bakay	Mykola Bakay
/wiki/Ivan_Hel	Ivan Hel
/wiki/The_Lower_Depths_(1936_film)	The Lower Depths
/wiki/Dmitri_Savitski	Dmitri Savitski
/wiki/Viktor_Muravin	Viktor Muravin
/wiki/Carl_Jung	Carl Jung
/wiki/Vladimir_Voinovich	Vladimir Voinovich
/wiki/Translation	translated
/wiki/Mykola_Horbal	Mykola Horbal
/wiki/Anatoly_Marchenko	Anatoly Marchenko
/wiki/Anna_Barkova	Anna Barkova
/wiki/Yekaterina_Peshkova	Yekaterina Peshkova
/wiki/David_Devdariani	David Devdariani
/wiki/Alexander_Bolonkin	Alexander Bolonkin
/wiki/Abulfaz_Elchibey	Abulfaz Elchibey
/wiki/Boris_Kustodiev	Boris Kustodiev
/wiki/Michail_J._Makarenko	Michail J. Makarenko
/wiki/Satire	Satire
/wiki/Venedikt_Yerofeyev	Venedikt Yerofeyev
/wiki/France	France
/wiki/1921_in_literature	1921
/wiki/Viktor_Nekrasov	Viktor Nekrasov
/wiki/Boris_Korczak	Boris Korczak
/wiki/Chopin	Chopin
/wiki/Nadezhda_Mandelstam	Nadezhda Mandelstam
/wiki/Romas_Kalanta	Romas Kalanta
/wiki/Roy_Medvedev	Roy Medvedev
/wiki/Lev_Timofeev	Lev Timofeev
/wiki/Viktor_Fainberg	Viktor Fainberg
/wiki/Police_state	police state
/wiki/Valery_Tarsis	Valery Tarsis
/wiki/Bolshevik	Bolsheviks
/wiki/Imperial_Russian_Navy	Imperial Russian Navy
/wiki/Alexander_Ginzburg	Alexander Ginzburg
/wiki/Tatyana_Velikanova	Tatyana Velikanova
/wiki/New_York_City	New York City
/wiki/Moscow	Moscow
/wiki/Ivan_Dziuba	Ivan Dziuba
/wiki/Boris_Pasternak	Boris Pasternak
/wiki/Wayback_Machine	Wayback Machine
/wiki/Kurt_Vonnegut	Kurt Vonnegut
/wiki/Natalya_Gorbanevskaya	Natalya Gorbanevskaya
/wiki/Tambov_Governorate	Tambov Governorate
/wiki/J%C3%BCri_Kukk	Jüri Kukk
/wiki/Sultan_Galiev	Sultan Galiev
/wiki/Arseny_Roginsky	Arseny Roginsky
/wiki/Lithuanian_Helsinki_Group	Lithuanian Helsinki Group
/wiki/Alan_Myers_(translator)	Myers, Alan
/wiki/Yuri_Druzhnikov	Yuri Druzhnikov
/wiki/Vasily_Aksyonov	Vasily Aksyonov
/wiki/Ursula_K._Le_Guin	Ursula K. Le Guin
/wiki/Zviad_Gamsakhurdia	Zviad Gamsakhurdia
/wiki/Lyudmila_Alexeyeva	Lyudmila Alexeyeva
/wiki/Moscow_Helsinki_Group	Moscow Helsinki Group
/wiki/Gregori_Maximoff	Gregori Maximoff
/wiki/Sergei_Soldatov	Sergei Soldatov
/wiki/Osip_Mandelstam	Osip Mandelstam
/wiki/Vladimir_Bougrine	Vladimir Bougrine
/wiki/Censorship	censorship
/wiki/Yuri_Galanskov	Yuri Galanskov
/wiki/Larisa_Bogoraz	Larisa Bogoraz
/wiki/Mykola_Rudenko	Mykola Rudenko
/wiki/Russia	Russia
/wiki/Michael_Voslenski	Michael Voslenski
/wiki/Maria_Rozanova	Maria Rozanova
/wiki/Yuri_Kublanovsky	Yuri Kublanovsky
/wiki/Yosef_Mendelevitch	Yosef Mendelevitch
/wiki/Balys_Gajauskas	Balys Gajauskas
/wiki/Soviet_dissidents	Soviet dissidents
/wiki/Alexander_Tarasov	Alexander Tarasov
/wiki/Player_Piano_(novel)	Player Piano
/wiki/Julian_calendar	Julian
/wiki/Alexander_Galich_(writer)	Alexander Galich
/wiki/Joseph_Brodsky	Joseph Brodsky
/wiki/Anatoly_Pristavkin	Anatoly Pristavkin
/wiki/The_Slavonic_and_East_European_review	The Slavonic and East European review
/wiki/Valeriya_Novodvorskaya	Valeriya Novodvorskaya
/wiki/Nineteen_Eighty-Four	Nineteen Eighty-Four
/wiki/Tomas_Venclova	Tomas Venclova
/wiki/Bulat_Okudzhava	Bulat Okudzhava
/wiki/Benjamin_Fain	Benjamin Fain
/wiki/Nadiya_Svitlychna	Nadiya Svitlychna
/wiki/Alexander_Ogorodnikov	Alexander Ogorodnikov
/wiki/Old_Bolshevik	Old Bolshevik
/wiki/Mykhailo_Horyn	Mykhailo Horyn
/wiki/Eliyahu_Rips	Eliyahu Rips
/wiki/Semyon_Gluzman	Semyon Gluzman
/wiki/Yuli_Daniel	Yuli Daniel
/wiki/Ain_Saar	Ain Saar
/wiki/Alexander_Zinoviev	Alexander Zinoviev
/wiki/Aleksandras_%C5%A0tromas	Aleksandras Štromas
/wiki/Alexei_Borovoi	Alexei Borovoi
/wiki/Maxim_Gorky	Maxim Gorky
/wiki/Yuriy_Shukhevych	Yuriy Shukhevych
/wiki/Vasyl_Symonenko	Vasyl Symonenko
/wiki/Committee_on_Human_Rights_in_the_USSR	Committee on Human Rights in the USSR
/wiki/Viktoras_Petkus	Viktoras Petkus
/wiki/Lev_Chernyi	Lev Chernyi
/wiki/Pyotr_Grigorenko	Pyotr Grigorenko
/wiki/Playboy	Playboy
/wiki/Guram_Mamulia	Guram Mamulia
/wiki/Vladimir_Strelnikov	Vladimir Strelnikov
/wiki/Leonid_Borodin	Leonid Borodin
/wiki/Ludwig_von_Mises_Institute	Ludwig von Mises Institute
/wiki/Cimeti%C3%A8re_de_Thiais	Cimetière de Thiais
/wiki/H._G._Wells	H. G. Wells
/wiki/Nahum_Korzhavin	Nahum Korzhavin
/wiki/Ephraim_Kholmyansky	Ephraim Kholmyansky
/wiki/Alexandr_Podrabinek	Alexandr Podrabinek
/wiki/Russia	Russian
/wiki/Jean_Renoir	Jean Renoir
/wiki/Yelena_Bonner	Yelena Bonner
/wiki/Dmitri_Prigov	Dmitri Prigov
/wiki/Andrei_Sakharov	Andrei Sakharov
/wiki/Max_Eastman	Max Eastman
/wiki/Vladimir_Shelkov	Vladimir Shelkov
/wiki/Transliterated	transliterated
/wiki/Alexander_Lavut	Alexander Lavut
/wiki/Yuri_Bezmenov	Yuri Bezmenov
/wiki/Amnesty	amnestied
/wiki/Alexander_Lerner	Alexander Lerner
/wiki/John_Simkin	John Simkin
/wiki/Yuliy_Kim	Yuliy Kim
/wiki/Yevgenia_Ginzburg	Yevgenia Ginzburg
/wiki/Joseph_Stalin	Joseph Stalin
/wiki/Kronid_Lyubarsky	Kronid Lyubarsky
/wiki/Irina_Ratushinskaya	Irina Ratushinskaya
/wiki/Pavel_Litvinov	Pavel Litvinov
/wiki/Slavonic_and_East_European_Review	Slavonic and East European Review
/wiki/Icebreaker	icebreakers
/wiki/Varlam_Shalamov	Varlam Shalamov
/wiki/Alexander_Esenin-Volpin	Alexander Esenin-Volpin
/wiki/Enn_Tarto	Enn Tarto
/wiki/Oleksa_Hirnyk	Oleksa Hirnyk
/wiki/Internet_Speculative_Fiction_Database	Internet Speculative Fiction Database
/wiki/Gregory_Zilboorg	Gregory Zilboorg
/wiki/Boris_Chichibabin	Boris Chichibabin
/wiki/Russian_Empire	Russian Empire
/wiki/Andrei_Tverdokhlebov	Andrei Tverdokhlebov
/wiki/Science_fiction	science fiction
/wiki/Vasile_Odobescu	Vasile Odobescu
/wiki/Political_satire	political satire
/wiki/Lebedyan	Lebedyan
/wiki/George_Orwell	George Orwell
/wiki/Yosyf_Zisels	Yosyf Zisels
/wiki/Mustafa_Dzhemilev	Mustafa Dzhemilev
/wiki/Prague	Prague
/wiki/Levko_Lukyanenko	Levko Lukyanenko
/wiki/Grand_Duchy_of_Finland	Grand Duchy of Finland
/wiki/Marxist	Marxist
/wiki/O._Henry	O. Henry
/wiki/Viacheslav_Chornovil	Viacheslav Chornovil
/wiki/Ilya_Gabay	Ilya Gabay
/wiki/Myroslav_Marynovych	Myroslav Marynovych
/wiki/Saint_Petersburg	Saint Petersburg
/wiki/Eduard_Kuznetsov	Eduard Kuznetsov
/wiki/Lagle_Parek	Lagle Parek
/wiki/Mirra_Ginsburg	Mirra Ginsburg
/wiki/Valery_Chalidze	Valery Chalidze
/wiki/Danylo_Shumuk	Danylo Shumuk
/wiki/Lydia_Chukovskaya	Lydia Chukovskaya
/wiki/Zoya_Krakhmalnikova	Zoya Krakhmalnikova
/wiki/Wallsend	Wallsend
/wiki/Valeriy_Marchenko	Valeriy Marchenko
/wiki/Victor_Sokolov	Victor Sokolov
/wiki/Alexander_Men	Alexander Men
/wiki/Vladimir_Bukovsky	Vladimir Bukovsky
/wiki/Jerome_K._Jerome	Jerome K. Jerome
/wiki/Arkadiy_Belinkov	Arkadiy Belinkov
/wiki/Ihor_Kalynets	Ihor Kalynets
/wiki/Gregorian_calendar	Gregorian
/wiki/Anatoly_Kuznetsov	Anatoly Kuznetsov
/wiki/Yaroslav_Lesiv	Yaroslav Lesiv
/wiki/Siberia	Siberia
/wiki/Synesthesia	synesthesia
/wiki/Gun%C4%81rs_Astra	Gunārs Astra
/wiki/Moysey_Fishbein	Moysey Fishbein
/wiki/Andrei_Nikolaevich_Mironov	Andrei Mironov
/wiki/Georgi_Vladimov	Georgi Vladimov
/wiki/October_Revolution	October Revolution
/wiki/Ivan_Drach	Ivan Drach
/wiki/Union_of_Soviet_Writers	Union of Soviet Writers
/wiki/Viktor_Nekipelov	Viktor Nekipelov
/wiki/Ayn_Rand	Ayn Rand
/wiki/Chabua_Amirejibi	Chabua Amirejibi
/wiki/Vitaliy_Kalynychenko	Vitaliy Kalynychenko
/wiki/Igor_Guberman	Igor Guberman
/wiki/Prometheus_Award	Prometheus Award
/wiki/Journalist	Journalist
/wiki/Aldous_Huxley	Aldous Huxley
/wiki/Valentin_Turchin	Valentin Turchin
/wiki/Bohdan_Horyn	Bohdan Horyn
/wiki/Merab_Kostava	Merab Kostava
/wiki/Georgi_Vins	Georgi Vins
/wiki/Soviet_Union	Soviet Union
/wiki/Andrei_Sinyavsky	Andrei Sinyavsky
/wiki/Brave_New_World	Brave New World
/wiki/Dystopia	dystopian
/wiki/Gleb_Yakunin	Gleb Yakunin
/wiki/Vadim_Delaunay	Vadim Delaunay
/wiki/Ukrainian_Helsinki_Group	Ukrainian Helsinki Group
/wiki/E.P._Dutton_and_Company	E.P. Dutton and Company
/wiki/United_Kingdom	United Kingdom
/wiki/Yuly_Rybakov	Yuly Rybakov
/wiki/Victor_Krasin	Victor Krasin
/wiki/LIBRIS	SELIBR
/wiki/Leonid_Plyushch	Leonid Plyushch
/wiki/Eliyahu_Essas	Eliyahu Essas
/wiki/Anatoly_Koryagin	Anatoly Koryagin
/wiki/Vasily_Grossman	Vasily Grossman
