/wiki/University_of_Michigan	University of Michigan
/wiki/Gratz_v._Bollinger	Gratz v. Bollinger
/wiki/Monroe_County_Community_College	Monroe County
/wiki/Sein%C3%A4joki_University_of_Applied_Sciences	Seinäjoki University of Applied Sciences
/wiki/ESPN	ESPN
/wiki/Ruth_Reichl	Ruth Reichl
/wiki/List_of_colleges_and_universities_in_Michigan	Colleges and universities in Michigan
/wiki/Correlates_of_War	Correlates of War
/wiki/Michigan_Wolverines_men%27s_gymnastics	Men's gymnastics
/wiki/Hill_Auditorium	Hill Auditorium
/wiki/Delta_College_(Michigan)	Delta
/wiki/Indiana_University_Bloomington	Indiana
/wiki/German_language	German language
/wiki/Claude_Shannon	Claude Shannon
/wiki/Central_Michigan_University	Central Michigan
/wiki/Brown_University	Brown
/wiki/Huron_High_School_(Ann_Arbor,_Michigan)	Huron High School
/wiki/Marge_Piercy	Marge Piercy
/wiki/Betty_Smith	Betty Smith
/wiki/Alpena_Community_College	Alpena
/wiki/Kellogg_Community_College	Kellogg
/wiki/Strategic_Defense_Initiative	Strategic Defense Initiative
/wiki/Michigan_Wolverines	Michigan Wolverines
/wiki/Charles_Major	Charles Major
/wiki/Albert_Kahn_(architect)	Albert Kahn
/wiki/Gemini_4	Gemini 4
/wiki/Alister_MacKenzie	Alister MacKenzie
/wiki/Robert_B._Miller_College	Robert B. Miller
/wiki/Tulane_University	Tulane
/wiki/Burton_Memorial_Tower	Burton Memorial Tower
/wiki/Albion_College	Albion
/wiki/Calvin_College	Calvin
/wiki/Demographics_of_the_United_States	Demographics of the United States
/wiki/Jasper_Francis_Cropsey	Jasper Francis Cropsey
/wiki/Big_Ten_Network	Big Ten Network
/wiki/Grutter_v._Bollinger	Grutter v. Bollinger
/wiki/Northeastern_University	Northeastern
/wiki/Proximity_fuze	proximity fuzes
/wiki/Michigan_Wolverines	Wolverines
/wiki/Michigan_Wolverines_wrestling	men's wrestling
/wiki/Syracuse_University	Syracuse
/wiki/Optics	optics
/wiki/University_of_California,_Santa_Barbara	Santa Barbara
/wiki/University_of_Minnesota	University of Minnesota
/wiki/Pioneer_High_School_(Ann_Arbor,_Michigan)	Pioneer High School
/wiki/Paleontology	paleontology
/wiki/A_cappella	a cappella
/wiki/University_of_Michigan_Men%27s_Glee_Club	University of Michigan Men's Glee Club
/wiki/Paul_Bunyan_Trophy	Paul Bunyan Trophy
/wiki/Carillon	carillon
/wiki/Politecnico_di_Milano	Politecnico di Milano (Italy)
/wiki/State_Theatre_(Ann_Arbor,_Michigan)	State Theatre
/wiki/List_of_University_of_Michigan_faculty_and_staff	Faculty and staff
/wiki/3D_computer_graphics	3D
/wiki/Jackson_College	Jackson
/wiki/Latin	Latin
/wiki/Wayne_State_University	Wayne State University
/wiki/University_of_California,_San_Diego	San Diego
/wiki/University_of_Michigan_College_of_Engineering	College of Engineering
/wiki/Michigan_Wolverines_men%27s_lacrosse	Men's lacrosse
/wiki/Michigan_Journal_of_Race_%26_Law	Michigan Journal of Race & Law
/wiki/University_of_Michigan_Health_System	UM Health System
/wiki/Birmingham,_Michigan	Birmingham, Michigan
/wiki/Public_university	public
/wiki/Turkish_Airlines	Turkish Airlines
/wiki/Iggy_Pop	Iggy Pop
/wiki/Sunward_Cohousing	Sunward Cohousing
/wiki/StarKid_Productions	StarKid Productions
/wiki/University_of_Illinois_at_Urbana%E2%80%93Champaign	University of Illinois
/wiki/National_Football_League	National Football League
/wiki/Eastern_Michigan_University	Eastern Michigan
/wiki/Sea_grant_colleges	Sea grant
/wiki/Anthropology	anthropology
/wiki/University_of_Michigan_Law_School	School of Law
/wiki/Iowa_Hawkeyes	Hawkeyes
/wiki/Iowa_State_University	Iowa State
/wiki/Detroit_Metropolitan_Wayne_County_Airport	Detroit Metropolitan Wayne County Airport
/wiki/Gargoyle_Humor_Magazine	Gargoyle
/wiki/University_of_Michigan_student_housing	University of Michigan student housing
/wiki/University_of_Liverpool	University of Liverpool
/wiki/WJJX_(defunct)	WJJX
/wiki/Boston_University	Boston
/wiki/Nebraska_Cornhuskers	Cornhuskers
/wiki/U.S._News_%26_World_Report	U.S. News & World Report
/wiki/Rutgers_University	Rutgers University
/wiki/University_of_Detroit_Mercy	Detroit Mercy
/wiki/DMOZ	DMOZ
/wiki/David_M._Dennison_Building	David M. Dennison Building
/wiki/Washtenaw_Community_College	Washtenaw Community College
/wiki/Keith_Waldrop	Keith Waldrop
/wiki/Ohio_State_Buckeyes	Buckeyes
/wiki/Kelsey_Museum_of_Archaeology	Kelsey Museum of Archaeology
/wiki/Emory_University	Emory
/wiki/Keweenaw_Bay_Ojibwa_Community_College	Keweenaw Bay
/wiki/Space_grant_colleges	Space grant
/wiki/University_of_Pisa	Pisa
/wiki/Lansing,_Michigan	Lansing
/wiki/Carnegie_Mellon_University	Carnegie Mellon
/wiki/1902_Rose_Bowl	1902
/wiki/Performance_Network_Theatre	Performance Network Theatre
/wiki/Big_Ten_Conference	Big Ten Conference
/wiki/Turing_Award	Turing Award
/wiki/Labor_rights	labor rights
/wiki/Matthaei_Botanical_Gardens	Matthaei Botanical Gardens
/wiki/Ohio_State_University	The Ohio State University
/wiki/Chengdu_University_of_Information_Technology	Chengdu University of Information Technology
/wiki/Vanderbilt_University	Vanderbilt
/wiki/Northwood_University	Northwood
/wiki/Martha_Minow	Martha Minow
/wiki/Northwestern_University	Northwestern
/wiki/Lockheed_Corporation	Lockheed
/wiki/Saginaw_Valley_State_University	Saginaw Valley State
/wiki/Larry_Page	Larry Page
/wiki/University_of_Michigan_(disambiguation)	University of Michigan (disambiguation)
/wiki/Aston_University	Aston University
/wiki/Greenhills_School	Greenhills School
/wiki/Michigan%E2%80%93Michigan_State_ice_hockey_rivalry	Michigan–Michigan State ice hockey rivalry
/wiki/Darren_Criss	Darren Criss
/wiki/Dentistry	dentistry
/wiki/University_of_Michigan_Museum_of_Natural_History	University of Michigan Museum of Natural History
/wiki/University_of_Notre_Dame	Notre Dame
/wiki/Homecoming	Homecoming
/wiki/Engineering_Research_Center_for_Wireless_Integrated_Microsystems	Engineering Research Center for Wireless Integrated Microsystems
/wiki/University_of_Auckland	University of Auckland (New Zealand)
/wiki/James_B._Angell	James B. Angell
/wiki/Marjorie_Lee_Browne	Marjorie Lee Browne
/wiki/Michigan_State_University	Michigan State University
/wiki/University_of_Vermont	University of Vermont
/wiki/College_and_university_rankings	University rankings
/wiki/Herman_Mudgett	Herman Mudgett
/wiki/Lurie_Tower	Lurie Tower
/wiki/Blind_Pig_(venue)	Blind Pig
/wiki/Kettering_University	Kettering
/wiki/NACDA_Director%27s_Cup	NACDA Director's Cup
/wiki/University_of_North_Texas	North Texas
/wiki/University_of_Pittsburgh	University of Pittsburgh
/wiki/Master_of_Accounting	Master of Accounting
/wiki/IBM	IBM
/wiki/List_of_University_of_Michigan_law_and_government_alumni	Law and government alumni
/wiki/Michigan%E2%80%93Ohio_State_football_rivalry	Michigan-Ohio State rivalry
/wiki/Time-sharing	time-sharing
/wiki/Student_newspaper	student newspaper
/wiki/North_American_Solar_Challenge	North American Solar Challenge
/wiki/Angell_Hall	Angell Hall
/wiki/Tom_Harmon	Tom Harmon
/wiki/Young_Americans_for_Freedom	Young Americans for Freedom
/wiki/Bursley_Hall	Bursley Hall
/wiki/Sandra_Steingraber	Sandra Steingraber
/wiki/Kirtland_Community_College	Kirtland
/wiki/Case_Western_Reserve_University	Case Western
/wiki/Lancaster_University	Lancaster University
/wiki/Northwestern_University	Northwestern University
/wiki/There%27ll_Be_a_Hot_Time_in_the_Old_Town_Tonight	There'll Be a Hot Time in the Old Town Tonight
/wiki/Ann_Coulter	Ann Coulter
/wiki/Michigan_Wolverines_women%27s_volleyball	Women's volleyball
/wiki/College_for_Creative_Studies	College for Creative Studies
/wiki/John_Philip_Sousa	John Philip Sousa
/wiki/McGill_University	McGill
/wiki/Elizabeth_Kostova	Elizabeth Kostova
/wiki/Tufts_University	Tufts
/wiki/STEM_fields	STEM fields
/wiki/Rensis_Likert	Rensis Likert
/wiki/Tau_Beta_Pi	Tau Beta Pi
/wiki/Griggs_University	Griggs
/wiki/Ann_Arbor_Township	Ann Arbor Township
/wiki/Yale_University	Yale
/wiki/New_Mexico_State_University	New Mexico State
/wiki/Montcalm_Community_College	Montcalm
/wiki/Michigan_Wolverines_men%27s_track_and_field	Track and field
/wiki/Alden_B._Dow	Alden B. Dow
/wiki/Ann_Arbor_Municipal_Airport	Ann Arbor Municipal Airport
/wiki/The_American_Cyclop%C3%A6dia	The American Cyclopædia
/wiki/Housing_cooperative	cooperatives
/wiki/Ben_Carson_presidential_campaign,_2016	2016 Republican Presidential Candidate
/wiki/Dick_Gephardt	Dick Gephardt
/wiki/Skyway	skywalk
/wiki/The_Michigan_Review	The Michigan Review
/wiki/Adrian_College	Adrian
/wiki/University_of_Tennessee	Tennessee
/wiki/Sanjay_Gupta	Sanjay Gupta
/wiki/Desmond_Howard	Desmond Howard
/wiki/University_of_Michigan_Solar_Car_Team	University of Michigan Solar Car Team
/wiki/Archaeology	archaeology
/wiki/Great_Lakes_Christian_College	Great Lakes Christian
/wiki/Phi_Kappa_Phi	Phi Kappa Phi
/wiki/Nichols_Arboretum	Nichols Arboretum
/wiki/University_of_Strathclyde	University of Strathclyde
/wiki/Ross_School_of_Business	Stephen M. Ross School of Business
/wiki/Demographics_of_Michigan	Demographics of Michigan
/wiki/Brandeis_University	Brandeis
/wiki/Michigan_Wolverines_men%27s_ice_hockey	men's ice hockey team
/wiki/University_of_Minnesota	Minnesota
/wiki/Wayne_State_University	Wayne State
/wiki/Lahti_University_of_Applied_Sciences	Lahti University of Applied Sciences
/wiki/Biosphere_reserve	Biosphere Reserves
/wiki/Fight_song	fight song
/wiki/G.I._Bill	G.I. Bill
/wiki/Modern_architecture	modern architecture
/wiki/Tower_Plaza_(Ann_Arbor,_Michigan)	Tower Plaza
/wiki/Wireless_integrated_microsystems	wireless integrated microsystems
/wiki/Michigan_Wolverines_men%27s_soccer	Men's soccer
/wiki/J%C3%B6nk%C3%B6ping_School_of_Engineering	Jönköping School of Engineering
/wiki/Cornell_University	Cornell
/wiki/Graduate_student	graduate students
/wiki/James_Burrill_Angell	James Burrill Angell
/wiki/List_of_University_of_Michigan_faculty_and_staff	List of University of Michigan faculty and staff
/wiki/Gerald_R._Ford_School_of_Public_Policy	Gerald R. Ford School of Public Policy
/wiki/SAT	SAT
/wiki/Pfizer	Pfizer
/wiki/St._Patrick%27s_Parish_Complex	St. Patrick's Parish Complex
/wiki/Postgraduate_education	Postgraduates
/wiki/Students_for_a_Democratic_Society_(2006_organization)	Students for a Democratic Society
/wiki/Left-wing_politics	left-wing politics
/wiki/Marching_band	marching band
/wiki/Summer_Olympic_Games	Summer Olympics
/wiki/Michigan_Wolverines_men%27s_basketball	Men's basketball
/wiki/United_States_Attorney_General	attorney general of the United States
/wiki/Michigan_Constitution	Michigan Constitution
/wiki/American_Civil_War	Civil War
/wiki/List_of_University_of_Michigan_alumni	List of University of Michigan alumni
/wiki/Jesmyn_Ward	Jesmyn Ward
/wiki/Black_Action_Movement	Black Action Movement
/wiki/Benjamin_D._Pritchard	Benjamin D. Pritchard
/wiki/Martha_E._Pollack	Martha E. Pollack
/wiki/New_England_Patriots	New England Patriots
/wiki/Sit-in	sit-ins
/wiki/Stephen_Cook	Stephen Cook
/wiki/University_of_Washington	Washington
/wiki/The_New_Republic	The New Republic
/wiki/Randy_Napoleon	Randy Napoleon
/wiki/John_Robert_Beyster	Dr. J. Robert Beyster
/wiki/Ohio_State_University	Ohio State University
/wiki/Michigan	Michigan
/wiki/University_of_Bristol	University of Bristol
/wiki/Medicine	medicine
/wiki/Gerald_R._Ford_Presidential_Library	Gerald R. Ford Presidential Library
/wiki/James_Earl_Jones	James Earl Jones
/wiki/Cliff_Keen	Cliff Keen
/wiki/University_of_Pretoria	University of Pretoria (South Africa)
/wiki/WCBN-FM	WCBN-FM
/wiki/Sports_Illustrated	Sports Illustrated
/wiki/The_Michigan_Times	The Michigan Times
/wiki/Chicago_Maroons	Maroons
/wiki/Shapiro_Undergraduate_Library	Shapiro Undergraduate Library
/wiki/Arizona_State_University	Arizona State University
/wiki/%C3%89cole_Polytechnique_de_Montr%C3%A9al	École Polytechnique de Montréal
/wiki/Selma_Blair	Selma Blair
/wiki/Pennsylvania_State_University	Pennsylvania State University
/wiki/Vietnam_National_University,_Ho_Chi_Minh_City	Vietnam National University, Ho Chi Minh City
/wiki/Michigan_Wolverines_women%27s_basketball	Women's basketball
/wiki/South_Africa	South Africa
/wiki/National_Basketball_Association	National Basketball Association
/wiki/Turku_University_of_Applied_Sciences	Turku University of Applied Sciences
/wiki/Jack_Kevorkian	Jack Kevorkian
/wiki/Undergraduate_Research_Opportunity_Program	Undergraduate Research Opportunity Program
/wiki/Northwestern_Wildcats	Wildcats
/wiki/Michigan_Life_Sciences_Corridor	Michigan Life Sciences Corridor
/wiki/Taylor%27s_University	Taylor's University (Malaysia)
/wiki/Financial_endowment	Endowment
/wiki/University_of_Michigan_Detroit_Center	Detroit Center
/wiki/Daniel_Webster_College	Daniel Webster College
/wiki/Michigan_Journal_of_Political_Science	Michigan Journal of Political Science
/wiki/Briarwood_Mall	Briarwood Mall
/wiki/Merit_Network	Merit Network
/wiki/Yost_Ice_Arena	Yost Ice Arena
/wiki/Northwestern_Michigan_College	Northwestern Michigan
/wiki/University_of_Oklahoma	Oklahoma
/wiki/Michigan_Wolverines_women%27s_soccer	Women's soccer
/wiki/United_States_National_Academies	National Academy
/wiki/Drum_major	drum major
/wiki/Michigan_Wolverines_baseball	Michigan baseball team
/wiki/Edgar_Codd	Edgar Codd
/wiki/University_of_Leeds	University of Leeds
/wiki/University_of_Michigan_Biological_Station	biological station
/wiki/Mayor_of_Detroit	mayor of Detroit
/wiki/Temel_Kotil	Temel Kotil
/wiki/Judith_Guest	Judith Guest
/wiki/Rackham_Graduate_School	Rackham Graduate School
/wiki/National_Hockey_League	National Hockey League
/wiki/Mainframe_computer	mainframe computer
/wiki/Rick_Snyder	Rick Snyder
/wiki/University_of_Georgia	University of Georgia
/wiki/Mike_Duggan	Mike Duggan
/wiki/Michael_Cammalleri	Michael Cammalleri
/wiki/Ann_Arbor,_Michigan	Ann Arbor, Michigan
/wiki/Athletic_nickname	Nickname
/wiki/C.S._Mott_Children%27s_Hospital	C.S. Mott Children's Hospital
/wiki/Stevens_T._Mason	Stevens T. Mason
/wiki/University_of_Houston	Houston
/wiki/Gael_Greene	Gael Greene
/wiki/State_of_Michigan	State of Michigan
/wiki/The_Michigan_Every_Three_Weekly	The Michigan Every Three Weekly
/wiki/Huron_River_(Michigan)	Huron River
/wiki/University_of_Michigan_School_of_Kinesiology	School of Kinesiology
/wiki/University_of_Michigan_Housing	University of Michigan Housing
/wiki/University_of_Michigan_School_of_Art_%26_Design	School of Art & Design
/wiki/Michigan_Radio	Michigan Radio
/wiki/Bowl_game	bowl game
/wiki/Western_Michigan_University	Western Michigan
/wiki/Charles_Woodson	Charles Woodson
/wiki/Association_of_American_Universities	Association of American Universities (AAU)
/wiki/University_of_Michigan_College_of_Pharmacy	College of Pharmacy
/wiki/Marygrove_College	Marygrove
/wiki/Kalamazoo_College	Kalamazoo
/wiki/Jessye_Norman	Jessye Norman
/wiki/National_Pan-Hellenic_Council	National Pan-Hellenic Council
/wiki/Satellite_campus	satellite campuses
/wiki/Hash_Bash	Hash Bash
/wiki/University_of_Chile	University of Chile
/wiki/Louis_Elbel	Louis Elbel
/wiki/Madonna_University	Madonna
/wiki/The_Ark_(folk_venue)	The Ark
/wiki/Academic_journal	academic journals
/wiki/Columbia_University	Columbia
/wiki/North_Central_Association_of_Colleges_and_Schools	North Central Association of Colleges and Schools
/wiki/University_of_Washington	University of Washington
/wiki/Olivet_College	Olivet
/wiki/Gogebic_Community_College	Gogebic
/wiki/Hawley_Harvey_Crippen	Harvey Crippen
/wiki/Chip_Davis	Chip Davis
/wiki/JSTOR	JSTOR
/wiki/Seminar	seminar
/wiki/Shakespeare_in_the_Arb	Shakespeare in the Arb
/wiki/Stony_Brook_University	Stony Brook
/wiki/University_of_Texas_at_Austin	University of Texas at Austin
/wiki/Rice_University	Rice
/wiki/Michigan_Journal_of_Environmental_and_Administrative_Law	Michigan Journal of Environmental and Administrative Law
/wiki/Arthur_Miller	Arthur Miller
/wiki/Texas_A%26M_University	Texas A&M
/wiki/University_of_Virginia	Virginia
/wiki/Arizona_State_University	Arizona State
/wiki/Instituto_Superior_de_Engenharia_do_Porto	Instituto Superior de Engenharia do Porto (Portugal)
/wiki/Gargoyle_Humor_Magazine	Gargoyle Humor Magazine
/wiki/Grand_Rapids_Community_College	Grand Rapids
/wiki/Ann_Arbor_Area_Transportation_Authority	Ann Arbor Area Transportation Authority
/wiki/The_Big_Chill_at_the_Big_House	The Big Chill at the Big House
/wiki/University_of_South_Carolina	South Carolina
/wiki/University_of_Michigan_College_of_Literature,_Science,_and_the_Arts	College of Literature, Science and the Arts
/wiki/NCAA_Division_I	NCAA Division I
/wiki/SUNY	SUNY
/wiki/Financial_endowment	financial endowment
/wiki/Foundation_for_International_Medical_Relief_of_Children	Foundation for International Medical Relief of Children
/wiki/Ted_Kaczynski	Ted Kaczynski
/wiki/U.S._citizen	U.S. citizens
/wiki/Ross_School_of_Business	Ross School of Business
/wiki/University_of_Arizona	Arizona
/wiki/Michigan_Union	Michigan Union
/wiki/Frances_E._Allen	Frances E. Allen
/wiki/Federal_Reserve_System	Federal Reserve System
/wiki/University_of_Alabama	Alabama
/wiki/Lake_Superior_State_University	Lake Superior State
/wiki/Wisconsin_Badgers	Badgers
/wiki/Google	Google
/wiki/Michigan_Territory	Michigan Territory
/wiki/Clarence_Darrow	Clarence Darrow
/wiki/Indiana_University	Indiana University
/wiki/Bentley_Historical_Library	Bentley Historical Library
/wiki/Cleary_University	Cleary
/wiki/Charles_Willard_Moore	Charles Moore
/wiki/Rutgers_University	Rutgers
/wiki/Bay_Mills_Community_College	Bay Mills
/wiki/Bo_Schembechler	Bo Schembechler
/wiki/Collegiate_Water_Polo_Association	Collegiate Water Polo Association
/wiki/Georgia_Institute_of_Technology	Georgia Institute of Technology
/wiki/Technical_University_of_Denmark	Technical University of Denmark
/wiki/Michigan_Journal_of_Business	Michigan Journal of Business
/wiki/Peace_Corps	Peace Corps
/wiki/Tom_Brady	Tom Brady
/wiki/St._Clair_County_Community_College	St. Clair County
/wiki/Michigan_Telecommunications_and_Technology_Law_Review	Michigan Telecommunications and Technology Law Review
/wiki/University_of_Connecticut	University of Connecticut
/wiki/University_of_Florida	University of Florida
/wiki/Community_service	community service
/wiki/United_States_Marine_Band	United States Marine Band
/wiki/Finlandia_University	Finlandia
/wiki/Michigan_Wolverines_field_hockey	Field hockey
/wiki/University_of_Oregon	Oregon
/wiki/PT_boat	PT boats
/wiki/University_of_Santiago,_Chile	University of Santiago, Chile
/wiki/Public_university	Public
/wiki/Fritz_Crisler	Fritz Crisler
/wiki/Chalmers_University_of_Technology	Chalmers University of Technology
/wiki/Link%C3%B6ping_University	Linköping University
/wiki/Michael_Stonebraker	Michael Stonebraker
/wiki/Miami_University	Miami University
/wiki/Helsinki_Metropolia_University_of_Applied_Sciences	Helsinki Metropolia University of Applied Sciences
/wiki/Crisler_Center	Crisler Center
/wiki/Chris_Summers_(ice_hockey)	Chris Summers
/wiki/University_of_Kansas	Kansas
/wiki/Florida_State_University	Florida State
/wiki/Ann_Arbor,_Michigan	Ann Arbor
/wiki/Harvard_University	Harvard
/wiki/University_of_Iowa	University of Iowa
/wiki/Michigan_State_Spartans	Spartans
/wiki/Ume%C3%A5_Institute_of_Technology	Umeå Institute of Technology
/wiki/Jose_Celso_Barbosa	Jose Celso Barbosa
/wiki/Bay_de_Noc_Community_College	Bay de Noc
/wiki/President_of_the_University_of_Michigan	President of the University of Michigan
/wiki/First_professional_degree	first professional
/wiki/Michigan_Wolverines_women%27s_volleyball	women's volleyball
/wiki/Willis_Hawkins	Willis Hawkins
/wiki/Division_I_(NCAA)	Division I
/wiki/Queen%27s_University	Queen's University
/wiki/Tom_Doak	Tom Doak
/wiki/Northern_Michigan	Northern Lower Peninsula of Michigan
/wiki/The_Michigan_Daily	The Michigan Daily
/wiki/Kuyper_College	Kuyper
/wiki/Daniel_Okrent	Daniel Okrent
/wiki/Ferris_State_University	Ferris State
/wiki/Michigan_Terminal_System	Michigan Terminal System
/wiki/John_Schroeder_(golfer)	John Schroeder
/wiki/Siena_Heights_University	Siena Heights
/wiki/Hail_to_the_Chief	Hail to the Chief
/wiki/University_of_Manchester	Manchester
/wiki/Architecture	architecture
/wiki/California_State_University	California State University
/wiki/Augusta_National_Golf_Club	Augusta National Golf Club
/wiki/ICESI_University	ICESI University
/wiki/Non-linear_editing_system	video editing
/wiki/Brad_Meltzer	Brad Meltzer
/wiki/Johns_Hopkins_University	Johns Hopkins
/wiki/Rochester_College	Rochester
/wiki/University_of_Colorado_at_Boulder	University of Colorado at Boulder
/wiki/Professional_school	professional schools
/wiki/Glee_(TV_series)	Glee
/wiki/University_of_Nebraska-Lincoln	University of Nebraska-Lincoln
/wiki/National_Science_Foundation_Network	National Science Foundation Network
/wiki/Queensland_University_of_Technology	Queensland University of Technology
/wiki/Polytechnic_University_of_Catalonia	Universitat Politècnica de Catalunya (Spain)
/wiki/Purdue_Boilermakers	Boilermakers
/wiki/The_Victors	The Victors
/wiki/Intramural_sports	Intramural sports
/wiki/University_of_Iowa	Iowa
/wiki/Freeform_(radio_format)	freeform format
/wiki/The_Yellow_and_Blue	The Yellow and Blue
/wiki/Clonlara_School	Clonlara School
/wiki/Nuclear_power	nuclear energy
/wiki/Relay_for_Life	Relay For Life
/wiki/Macomb_Community_College	Macomb
/wiki/North_Central_Michigan_College	North Central Michigan
/wiki/Gavin_Creel	Gavin Creel
/wiki/University_of_California,_Los_Angeles	Los Angeles
/wiki/Michigan_Technological_University	Michigan Tech
/wiki/Board_of_Regents_of_the_University_of_Michigan	Board of Regents of the University of Michigan
/wiki/Joe_Dassin	Joe Dassin
/wiki/Rhodes_Scholarship	Rhodes Scholars
/wiki/University_of_Michigan_School_of_Natural_Resources_and_Environment	School of Natural Resources and Environment
/wiki/Henry_Ford_Community_College	Henry Ford
/wiki/Infrastructure	infrastructure
/wiki/University_of_Florida	Florida
/wiki/World_Solar_Challenge	World Solar Challenge
/wiki/Governor_of_Michigan	governor of Michigan
/wiki/Tom_Hayden	Tom Hayden
/wiki/Saint_Mary%27s_College_(Michigan)	Saint Mary's
/wiki/Jonathan_Chait	Jonathan Chait
/wiki/Marty_Turco	Marty Turco
/wiki/The_Diag	The Diag
/wiki/University_of_Michigan_School_of_Natural_Resources_and_Environment	School of Natural Resources & Environment
/wiki/University_of_Michigan_School_of_Music	School of Music, Theatre & Dance
/wiki/University_of_Wisconsin%E2%80%93Madison	University of Wisconsin
/wiki/Division_I-A	Division I-A
/wiki/Master%27s_degree	master's degrees
/wiki/Michigan_Marching_Band	Michigan Marching Band
/wiki/Alireza_Jafarzadeh	Alireza Jafarzadeh
/wiki/Mid_Michigan_Community_College	Mid Michigan
/wiki/Michael_Dunn_(actor)	Michael Dunn (actor)
/wiki/Northern_Michigan_University	Northern Michigan
/wiki/Radar_jamming	radar jamming
/wiki/Beijing_Jiaotong_University	Beijing Jiaotong University
/wiki/Ivy_League	Ivy League
/wiki/Pennsylvania_State_University	Penn State
/wiki/University_of_Sydney	University of Sydney
/wiki/Ferry_Field	Ferry Field
/wiki/Donald_Kohn	Donald Kohn
/wiki/Barry_Larkin	Barry Larkin
/wiki/2008_Summer_Olympic_Games	2008 Summer Olympic Games
/wiki/Indiana_Hoosiers	Hoosiers
/wiki/Raoul_Wallenberg	Raoul Wallenberg
/wiki/Law_journal	law journals
/wiki/Bill_Ayers	Bill Ayers
/wiki/University_of_New_Mexico	New Mexico
/wiki/Boston_University	Boston U
/wiki/National_Association_of_Collegiate_Directors_of_Athletics	National Association of Collegiate Directors of Athletics
/wiki/University_of_Michigan_School_of_Public_Health	School of Public Health
/wiki/Horace_H._Rackham_School_of_Graduate_Studies	Horace H. Rackham School of Graduate Studies
/wiki/Virtual_reality	virtual reality
/wiki/University_of_Chicago	Chicago
/wiki/Georgia_Institute_of_Technology	Georgia Tech
/wiki/University_of_Michigan_School_of_Education	School of Education
/wiki/Michigan_Stadium	Michigan Stadium
/wiki/University_of_Michigan_College_of_Pharmacy	School of Pharmacy
/wiki/Johns_Hopkins_Blue_Jays_men%27s_lacrosse	Blue Jays
/wiki/University_of_Illinois_at_Urbana-Champaign	University of Illinois at Urbana-Champaign
/wiki/University_of_California	California
/wiki/Augusta,_Georgia	Augusta, Georgia
/wiki/Michigan_Wolverines_men%27s_gymnastics	men's gymnastics
/wiki/Glen_Oaks_Community_College	Glen Oaks
/wiki/Taubman_College_of_Architecture_and_Urban_Planning	Taubman College of Architecture and Urban Planning
/wiki/University_of_Michigan_Journal_of_Law_Reform	University of Michigan Journal of Law Reform
/wiki/International_student	International student
/wiki/Apollo_15	Apollo 15
/wiki/Waseda_University	Waseda
/wiki/Chisholm_Institute	Chisholm Institute
/wiki/Maize_Rage	Maize Rage
/wiki/Princeton_University	Princeton
/wiki/Ray_Fisher_Stadium	Ray Fisher Stadium
/wiki/Skyline_High_School_(Michigan)	Skyline High School
/wiki/Skunk_Works	Skunk Works
/wiki/John_Monteith_(minister)	Rev. John Monteith
/wiki/Heisman_Trophy	Heisman Trophy
/wiki/Great_Society	Great Society
/wiki/Association_of_American_Universities	Association of American Universities
/wiki/Spring_Arbor_University	Spring Arbor
/wiki/Kalamazoo_Valley_Community_College	Kalamazoo Valley
/wiki/Sindecuse_Museum_of_Dentistry	Sindecuse Museum of Dentistry
/wiki/Davenport_University	Davenport
/wiki/Monroe_Street_Journal	Monroe Street Journal
/wiki/Lyndon_B._Johnson	Lyndon B. Johnson
/wiki/Big_Ten_Athlete_of_the_Year	Athlete of the Year
/wiki/Susan_Orlean	Susan Orlean
/wiki/Undergraduate_education	Undergraduates
/wiki/Michigan_Wolverines_women%27s_lacrosse	Women's lacrosse
/wiki/School_colors	Colors
/wiki/Rose_Bowl_Game	Rose Bowl
/wiki/Michigan_Channel	Michigan Channel
/wiki/Nick_Faldo	Nick Faldo
/wiki/Wayne_County_Community_College_District	Wayne County
/wiki/Big_Ten_Conference	Big Ten
/wiki/Justin_Amash	Justin Amash
/wiki/Purdue_University	Purdue University
/wiki/Massachusetts_Institute_of_Technology	Massachusetts Institute of Technology
/wiki/Northern_Illinois_University	Northern Illinois
/wiki/Teach-in	teach-in
/wiki/Space_Race	Space Race
/wiki/Research_university	research university
/wiki/Penny_W._Stamps_School_of_Art_%26_Design	Penny W. Stamps School of Art & Design
/wiki/William_Tyndale_College	William Tyndale
/wiki/College_of_William_%26_Mary	College of William & Mary
/wiki/University_of_Michigan_Library	University Library
/wiki/Hope_College	Hope
/wiki/Horace_H._Rackham_School_of_Graduate_Studies	Rackham School of Graduate Studies
/wiki/Community_High_School_(Ann_Arbor,_Michigan)	Community High School
/wiki/Minnesota_Golden_Gophers	Golden Gophers
/wiki/Encyclop%C3%A6dia_Britannica	Encyclopædia Britannica
/wiki/TAMID_Israel_Investment_Group	TAMID Israel Investment Group
/wiki/University_of_Michigan_College_of_Literature,_Science,_and_the_Arts	College of Literature, Science, and the Arts
/wiki/Taubman_College_of_Architecture_and_Urban_Planning	A. Alfred Taubman College of Architecture & Urban Planning
/wiki/Clarence_%22Kelly%22_Johnson	Clarence "Kelly" Johnson
/wiki/Muskegon_Community_College	Muskegon
/wiki/University_of_Delaware	University of Delaware
/wiki/University_president	President
/wiki/Catholic_University_of_the_Most_Holy_Conception	Catholic University of the Most Holy Conception
/wiki/Mark_Schlissel	Mark Schlissel
/wiki/University_of_Calgary	University of Calgary
/wiki/Queen%27s_University_Belfast	Queen's University Belfast
/wiki/Alma_College	Alma
/wiki/Purdue_University	Purdue
/wiki/Mannheim_Steamroller	Mannheim Steamroller
/wiki/John_F._Kennedy	John F. Kennedy
/wiki/David_L._Mills	Mills, David
/wiki/Rockefeller_University	Rockefeller
/wiki/Eero_Saarinen	Eero Saarinen
/wiki/Universities_Research_Association	Universities Research Association
/wiki/Duke_University	Duke University
/wiki/Grace_Bible_College	Grace Bible
/wiki/Public_Ivy	Public Ivy universities
/wiki/Forman_Brown	Forman Brown
/wiki/Duke_University	Duke
/wiki/Singapore_Polytechnic	Singapore Polytechnic
/wiki/University_of_Michigan_Pops_Orchestra	University of Michigan Pops Orchestra
/wiki/A_Very_Potter_Musical	A Very Potter Musical
/wiki/Washington_University_in_St._Louis	Washington University
/wiki/Information_theory	information theory
/wiki/Committee_on_Institutional_Cooperation	Committee on Institutional Cooperation
/wiki/Gerald_Ford	Gerald Ford
/wiki/Harvard_Law_School	Harvard Law School
/wiki/IBM_System/360_Model_67	IBM's Model 360/67
/wiki/Celia_Keenan-Bolger	Celia Keenan-Bolger
/wiki/Technology_transfer	technology transfer
/wiki/Ben_Carson	Ben Carson
/wiki/University_of_Michigan_Health_System	University of Michigan Health System
/wiki/Michigan_State_University	Michigan State
/wiki/Michigan_Theater_(Ann_Arbor)	Michigan Theater
/wiki/White_House_Task_Force_to_Protect_Students_from_Sexual_Assault	White House Task Force to Protect Students from Sexual Assault
/wiki/Jack_Johnson_(ice_hockey)	Jack Johnson
/wiki/Michigan%27s_3rd_congressional_district	Michigan's Third Congressional District
/wiki/Lawrence_Kasdan	Lawrence Kasdan
/wiki/Hochschule_Wismar	Hochschule Wismar (Germany)
/wiki/Hopwood_Award	Hopwood Award
/wiki/Phi_Beta_Kappa	Phi Beta Kappa
/wiki/University_of_Illinois_at_Urbana%E2%80%93Champaign	University of Illinois at Urbana–Champaign
/wiki/Andrew_Keenan-Bolger	Andrew Keenan-Bolger
/wiki/First_professional_degree	Professional degrees
/wiki/Michigan_Ultras	Michigan Ultras
/wiki/Ann_Arbor_Public_Schools	Ann Arbor Public Schools
/wiki/Government	government
/wiki/Peter_Economy	Peter Economy
/wiki/Barack_Obama	Barack Obama
/wiki/University_of_Missouri	Missouri
/wiki/Sven_Birkerts	Sven Birkerts
/wiki/Tsinghua_University	Tsinghua University
/wiki/Gastroscope	gastroscope
/wiki/University_of_Michigan_School_of_Information	School of Information
/wiki/University_of_Michigan_Herbarium	University of Michigan Herbarium
/wiki/University_of_Michigan_Institute_for_Social_Research	Institute for Social Research
/wiki/Doctorate	academic doctorates
/wiki/Provost_(education)	Provost
/wiki/Rutgers_Scarlet_Knights	Scarlet Knights
/wiki/Puerto_Rico	Puerto Rican
/wiki/Penn_State_Nittany_Lions	Nittany Lions
/wiki/University_of_Michigan_Consumer_Sentiment_Index	University of Michigan Consumer Sentiment Index
/wiki/National_Election_Studies	National Election Studies
/wiki/George_Sisler	George Sisler
/wiki/Major_League_Baseball	Major League Baseball
/wiki/Pittsfield_Township,_Michigan	Pittsfield Township
/wiki/Rudolf_Steiner_School_of_Ann_Arbor	Rudolf Steiner School of Ann Arbor
/wiki/David_Alan_Grier	David Alan Grier
/wiki/Gilda_Radner	Gilda Radner
/wiki/University_of_Pittsburgh	Pittsburgh
/wiki/Stanford_University	Stanford
/wiki/Ann_Arbor_Art_Fairs	Ann Arbor Art Fairs
/wiki/Moon	moon
/wiki/Michigan_Wolverines_football	Michigan football
/wiki/University_of_Maryland	University of Maryland
/wiki/Pontifical_Xavierian_University	Pontifical Xavierian University
/wiki/European_American	European American
/wiki/Science_Applications_International_Corporation	Science Applications International Corporation
/wiki/Collier%27s_Encyclopedia	Collier's New Encyclopedia
/wiki/Case_Western_Reserve_University	Case Western Reserve
/wiki/Vaughn_R._Walker	Vaughn R. Walker
/wiki/University_of_Wisconsin%E2%80%93Madison	University of Wisconsin–Madison
/wiki/Washtenaw_Community_College	Washtenaw
/wiki/Tuition	tuition
/wiki/Flagship_university	Flagship
/wiki/Max_Kade	Max Kade German Program
/wiki/William_L._Clements_Library	William L. Clements Library
/wiki/Brendan_Morrison	Brendan Morrison
/wiki/California_Proposition_8_(2008)	California Proposition 8
/wiki/Southwestern_Michigan_College	Southwestern Michigan
/wiki/High_school	high school
/wiki/Michigan%E2%80%93Ohio_State_football_rivalry	Michigan–Ohio State football rivalry
/wiki/Michael_Phelps	Michael Phelps
/wiki/United_States_Naval_Academy	United States Naval Academy
/wiki/Virginia_Tech	Virginia Tech
/wiki/Washington_Monthly	Washington Monthly
/wiki/Shantou_University	Shantou University
/wiki/Andrew_Lippa	Andrew Lippa
/wiki/Max_Pacioretty	Max Pacioretty
/wiki/Brett_Ellen_Block	Brett Ellen Block
/wiki/Jonas_Salk	Jonas Salk
/wiki/The_Detroit_Partnership	The Detroit Partnership
/wiki/ACT_(examination)	ACT
/wiki/Zoology	zoology
/wiki/Ann_Arbor_(Amtrak_station)	Ann Arbor Amtrak station
/wiki/Concordia_University_(Michigan)	Concordia University
/wiki/University_of_Colorado	University of Colorado
/wiki/Michigan%E2%80%93Michigan_State_basketball_rivalry	Michigan–Michigan State basketball rivalry
/wiki/Theodore_Roethke	Theodore Roethke
/wiki/Embry%E2%80%93Riddle_Aeronautical_University	Embry–Riddle Aeronautical University
/wiki/University_of_California	University of California
/wiki/Ann_Arbor_Film_Festival	Ann Arbor Film Festival
/wiki/Michigan_Wolverines_women%27s_gymnastics	Women's gymnastics
/wiki/Habitat_for_Humanity	Habitat for Humanity
/wiki/University_of_Michigan_Museum_of_Art	University of Michigan Museum of Art
/wiki/History_of_the_University_of_Michigan	History of the University of Michigan
/wiki/Public_Ivies	Public Ivies
/wiki/Detroit	Detroit
/wiki/Richard_Moll_(author)	Richard Moll
/wiki/Illinois_Fighting_Illini	Fighting Illini
/wiki/Lake_Michigan_College	Lake Michigan
/wiki/University_of_Virginia	University of Virginia
/wiki/Likert_scale	Likert scale
/wiki/African_American	African American
/wiki/Maryland_Terrapins	Terrapins
/wiki/Computer_lab	computer labs
/wiki/University_of_Michigan_School_of_Dentistry	School of Dentistry
/wiki/Operating_system	operating system
/wiki/MCI_Communications	MCI
/wiki/Permanent_residence_(United_States)	permanent residents
/wiki/New_College_of_Florida	New College of Florida
/wiki/Schoolcraft_College	Schoolcraft
/wiki/Hatcher_Graduate_Library	Harlan Hatcher Graduate Library
/wiki/U.S._state	U.S. states
/wiki/Alma_mater	alma mater
/wiki/Frank_Murphy	Frank Murphy
/wiki/University_of_Michigan_Press	University of Michigan Press
/wiki/Northwest_Territory	Northwest Territory
/wiki/George_W._Bush	George W. Bush
/wiki/WUOM	WUOM
/wiki/Board_of_Regents_of_the_University_of_Michigan	Board of Regents
/wiki/Masters_Tournament	Masters Tournament
/wiki/University_of_Arizona	University of Arizona
/wiki/University_of_Toronto	Toronto
/wiki/Michigan_Wolverines_men%27s_basketball	men's basketball
/wiki/Cold_War	Cold War
/wiki/Fraternities_and_sororities	Fraternities and sororities
/wiki/Carl_Hagelin	Carl Hagelin
/wiki/Michigan_Law_Review	Michigan Law Review
/wiki/Hogeschool_Gent	Hogeschool Gent (Belgium)
/wiki/University_Research_Corridor	University Research Corridor
/wiki/Engineering	engineering
/wiki/First_Year_Experience	First Year Experience
/wiki/Mike_Wallace	Mike Wallace
/wiki/University_of_North_Carolina_at_Chapel_Hill	University of North Carolina at Chapel Hill
/wiki/Circle_K_International	Circle K
/wiki/Asian_American	Asian American
/wiki/Lucy_Liu	Lucy Liu
/wiki/Undergraduate_education	undergraduate students
/wiki/WFUM	WFUM
/wiki/Virtual_memory	virtual memory
/wiki/Royal_Institute_of_Technology	Royal Institute of Technology
/wiki/Andrews_University	Andrews
/wiki/Ohio_State_University	Ohio State
/wiki/University_of_Washington	University of Washington at Seattle
/wiki/Cornerstone_University	Cornerstone
/wiki/Aquinas_College_(Michigan)	Aquinas
/wiki/University_of_Manitoba	University of Manitoba
/wiki/University_of_Chicago	University of Chicago
/wiki/Weather_Underground	Weather Underground
/wiki/American_National_Election_Studies	American National Election Studies
/wiki/Civil_rights	civil rights
/wiki/Hillsdale_College	Hillsdale
/wiki/College_radio	college radio
/wiki/Lawrence_Technological_University	Lawrence Tech
/wiki/Texas_Tech_University	Texas Tech
/wiki/World_War_II	World War II
/wiki/University_of_Michigan_Law_School	Law School
/wiki/Ann_Arbor_Hands-On_Museum	Ann Arbor Hands-On Museum
/wiki/University_of_Michigan_Friars	University of Michigan Friars
/wiki/WVGR	WVGR
/wiki/CDIO	CDIO Initiative
/wiki/Private_university	Private
/wiki/University_of_Michigan_School_of_Social_Work	School of Social Work
/wiki/Frank_Ticheli	Frank Ticheli
/wiki/Jefferson_Davis	Jefferson Davis
/wiki/International_student	international students
/wiki/Oakland_University	Oakland
/wiki/West_Shore_Community_College	West Shore
/wiki/Grand_Valley_State_University	Grand Valley State
