/wiki/List_of_companies_of_Canada	List of companies of Canada
/wiki/Canada	Canada
/wiki/Mobilicity	Mobilicity
/wiki/Canada_Wide_Media	Canada Wide Media
/wiki/Saint_Lawrence_Lowlands	Saint Lawrence Lowlands
/wiki/Supreme_Court_of_Canada	Supreme Court
/wiki/Atmosphere_Visual_Effects	Atmosphere Visual Effects
/wiki/Hudson_Boatworks	Hudson Boatworks
/wiki/Brookfield_Asset_Management	Brookfield Asset Management
/wiki/Maple_Leaf_Foods	Maple Leaf Foods
/wiki/Onex_Corporation	Onex Corporation
/wiki/New_Brunswick	New Brunswick
/wiki/Synaptop	Synaptop
/wiki/Ossian_Studios	Ossian Studios
/wiki/Digital_Extremes	Digital Extremes
/wiki/Tourism_in_Canada	Tourism
/wiki/Pharmasave	Pharmasave
/wiki/4refuel	4refuel
/wiki/L%E2%80%99Oie_de_Cravan	L’Oie de Cravan
/wiki/Sun-Rype	Sun-Rype
/wiki/Hart_Stores	Hart Stores
/wiki/Colt_Canada	Colt Canada
/wiki/New_France	New France (1534–1763)
/wiki/Maple_Leaf_Sports_%26_Entertainment	Maple Leaf Sports & Entertainment
/wiki/Nationalisms_in_Canada	Nationalisms
/wiki/Mercedes-Benz	Mercedes-Benz Canada
/wiki/George_Weston_Limited	George Weston Limited
/wiki/Provinces_and_territories_of_Canada	Provinces
and territories
/wiki/Four_Seasons_Hotel	Four Seasons Hotel
/wiki/SaskTel	SaskTel
/wiki/List_of_Canadian_provincial_and_territorial_symbols	Provincial and territorial
/wiki/Company	companies
/wiki/DaimlerChrysler_Canada	DaimlerChrysler Canada
/wiki/Shell_Canada	Shell Canada
/wiki/Population_of_Canada	Population
/wiki/Canadian_cuisine	Cuisine
/wiki/Bibliography_of_Canada	Bibliography
/wiki/Canadian_Western_Bank	Canadian Western Bank
/wiki/1-800-GOT-JUNK%3F	1-800-GOT-JUNK?
/wiki/Potash_Corporation_of_Saskatchewan	Potash Corporation of Saskatchewan
/wiki/Protecode	Protecode
/wiki/Continental_Newspapers	Continental Newspapers
/wiki/Sirius_XM_Canada	Sirius XM Canada
/wiki/Husky_Energy	Husky Energy
/wiki/IMAX_Corporation	IMAX Corporation
/wiki/First_West_Credit_Union	First West Credit Union
/wiki/Arctic_Cordillera	Arctic Cordillera
/wiki/Hudson%27s_Bay_Company	Hudson's Bay Company
/wiki/Omineca_Cablevision	Omineca Cablevision
/wiki/Cineplex_Entertainment	Cineplex Entertainment
/wiki/SaskPower	SaskPower
/wiki/Manulife_Financial	Manulife Financial
/wiki/Algonquin_Power	Algonquin Power
/wiki/Cordiant_Capital_Inc.	Cordiant Capital Inc.
/wiki/Dynasty_EV	Dynasty EV
/wiki/Persona_Communications	Persona Communications
/wiki/GuestLogix	GuestLogix
/wiki/Central_Heat_Distribution	Central Heat Distribution
/wiki/Fairmont_Hotels_and_Resorts	Fairmont Hotels and Resorts
/wiki/Bombardier_Recreational_Products	Bombardier Recreational Products
/wiki/Concentra_Financial	Concentra Financial
/wiki/Scotiabank	Scotiabank
/wiki/Electronics_manufacturing_services	electronics manufacturing services
/wiki/Provinces_and_territories_of_Canada	province or territory
/wiki/Pacific_Northwest	Pacific Northwest
/wiki/Commodore_Books	Commodore Books
/wiki/CGI_Group	CGI Group
/wiki/Irving_Oil	Irving Oil
/wiki/Vid%C3%A9otron	Vidéotron
/wiki/Sepro_Mineral_Systems	Sepro Mineral Systems
/wiki/Celestica	Celestica
/wiki/Fort_Garry_Brewery	Fort Garry Brewery
/wiki/Pacific_%26_Western_Bank_of_Canada	Pacific & Western Bank of Canada
/wiki/Telus	Telus
/wiki/Hatch_Ltd	Hatch Ltd
/wiki/Sears_Canada	Sears Canada
/wiki/Club_Monaco	Club Monaco
/wiki/Saputo_Incorporated	Saputo
/wiki/Constitution_of_Canada	Constitution
/wiki/Appnovation	Appnovation
/wiki/Winpak_Ltd.	Winpak Ltd.
/wiki/List_of_companies_of_Costa_Rica	Costa Rica
/wiki/Languages_of_Canada	Languages
/wiki/Fairchild_TV	Fairchild TV
/wiki/Book:Canada	Book
/wiki/Alberta	Alberta
/wiki/Bennett_Environmental	Bennett Environmental
/wiki/Canadian_heraldry	Heraldry
/wiki/Atimi_Software_Inc	Atimi Software Inc
/wiki/Investors_Group	Investors Group
/wiki/Intelligent_Creatures	Intelligent Creatures
/wiki/Addition_Elle	Addition Elle
/wiki/Northern_Canada	Northern Canada
/wiki/Giant_Tiger	Giant Tiger
/wiki/Joker%27s_Closet	Joker's Closet
/wiki/Enwave	Enwave
/wiki/MacDonald_Dettwiler	MacDonald Dettwiler
/wiki/Waterloo_Maple	Waterloo Maple Inc.
/wiki/Canadian_Broadcasting_Corporation	Canadian Broadcasting Corporation
/wiki/Cara_Operations	Cara Operations
/wiki/Arc%27teryx	Arc'teryx
/wiki/Appalachian_Mountains	Appalachian Mountains
/wiki/Banking_in_Canada	Banking
/wiki/Finning	Finning
/wiki/Kruger_Inc.	Kruger Inc.
/wiki/Conexus_Credit_Union	Conexus Credit Union
/wiki/Lions_Gate_Entertainment	Lions Gate Entertainment
/wiki/Law_enforcement_in_Canada	Law enforcement
/wiki/Donner_Metals	Donner Metals
/wiki/Pan_American_Silver_Corporation	Pan American Silver Corporation
/wiki/Toronto_Stock_Exchange	Toronto Stock Exchange
/wiki/Royal_Bank_of_Canada	Royal Bank of Canada
/wiki/Clair_de_Lune	Clair de Lune
/wiki/Information_Services_Corporation_of_Saskatchewan	Information Services Corporation of Saskatchewan
/wiki/ImmersiVision	ImmersiVision
/wiki/Enbridge	Enbridge
/wiki/National_Parks_of_Canada	National Parks
/wiki/Bridgewater_Bank	Bridgewater Bank
/wiki/Hathor_Exploration	Hathor Exploration
/wiki/Honda_Canada_Inc.	Honda Canada
/wiki/Fluid_Music	Fluid Music
/wiki/Prairie_Plant_Systems	Prairie Plant Systems
/wiki/WestJet	WestJet
/wiki/Canadian_Bank_Note_Company	Canadian Bank Note Company
/wiki/General_Motors_Canada	General Motors Canada
/wiki/Nelvana	Nelvana
/wiki/CAE_(company)	CAE
/wiki/Kootenay_Direct_Airlines	Kootenay Direct Airlines
/wiki/Sisu_production	sisu production
/wiki/Parliament_of_Canada	Parliament
/wiki/Z8Games	Z8Games
/wiki/Disney_Online_Studios_Canada	Disney Online Studios Canada
/wiki/List_of_Canadian_telephone_companies	List of Canadian telephone companies
/wiki/Boston_Pizza	Boston Pizza
/wiki/NorandaFalconbridge	NorandaFalconbridge
/wiki/List_of_companies_of_Trinidad_and_Tobago	Trinidad and Tobago
/wiki/Dare_Foods	Dare Foods
/wiki/Poverty_in_Canada	Poverty
/wiki/Gabriel_Kney	Gabriel Kney
/wiki/Walmart_Canada	Walmart Canada
/wiki/Quester_Tangent_Corporation	Quester Tangent Corporation
/wiki/North_West_Company	North West Company
/wiki/Toronto-Dominion_Bank	Toronto-Dominion Bank
/wiki/Via_Rail	Via Rail
/wiki/Bard_Ventures_Company	Bard Ventures Company
/wiki/Second_Cup	Second Cup
/wiki/Science_and_technology_in_Canada	Science and technology
/wiki/Emera	Emera
/wiki/Save-on-Foods	Save-on-Foods
/wiki/Cognos	Cognos
/wiki/Innovation_Place_Research_Park	Innovation Place Research Park
/wiki/Ford_Motor_Company_of_Canada,_Limited	Ford Motor Company of Canada, Limited
/wiki/International_Road_Dynamics	International Road Dynamics
/wiki/Talisman_Energy	Talisman Energy
/wiki/BC_Research_Inc	BC Research Inc
/wiki/Nintendo	Nintendo of Canada
/wiki/Livingston_International	Livingston International
/wiki/Target_Canada	Target Canada
/wiki/Manitoba	Manitoba
/wiki/Yukon	Yukon
/wiki/Red_Back_Mining	Red Back Mining
/wiki/The_Maritimes	Maritimes
/wiki/AbitibiBowater	AbitibiBowater
/wiki/Wardrop_Engineering_Inc.	Wardrop Engineering Inc.
/wiki/Ontario	Ontario
/wiki/London_Drugs	London Drugs
/wiki/United_Furniture_Warehouse	United Furniture Warehouse
/wiki/Metal_Supermarkets	Metal Supermarkets
/wiki/Nexen	Nexen
/wiki/Canadian_Prairies	Prairies
/wiki/Mary_Brown%27s	Mary Brown's
/wiki/Shaftebury_Brewing_Company	Shaftebury Brewing Company
/wiki/Island_Timberlands	Island Timberlands
/wiki/Cirque_du_Soleil	Cirque du Soleil
/wiki/Saskatchewan_Government_Insurance	Saskatchewan Government Insurance
/wiki/Flying_Wedge_Pizza	Flying Wedge Pizza
/wiki/CoolDrivePass	CoolDrivePass
/wiki/Arsenal_Pulp_Press	Arsenal Pulp Press
/wiki/Pascan_Aviation	Pascan Aviation
/wiki/British_Columbia	British Columbia
/wiki/Mozilla_Messaging	Mozilla Messaging
/wiki/Blenz_Coffee	Blenz Coffee
/wiki/Maxim_Power	Maxim Power
/wiki/The_Brick	The Brick
/wiki/Becancour_Silicon	Becancour Silicon
/wiki/Parmalat_Canada	Parmalat Canada
/wiki/Casavant_Fr%C3%A8res	Casavant Frères
/wiki/Pratt_%26_Whitney_Canada	Pratt & Whitney Canada
/wiki/Obesity_in_Canada	Obesity
/wiki/Canadian_Steamship_Lines	Canadian Steamship Lines
/wiki/Air_Canada	Air Canada
/wiki/CTV_Television_Network	CTV Television Network
/wiki/Biovail	Biovail
/wiki/Blue_Water_Studios	Blue Water Studios
/wiki/Barrick_Gold	Barrick Gold
/wiki/House_of_Commons_of_Canada	House of Commons
/wiki/New_York_Fries	New York Fries
/wiki/Intrawest	Intrawest
/wiki/Sun_Life_Assurance	Sun Life Assurance
/wiki/Pizza_Nova	Pizza Nova
/wiki/SNC-Lavalin	SNC-Lavalin
/wiki/EA_Black_Box	EA Black Box
/wiki/Agriculture_in_Canada	Agriculture
/wiki/Swiss_Chalet	Swiss Chalet
/wiki/Corus_Entertainment	Corus Entertainment
/wiki/Dynamotive_Energy_Systems	Dynamotive Energy Systems
/wiki/Central_Mountain_Air	Central Mountain Air
/wiki/Forzani_Group	Forzani Group
/wiki/Territorial_evolution_of_Canada	Territorial evolution
/wiki/Hudson_Bay_Mining_and_Smelting_Co._Ltd.	Hudson Bay Mining and Smelting Co. Ltd.
/wiki/Paramount_Resources	Paramount Resources
/wiki/Bulk_Barn	Bulk Barn
/wiki/Novacam_Technologies	Novacam Technologies
/wiki/AVI_Sound_International	AVI Sound International
/wiki/Liquor_Control_Board_of_Ontario	Liquor Control Board of Ontario
/wiki/Affinity_Credit_Union	Affinity Credit Union
/wiki/Nature%27s_Path	Nature's Path
/wiki/Kitco	Kitco
/wiki/Kobo_Inc.	Kobo Inc.
/wiki/Brightlight_Pictures	Brightlight Pictures
/wiki/Buckley%27s	Buckley's
/wiki/Cruiseshipcenters_international	Cruiseshipcenters international
/wiki/Canadian_Tire_Financial_Services	Canadian Tire Financial Services
/wiki/CTC_Bank_of_Canada	CTC Bank of Canada
/wiki/Jim_Pattison_Group	Jim Pattison Group
/wiki/Nunavut	Nunavut
/wiki/LGBT_rights_in_Canada	LGBT rights
/wiki/Nova_Scotia_Power	Nova Scotia Power
/wiki/Governor_General_of_Canada	Governor General
/wiki/Bank_of_Canada	Bank of Canada
/wiki/A_Buck_or_Two	Buck or Two Extreme Retail, Inc.
/wiki/Architecture_of_Canada	Architecture
/wiki/Canadians	Canadians
/wiki/Bre-X	Bre-X
/wiki/New_Flyer_Industries	New Flyer Industries
/wiki/LASIK_MD	LASIK MD
/wiki/CityWest	CityWest
/wiki/Para-Ordnance	Para-Ordnance
/wiki/West_Wind_Aviation	West Wind Aviation
/wiki/Imperial_Oil	Imperial Oil
/wiki/Shoppers_Drug_Mart	Shoppers Drug Mart
/wiki/Sunward_Aerospace_Group_Limited	Sunward Aerospace Group Limited
/wiki/BlackBerry_(company)	BlackBerry
/wiki/Dollarama	Dollarama
/wiki/Coast_Mountains	Coast Mountains
/wiki/Presagis	Presagis
/wiki/Future_Shop	Future Shop
/wiki/Talent_Technology	Talent Technology
/wiki/Motor_Coach_Industries	Motor Coach Industries
/wiki/GoodLife_Fitness	GoodLife Fitness
/wiki/Premium_Brands_Holdings_Corporation	Premium Brands Holdings Corporation
/wiki/Canadian_National_Railway	Canadian National Railway
/wiki/Pronto_Airways	Pronto Airways
/wiki/Ubisoft_Toronto	Ubisoft Toronto
/wiki/Advanced_Cyclotron_Systems	Advanced Cyclotron Systems
/wiki/Flickr	Flickr
/wiki/SydneyPLUS_International	SydneyPLUS International
/wiki/IL_Therapeutics	IL Therapeutics
/wiki/Transportation_in_Canada	Transportation
/wiki/Guardian_Biotechnologies	Guardian Biotechnologies
/wiki/Cangene_Corp.	Cangene Corp.
/wiki/Parrish_%26_Heimbecker	Parrish & Heimbecker
/wiki/Intuit_Canada	Intuit Canada
/wiki/Reimer_Express_Lines_Ltd.	Reimer Express Lines Ltd.
/wiki/Alta_Newspaper_Group	Alta Newspaper Group
/wiki/Dependent_territory	Dependencies
/wiki/Creation_Technologies	Creation Technologies
/wiki/Sandvine	Sandvine
/wiki/Freshslice_Pizza	Freshslice Pizza
/wiki/Canalta_Hotels	Canalta Hotels
/wiki/Kelowna_Flightcraft_Ltd.	Kelowna Flightcraft Ltd.
/wiki/AldrichPears_Associates	AldrichPears Associates
/wiki/Federated_Insurance_Company_of_Canada	Federated Insurance Company of Canada
/wiki/Tolko	Tolko
/wiki/GlobeScan	GlobeScan
/wiki/Ebco_Industries	Ebco Industries
/wiki/History_of_Canada	History
/wiki/Harbour_Publishing	Harbour Publishing
/wiki/Ganz_(toy_company)	Ganz
/wiki/McDonald%27s_Canada	McDonald's Canada
/wiki/Hidden_Valley_Highlands	Hidden Valley Highlands
/wiki/Home_Hardware	Home Hardware
/wiki/List_of_companies_of_Antigua_and_Barbuda	Antigua and Barbuda
/wiki/Magna_International	Magna International
/wiki/Open_Text_Corporation	Open Text Corporation
/wiki/Force_Four_Entertainment	Force Four Entertainment
/wiki/WingTips_Airport_Services	WingTips Airport Services
/wiki/Geosoft	Geosoft
/wiki/Prime_Minister_of_Canada	Prime Minister
/wiki/L%C3%A9ger_Marketing	Léger Marketing
/wiki/Stylus_Sofas	Stylus Sofas
/wiki/Canadian_Light_Source_Synchrotron	Canadian Light Source, Inc.
/wiki/Mr._Sub	Mr. Sub
/wiki/Choices_Market	Choices Market
/wiki/Tamarack_Developments_Corporation	Tamarack Developments Corporation
/wiki/Western_Canada	Western Canada
/wiki/Oland_Brewery	Oland Brewery
/wiki/James_Richardson_%26_Sons,_Limited	James Richardson & Sons, Limited
/wiki/Demographics_of_Canada	Demographics
/wiki/Yara_Belle_Plaine	Yara Belle Plaine
/wiki/List_of_companies_of_Saint_Kitts_and_Nevis	Saint Kitts and Nevis
/wiki/TransCanada_Corp.	TransCanada Corp.
/wiki/Black_Photo_Corporation	Black Photo Corporation
/wiki/The_Embassy_Visual_Effects	The Embassy Visual Effects
/wiki/Engineered_Lifting_Systems_%26_Equipment_Inc	Engineered Lifting Systems & Equipment Inc
/wiki/Central_Canada	Central Canada
/wiki/Haywire_Winery	Haywire Winery
/wiki/The_Great-West_Life_Assurance_Company	The Great-West Life Assurance Company
/wiki/Katz_Group	Katz Group
/wiki/Manitoba_Telecom_Services	Manitoba Telecom Services
/wiki/Cossette_Communication_Group	Cossette Communication Group
/wiki/Sandman_Hotels	Sandman Hotels
/wiki/Nova_Scotia	Nova Scotia
/wiki/St_Hubertus_%26_Oak_Bay_Estate_Winery	St Hubertus & Oak Bay Estate Winery
/wiki/Arcelor	Arcelor
/wiki/Canadian_Salt_Company	Canadian Salt Company
/wiki/Suncor_Energy	Suncor Energy
/wiki/Bell_Canada	Bell Canada
/wiki/Adolescent_sexuality_in_Canada	Adolescent sexuality
/wiki/Hellbent_Games	Hellbent Games
/wiki/Theatre_of_Canada	Theatre
/wiki/Corby_Distilleries	Corby Distilleries
/wiki/Rockstar_Vancouver	Rockstar Vancouver
/wiki/Kelowna_Flightcraft_Air_Charter	Kelowna Flightcraft Air Charter
/wiki/Saskatchewan_Minerals	Saskatchewan Minerals
/wiki/Purolator_Courier	Purolator Courier
/wiki/Petcetera	Petcetera
/wiki/Hitachi_Canadian_Industries	Hitachi Canadian Industries
/wiki/Thomson_Corporation	Thomson Corporation
/wiki/Ingle_International	Ingle International
/wiki/Ben_Moss_Jewellers	Ben Moss Jewellers
/wiki/Religion_in_Canada	Religion
/wiki/Sobeys	Sobeys
/wiki/Deloitte	Deloitte
/wiki/Kinross_Gold	Kinross Gold
/wiki/Tembec	Tembec
/wiki/Le_Chateau	Le Chateau
/wiki/Ontario_Lottery_and_Gaming_Corporation	Ontario Lottery and Gaming Corporation
/wiki/Bullfrog_Power	Bullfrog Power
/wiki/First_Air	First Air
/wiki/The_Globe_and_Mail	The Globe and Mail
/wiki/Country_Style	Country Style
/wiki/Loginradius	Loginradius
/wiki/Atlantic_Canada	Atlantic Canada
/wiki/Ultramar	Ultramar
/wiki/Ubisoft_Montreal	Ubisoft Montreal
/wiki/Calm_Air	Calm Air
/wiki/Prevost_Car	Prevost Car
/wiki/H%C3%A9roux-Devtek	Héroux-Devtek
/wiki/Look_Communications	Look Communications
/wiki/F%26P_Manufacturing_Inc.	F&P Manufacturing Inc.
/wiki/SMART_Technologies	SMART Technologies
/wiki/ZENN	ZENN
/wiki/IGM_Financial_Inc.	IGM Financial Inc.
/wiki/Info-Tech_Research_Group	Info-Tech Research Group
/wiki/Jackson_Grills	Jackson Grills
/wiki/Molson	Molson
/wiki/Boeing_Canada	Boeing Canada
/wiki/Canada_Deposit_Insurance_Corporation	Canada Deposit Insurance Corporation
/wiki/Vice_Media	Vice Media
/wiki/Electrohome	Electrohome
/wiki/Centra_Gas_Manitoba_Inc.	Centra Gas Manitoba Inc.
/wiki/Air_Tindi	Air Tindi
/wiki/Falconbridge_Ltd.	Falconbridge Ltd.
/wiki/Chapters	Chapters
/wiki/Triple_Five_Group	Triple Five Group
/wiki/Dalsa	Dalsa
/wiki/Canucks_Sports_%26_Entertainment	Canucks Sports & Entertainment
/wiki/Foreign_relations_of_Canada	Foreign relations
/wiki/Canada_2011_Census	2011 Census
/wiki/Cellcom_Communications	Cellcom Communications
/wiki/Aritzia	Aritzia
/wiki/Education_in_Canada	Education
/wiki/Daiya	Daiya
/wiki/HSBC_Bank_Canada	HSBC Bank Canada
/wiki/MDS_Inc.	MDS Inc.
/wiki/Sovereign_state	Sovereign states
/wiki/Canadian_Hydro_Developers	Canadian Hydro Developers
/wiki/Glentel	Glentel
/wiki/Bluenotes	Bluenotes
/wiki/Ballard_Power_Systems	Ballard Power Systems
/wiki/Winners	Winners
/wiki/The_Ocean_Group	The Ocean Group
/wiki/Cargill_Ltd.	Cargill Ltd.
/wiki/Canadian_Pacific_Railway_Limited	Canadian Pacific Railway Limited
/wiki/Areva_Resources_Canada	Areva Resources Canada
/wiki/Harlequin_Enterprises_Ltd	Harlequin Enterprises Ltd
/wiki/Investment_Saskatchewan	Investment Saskatchewan
/wiki/Alterra_Power	Alterra Power
/wiki/T_%26_T_Supermarket	T & T Supermarket
/wiki/Saskatchewan	Saskatchewan
/wiki/Petro-Canada	Petro-Canada
/wiki/Matrox	Matrox
/wiki/Air_Canada_Jazz	Jazz Air LP
/wiki/Immersive_Media	Immersive Media
/wiki/Novosbed	Novosbed
/wiki/Outline_of_Canada	Outline
/wiki/Diamond_Energy	Diamond Energy
/wiki/Palliser_Furniture_Ltd.	Palliser Furniture Ltd.
/wiki/The_North_West_Company_Fund	The North West Company Fund
/wiki/Angoss	Angoss Software Corporation
/wiki/Black_Diamond_Cheese_Limited	Black Diamond Cheese Limited
/wiki/KMS_Tools	KMS Tools
/wiki/Cymax_Stores	Cymax Stores
/wiki/Siemen%27s_Transportation_Group	Siemen's Transportation Group
/wiki/Cinema_of_Canada	Cinema
/wiki/Transwest_Air	Transwest Air
/wiki/Power_Corporation_of_Canada	Power Corporation of Canada
/wiki/Bruce_Power	Bruce Power
/wiki/Discovery_Air_Defence_Services	Discovery Air Defence Services
/wiki/Politics_of_Canada	Politics
/wiki/Shopify	Shopify
/wiki/Moosehead_Brewery	Moosehead Brewery
/wiki/Manitoba_Liquor_Control_Commission	Manitoba Liquor Control Commission
/wiki/Luxembourg	Luxembourg
/wiki/Regional_Maple_Leaf_Communications	Regional Maple Leaf Communications
/wiki/Extreme_communities_of_Canada	Extreme communities
/wiki/BBC_Kids	BBC Kids
/wiki/Music_of_Canada	Music
/wiki/Ridley_Inc.	Ridley Inc.
/wiki/Bison_Transport_Inc.	Bison Transport Inc.
/wiki/Brock_Solutions	Brock Solutions
/wiki/Teck_Cominco	Teck Cominco
/wiki/Lululemon	Lululemon
/wiki/Canadian_literature	Literature
/wiki/Big_Blue_Bubble	Big Blue Bubble
/wiki/List_of_companies_of_El_Salvador	El Salvador
/wiki/Book_City_(Canada)	Book City
/wiki/Dynamsoft	Dynamsoft
/wiki/Discovery_Air	Discovery Air
/wiki/Army_%26_Navy_Stores_(Canada)	Army & Navy Stores
/wiki/The_Insurance_Company_of_Prince_Edward_Island	The Insurance Company of Prince Edward Island
/wiki/Tim_Hortons	Tim Hortons
/wiki/Honeywell	Honeywell ASCa Inc.
/wiki/Manitoba_Hydro	Manitoba Hydro
/wiki/Tahera_(mining_company)	Tahera
/wiki/National_Bank_of_Canada	National Bank of Canada
/wiki/Dart_Flipcards_Inc.	Dart Flipcards Inc.
/wiki/Canadian_identity	Identity
/wiki/Harry_Rosen_Inc.	Harry Rosen Inc.
/wiki/FreshBooks	FreshBooks
/wiki/Candente_Copper	Candente Copper
/wiki/Canadian_Rockies	Rocky Mountains
/wiki/Elections_in_Canada	Elections
/wiki/BioWare	BioWare
/wiki/Concord_Pacific_Developments	Concord Pacific Developments
/wiki/Nortel_Networks	Nortel Networks
/wiki/Social_programs_in_Canada	Social programs
/wiki/Goldcorp	Goldcorp
/wiki/Schmalz_Vacuum_Technology_Ltd	Schmalz Vacuum Technology Ltd
/wiki/Torstar	Torstar
/wiki/Yogen_Fr%C3%BCz	Yogen Früz
/wiki/Elastic_Path	Elastic Path
/wiki/Global_Mechanic	Global Mechanic
/wiki/Stanfield%27s	Stanfield's
/wiki/List_of_census_metropolitan_areas_and_agglomerations_in_Canada	Metro areas and agglomerations
/wiki/Smoking_in_Canada	Smoking
/wiki/QNX	QNX
/wiki/Law_of_Canada	Law
/wiki/DreamCatcher_Games	DreamCatcher Games
/wiki/Culture_of_Canada	Culture
/wiki/PMC-Sierra	PMC-Sierra
/wiki/Memotec_Data_Incorporated	Memotec
/wiki/FutureSkills_High_School	FutureSkills High School
/wiki/D-Wave_Systems	D-Wave Systems
/wiki/Stelco	Stelco
/wiki/Indigo_Books_and_Music	Indigo Books and Music
/wiki/McClelland_and_Stewart	McClelland and Stewart
/wiki/CanJet	CanJet
/wiki/ALDO_Group	ALDO Group
/wiki/Pacific_Coastal_Airlines	Pacific Coastal Airlines
/wiki/Fairchild_Group	Fairchild Group
/wiki/Sifto_Canada	Sifto Canada
/wiki/Clearly_Canadian	Clearly Canadian
/wiki/Taxation_in_Canada	Taxation
/wiki/Canada_2006_Census	2006 Census
/wiki/Florimex_Vancouver	Florimex Vancouver
/wiki/Hydro-Qu%C3%A9bec	Hydro-Québec
/wiki/Yamana_Gold_Inc.	Yamana Gold Inc.
/wiki/Buhler_Industries_Inc.	Buhler Industries Inc.
/wiki/Kitchen_Craft_of_Canada_Ltd.	Kitchen Craft of Canada Ltd.
/wiki/Softimage	Softimage
/wiki/Quebec	Quebec
/wiki/Rona_Inc.	Rona Inc.
/wiki/Metro_Inc	Metro Inc
/wiki/Canada_2001_Census	2001 Census
/wiki/Sleeman_Breweries	Sleeman Breweries
/wiki/BrightSide_Technologies	BrightSide Technologies
/wiki/Fortis_Inc.	Fortis Inc.
/wiki/Federated_Co-operatives	Federated Co-operatives
/wiki/Linamar	Linamar
/wiki/Canadian_folklore	Folklore
/wiki/Liquidation_World	Liquidation World
/wiki/Blackburn_Radio	Blackburn Radio
/wiki/First_Nations_Bank_of_Canada	First Nations Bank of Canada
/wiki/Loblaws	Loblaws
/wiki/Lise_Watier	Lise Watier
/wiki/Senate_of_Canada	Senate
/wiki/Maritime_Life	Maritime Life
/wiki/Canadian_dollar	Canadian dollar
/wiki/BigPark	BigPark
/wiki/Brick_Brewing_Company	Brick Brewing Company
/wiki/Vista_Broadcast_Group	Vista Broadcast Group
/wiki/Canadian_Wheat_Board	Canadian Wheat Board
/wiki/Shaw_Communications	Shaw Communications
/wiki/Porter_Airlines	Porter Airlines
/wiki/Precision_Drilling	Precision Drilling
/wiki/Mark%27s_Work_Wearhouse	Mark's Work Wearhouse
/wiki/NCIX	NCIX
/wiki/Crime_in_Canada	Crime
/wiki/Rockstar_Toronto	Rockstar Toronto
/wiki/Packers_Plus_Energy_Services	Packers Plus Energy Services
/wiki/Mitel	Mitel
/wiki/Interchill_Records	Interchill Records
/wiki/National_Historic_Sites_of_Canada	National Historic Sites
/wiki/Syncrude	Syncrude
/wiki/Canadian_Tire	Canadian Tire
/wiki/Manitoba_Public_Insurance_Corporation	Manitoba Public Insurance Corporation
/wiki/Bank_of_Montreal	Bank of Montreal
/wiki/Cactus_Club_Cafe	Cactus Club Cafe
/wiki/Coffee_Time	Coffee Time
/wiki/Cadillac_Fairview	Cadillac Fairview
/wiki/Canadian_royal_symbols	Royal symbols
/wiki/Dollar_Giant	Dollar Giant
/wiki/Talentvision	Talentvision
/wiki/BC_Hydro	BC Hydro
/wiki/Bombardier_Inc.	Bombardier Inc.
/wiki/Laurentian_Bank_of_Canada	Laurentian Bank of Canada
/wiki/Symantec_Corporation	Symantec Corporation
/wiki/TransGas_Limited	TransGas Limited
/wiki/Telesat_Canada	Telesat Canada
/wiki/West_Fraser_Timber	West Fraser Timber
/wiki/La_Maison_Simons	La Maison Simons
/wiki/Roots_Canada	Roots Canada
/wiki/Northwest_Territories	Northwest Territories
/wiki/Canwest	Canwest
/wiki/Churchill_Investments_Group	Churchill Investments Group
/wiki/Rogers_Communications	Rogers Communications
/wiki/Electric_TM4	Electric TM4
/wiki/Cascades_Inc.	Cascades
/wiki/Arms_of_Canada	Coat of arms
/wiki/Leon%27s	Leon's
/wiki/List_of_companies_of_Saint_Lucia	Saint Lucia
/wiki/Western_Oil_Sands	Western Oil Sands
/wiki/Post-Confederation_Canada_(1867%E2%80%931914)	Post-Confederation (1867–1914)
/wiki/Ache_Records	Ache Records
/wiki/Sierra_Wireless	Sierra Wireless
/wiki/Persons_of_National_Historic_Significance	Persons of significance
/wiki/Canpotex	Canpotex
/wiki/Former_colonies_and_territories_in_Canada	Former colonies & territories
/wiki/Great_Lakes	Great Lakes
/wiki/Farmers_of_North_America	Farmers of North America
/wiki/Economy_of_Canada	Economy
/wiki/Cott	Cott
/wiki/Newfoundland_and_Labrador	Newfoundland and Labrador
/wiki/Government_of_Canada	Government
/wiki/Canadian_Shield	Canadian Shield
/wiki/Dairyland_Canada	Dairyland Canada
/wiki/The_Source_(Bell)_Electronics_Inc.	The Source (Bell) Electronics Inc.
/wiki/CHC_Helicopter	CHC Helicopter
/wiki/Bowring_Brothers	Bowring Brothers
/wiki/Advance_Gold	Advance Gold
/wiki/Canadian_online_media	Online media
/wiki/CSA_Group	CSA Group
/wiki/Corel	Corel
/wiki/Lassonde_Industries	Lassonde Industries
/wiki/Tridel	Tridel
/wiki/TD_Waterhouse_Group	TD Waterhouse Group
/wiki/Garage_(store)	Garage
/wiki/Crestline_Coach	Crestline Coach
/wiki/The_Bargain!_Shop	The Bargain! Shop
/wiki/DHX_Media_Vancouver	DHX Media Vancouver
/wiki/Rare_Element_Resources	Rare Element Resources
/wiki/First_Majestic_Silver	First Majestic Silver
/wiki/Conestoga-Rovers_%26_Associates	Conestoga-Rovers & Associates
/wiki/Taseko_Mines_Limited	Taseko Mines Limited
/wiki/Sport_in_Canada	Sport
/wiki/EA_Canada	EA Canada
/wiki/TMX_Group	TMX Group
/wiki/Domtar	Domtar
/wiki/Microcell_Telecommunications	Microcell Telecommunications
/wiki/Kal_Tire	Kal Tire
/wiki/Regional_tartans_of_Canada	Regional tartans
/wiki/Osisko_Mining	Osisko Mining
/wiki/Shore_Tilbe_Irwin_%2B_Partners	Shore Tilbe Irwin + Partners
/wiki/Bleeding_Art_Industries	Bleeding Art Industries
/wiki/NOVA_Chemicals	NOVA Chemicals
/wiki/Columbia_Mountains	Columbia Mountains
/wiki/Immigration_to_Canada	Immigration
/wiki/Blake,_Cassels_%26_Graydon	Blake, Cassels & Graydon
/wiki/Toronto_Stock_Exchange	Stock Exchange
/wiki/Quebecor	Quebecor
/wiki/Pizza_Pizza	Pizza Pizza
/wiki/Multiculturalism_in_Canada	Multiculturalism
/wiki/IDA_(drug_store)	IDA
/wiki/EnCana	EnCana
/wiki/Anheuser-Busch_InBev	Anheuser-Busch InBev
/wiki/Fast_Eddies	Fast Eddies
/wiki/Coteau_Books	Coteau Books
/wiki/Inter_Pipeline_Fund	Inter Pipeline Fund
/wiki/Prince_Edward_Island	Prince Edward Island
/wiki/General_Dynamics	General Dynamics Canada
/wiki/List_of_companies_of_Puerto_Rico	Puerto Rico
/wiki/Great_Western_Brewing_Company	Great Western Brewing Company
/wiki/Brunet_(pharmacy)	Brunet
/wiki/List_of_mutual_fund_companies_in_Canada	List of mutual fund companies in Canada
/wiki/The_Wawanesa_Mutual_Insurance_Co.	The Wawanesa Mutual Insurance Co.
/wiki/Canadian_Oil_Sands_Trust	Canadian Oil Sands Trust
/wiki/Wind_Mobile	Wind Mobile
/wiki/Manitoba_Lotteries_Corp.	Manitoba Lotteries Corp.
/wiki/List_of_Canadian_electric_utilities	List of Canadian electric utilities
/wiki/Dofasco	Dofasco
/wiki/Zag_Bank	Zag Bank
/wiki/Coachman_Insurance_Company	Coachman Insurance Company
/wiki/Scott_Paper_Limited	Scott Paper Limited
/wiki/Comm100	Comm100
/wiki/Montana%27s_Cookhouse	Montana's Cookhouse
/wiki/ATI_technologies	ATI technologies
/wiki/Cameco	Cameco
/wiki/Health_care_in_Canada	Health care
/wiki/Koingo_Software	Koingo Software
/wiki/Capcom_Vancouver	Capcom Vancouver
/wiki/Ironclad_Games	Ironclad Games
/wiki/CHUM_Limited	CHUM Limited
/wiki/Access_Communications	Access Communications
/wiki/Orca_Bay_Sports_and_Entertainment	Orca Bay Sports and Entertainment
/wiki/Vancity	Vancity
/wiki/Labatt_Brewing_Company	Labatt Brewing Company
/wiki/Timothy%27s_World_Coffee	Timothy's World Coffee
/wiki/FortisBC	FortisBC
/wiki/Pollard_Banknote_Ltd.	Pollard Banknote Ltd.
/wiki/Virtual_Brokers	Virtual Brokers
/wiki/Canada_in_the_World_Wars_and_Interwar_Years	World Wars and Interwar Years (1914–1945)
/wiki/Paterson_GlobalFoods_Inc.	Paterson GlobalFoods Inc.
/wiki/Black_Hen_Music	Black Hen Music
/wiki/Canada_under_British_rule	British Canada (1763–1867)
/wiki/Vaccine_and_Infectious_Disease_Organization	Vaccine and Infectious Disease Organization
/wiki/Boyd_Group_Income_Fund	Boyd Group Income Fund
/wiki/Interior_Plateau	Interior Plateau
/wiki/Nuu-chah-nulth_Economic_Development_Corporation	Nuu-chah-nulth Economic Development Corporation
/wiki/Mac%27s_Milk	Mac's Milk
/wiki/Citizens_Bank_of_Canada	Citizens Bank of Canada
/wiki/NORPAC_Controls	NORPAC Controls
/wiki/Jean_Coutu_Group	Jean Coutu
/wiki/Delta_Hotels	Delta Hotels
/wiki/Becker%27s	Becker's
/wiki/Glacier_Media	Glacier Media
/wiki/Banff_Lodging_Co	Banff Lodging Co
/wiki/Allied_Shipbuilders	Allied Shipbuilders
/wiki/List_of_Canadian_mobile_phone_companies	List of Canadian mobile phone companies
/wiki/Masonite_International	Masonite International
/wiki/McCain_Foods	McCain Foods
/wiki/Lee_Valley_Tools	Lee Valley Tools
/wiki/Priszm_Canadian_Income_Fund	Priszm Canadian Income Fund
/wiki/Knowledge_Network	Knowledge Network
/wiki/DynaVenture	DynaVenture
/wiki/Lystek	Lystek
/wiki/Gun_politics_in_Canada	Gun politics
/wiki/London_Life_Insurance_Company	London Life Insurance Company
/wiki/Catalyst_Paper	Catalyst Paper
/wiki/Nexient	Nexient
/wiki/Sleep_Country_Canada	Sleep Country Canada
/wiki/Canadian_Natural_Resources_Ltd.	Canadian Natural Resources Ltd.
/wiki/Geography_of_Canada	Geography
