/wiki/University_of_Washington	University of Washington
/wiki/Cameron_Crowe	Cameron Crowe
/wiki/Wetland	wetlands
/wiki/University_of_Basel	Basel
/wiki/Edwin_G._Krebs	Edwin G. Krebs
/wiki/Lake_Washington	Lake Washington
/wiki/Indiana_University_Bloomington	Indiana
/wiki/Phrateres	Phrateres
/wiki/Brown_University	Brown
/wiki/ResearchChannel	ResearchChannel
/wiki/Columbia_University	Columbia
/wiki/Eastern_Washington_University	Eastern Washington University
/wiki/Internationales_Kulturinstitut	Internationales Kulturinstitut
/wiki/Manastash_Ridge_Observatory	Manastash Ridge Observatory
/wiki/Public_Ivy	Public Ivy universities
/wiki/University_of_Pittsburgh	University of Pittsburgh
/wiki/Isaac_Stevens	Isaac Stevens
/wiki/Tulane_University	Tulane
/wiki/Tohoku_University	Tohoku
/wiki/Husky_Ballpark	Husky Ballpark
/wiki/WarGames	WarGames
/wiki/James_Lepp	James Lepp
/wiki/University_Ranking_by_Academic_Performance	University Ranking by Academic Performance
/wiki/Northeastern_University	Northeastern
/wiki/Cascade_Range	Cascade Range
/wiki/Seattle	Seattle
/wiki/UCLA_Bruins	Bruins
/wiki/University_of_Washington_Television	University of Washington Television
/wiki/John_Badham	John Badham
/wiki/Arthur_A._Denny	Arthur A. Denny
/wiki/Northwestern_University	Northwestern
/wiki/Case_Western_Reserve_University	Case Western Reserve
/wiki/Undergraduate_education	Undergraduates
/wiki/Crown_Princess_Victoria_of_Sweden	Crown Princess Victoria of Sweden
/wiki/Weyerhaeuser	Weyerhaeuser
/wiki/U.S._News_and_World_Report	U.S. News and World Report
/wiki/Times_Higher_Education_World_University_Rankings	Times Higher Education World University Rankings
/wiki/National_Medal_of_Arts	National Medal of Arts
/wiki/Latin_language	Latin
/wiki/Associated_Students_of_the_University_of_Washington	Associated Student of the University of Washington
/wiki/University_of_Sheffield	Sheffield
/wiki/University_of_California,_San_Diego	San Diego
/wiki/Seoul_National_University	Seoul National
/wiki/University_of_Washington_College_of_Engineering	College of Engineering
/wiki/List_of_University_of_Washington_Presidents	List of University of Washington Presidents
/wiki/Georgia_Institute_of_Technology	Georgia Institute of Technology
/wiki/Pac-12_Conference	Pac-12 Conference
/wiki/Golf_course	golf course
/wiki/Regrading	regrading
/wiki/University_of_Washington_School_of_Law	School of Law
/wiki/University_of_Cape_Town	Cape Town
/wiki/University_of_Washington_Educational_Outreach	University of Washington Educational Outreach
/wiki/Iowa_State_University	Iowa State
/wiki/Washington_University_in_St._Louis	Washington University in St. Louis
/wiki/Health_sciences	health sciences
/wiki/Tequila_(song)	Tequila
/wiki/Northern_Illinois_University	Northern Illinois
/wiki/1936_Summer_Olympics	1936 Summer Olympics
/wiki/Washington_State_Cougars	Cougars
/wiki/Friday_Harbor_Laboratories	Friday Harbor Laboratories
/wiki/Rutgers_University	Rutgers University
/wiki/Benson_Hall	Benson Hall
/wiki/Emory_University	Emory
/wiki/Mount_Rainier	Mount Rainier
/wiki/University_of_Pisa	Pisa
/wiki/Carnegie_Mellon_University	Carnegie Mellon
/wiki/Downtown,_Seattle,_Washington	downtown Seattle
/wiki/University_of_Alberta	Alberta
/wiki/Washington_State_University	Washington State
/wiki/Fudan_University	Fudan
/wiki/Nursing	nursing
/wiki/Florida_State_University	Florida State
/wiki/The_Center_for_Measuring_University_Performance	The Center for Measuring University Performance
/wiki/ASUW_Experimental_College	ASUW Experimental College
/wiki/Institute_of_Medicine	Institute of Medicine
/wiki/Intercollegiate_Rowing_Association	Intercollegiate Rowing Association
/wiki/The_Long_Journey_Home	The Long Journey Home
/wiki/Russia	Russian
/wiki/Wikisource	Wikisource
/wiki/QS_World_University_Rankings	QS World University Rankings
/wiki/Far_Eastern_Federal_University	Far Eastern Federal (FEFU)
/wiki/University_of_Washington_School_of_Nursing	School of Nursing
/wiki/Post-WW2_baby_boom	baby boom
/wiki/Clara_Antoinette_McCarty_Wilt	Clara Antoinette McCarty Wilt
/wiki/University_of_Notre_Dame	Notre Dame
/wiki/University_of_Washington_Libraries	University of Washington library system
/wiki/Duke_University	Duke
/wiki/Interstate_5	Interstate 5
/wiki/Metonymy	metonymically
/wiki/National_Medal_of_Science	National Medal of Science
/wiki/Michigan_State_University	Michigan State University
/wiki/University_of_Vermont	University of Vermont
/wiki/Flagship_university	flagship
/wiki/Maastricht_University	Maastricht
/wiki/Texas_A%26M_University	Texas A&M
/wiki/Montlake_Cut	Montlake Cut
/wiki/University_of_North_Texas	North Texas
/wiki/Alaskan_Malamute	Alaskan Malamutes
/wiki/Pacific-12_Conference	Pacific-12 Conference
/wiki/University_of_Illinois_at_Urbana%E2%80%93Champaign	University of Illinois at Urbana–Champaign
/wiki/Red_Square_(University_of_Washington)	Red Square
/wiki/List_of_largest_United_States_university_campuses_by_enrollment	Largest United States university campuses by enrollment
/wiki/Alaskan_Malamute	Alaskan Malamute
/wiki/Gil_Junger	Gil Junger
/wiki/Case_Western_Reserve_University	Case Western
/wiki/Pulitzer_Prize	Pulitzer Prize
/wiki/NeuroNames	NeuroNames
/wiki/McGill_University	McGill
/wiki/World%27s_Fair	world's fair
/wiki/Liberal_arts	liberal arts
/wiki/Hollywood_Reporter	Hollywood Reporter
/wiki/Arizona_Wildcats	Wildcats
/wiki/Adolf_Hitler	Adolf Hitler
/wiki/University_of_Washington_North_Sound	UW North Sound
/wiki/Washington_Huskies_softball	softball
/wiki/Theodor_Jacobsen_Observatory	Theodor Jacobsen Observatory
/wiki/Demographics_of_the_United_States	Demographics of the United States
/wiki/Joel_McHale	Joel McHale
/wiki/Sand_Point,_Seattle,_Washington	Sand Point
/wiki/University_of_Tennessee	Tennessee
/wiki/Washington_Monthly	Washington Monthly
/wiki/Brandeis_University	Brandeis
/wiki/The_Sixth_Man	The Sixth Man
/wiki/University_of_Minnesota	Minnesota
/wiki/Chris_Petersen	Chris Petersen
/wiki/Wayne_State_University	Wayne State
/wiki/Henry_M._Jackson	Henry M. Jackson
/wiki/University_of_Ghana	Ghana
/wiki/Charles_Odegaard	Charles Odegaard
/wiki/Global_Language_Monitor	Global Language Monitor
/wiki/Arizona_State_University	Arizona State University
/wiki/Rose_Bowl_(game)	Rose Bowl
/wiki/SAT	SAT
/wiki/University_of_British_Columbia	British Columbia
/wiki/University_of_Washington_Husky_Marching_Band	University of Washington Husky Marching Band
/wiki/Postgraduate_education	Postgraduates
/wiki/University_president	President
/wiki/The_MINDS_Foundation	The MINDS Foundation
/wiki/Academy_for_Young_Scholars	Academy for Young Scholars
/wiki/Alaska-Yukon-Pacific_Exposition	Alaska-Yukon-Pacific Exposition
/wiki/Irv_Robbins	Irv Robbins
/wiki/Quadrangle_(architecture)	quadrangle
/wiki/Kyoto_University	Kyoto
/wiki/Harry_the_Husky	Harry the Husky
/wiki/Japanese_Americans	Japanese Americans
/wiki/University_of_Wisconsin%E2%80%93Madison	University of Wisconsin
/wiki/Tufts_University	Tufts
/wiki/Osaka_University	Osaka
/wiki/World_War	World Wars
/wiki/Public_Ivy#Greenes.27_Guides	Greene's Guides
/wiki/New_College_of_Florida	New College of Florida
/wiki/Hans_Georg_Dehmelt	Hans Georg Dehmelt
/wiki/Fields_Medal	Fields Medal
/wiki/Ohio_State_University	Ohio State University
/wiki/University_of_Michigan	Michigan
/wiki/Purdue_University	Purdue
/wiki/Robert_Osborne	Robert Osborne
/wiki/Terry_and_Lander_Halls	Terry and Lander Halls
/wiki/Washington_Huskies	Washington Huskies
/wiki/Alaska_Airlines_Arena_at_Hec_Edmundson_Pavilion	Hec Edmundson Pavilion
/wiki/University_of_Washington_Henry_M._Jackson_School_of_International_Studies	Henry M. Jackson School of International Studies
/wiki/Bruce_Lee	Bruce Lee
/wiki/University_of_Indonesia	Indonesia
/wiki/Rockefeller_University	Rockefeller
/wiki/What_the_Bleep!%3F:_Down_the_Rabbit_Hole	What the Bleep!?: Down the Rabbit Hole
/wiki/Washington_Huskies_women%27s_basketball	Women's basketball
/wiki/William_Arntz	William Arntz
/wiki/American_Association_of_Universities	American Association of Universities
/wiki/Boston_University	Boston
/wiki/University_of_California,_Santa_Barbara	Santa Barbara
/wiki/Kiplinger	Kiplinger
/wiki/John_Charles_Olmsted	John Charles Olmsted
/wiki/Financial_endowment	Endowment
/wiki/University_of_Oklahoma	Oklahoma
/wiki/Yale_University	Yale
/wiki/Apple_Cup	Apple Cup
/wiki/New_Mexico_State_University	New Mexico State
/wiki/Worldwide_Universities_Network	Worldwide Universities Network
/wiki/National_Collegiate_Rowing_Championship	National Collegiate Rowing Championship
/wiki/Ana_Mari_Cauce	Ana Mari Cauce
/wiki/Athletic_nickname	Nickname
/wiki/Intramural_sports	intramural sports
/wiki/Keio_University	Keio
/wiki/The_George_Washington_University	The George Washington University
/wiki/The_Daily_of_the_University_of_Washington	The Daily of the University of Washington
/wiki/Texas_A%26M_University	Texas A&M University
/wiki/White_American	White American
/wiki/World_Reputation_Rankings	World Reputation Rankings
/wiki/Association_of_American_Universities	Association of American Universities (AAU)
/wiki/University_of_Iowa	University of Iowa
/wiki/Marilynne_Robinson	Marilynne Robinson
/wiki/Chulalongkorn_University	Chulalongkorn
/wiki/University_of_Bergen	Bergen
/wiki/Orange_Bowl_(game)	Orange Bowl
/wiki/University_of_Chicago	Chicago
/wiki/Randall_Miller	Randall Miller
/wiki/Association_of_Pacific_Rim_Universities	Association of Pacific Rim Universities (APRU)
/wiki/Stony_Brook_University	Stony Brook
/wiki/University_of_Texas_at_Austin	University of Texas at Austin
/wiki/University_of_California,_Los_Angeles	Los Angeles
/wiki/Lewis_County,_Washington	Lewis County
/wiki/Robert_Neil	Robert Neil
/wiki/United_States_National_Academy_of_Sciences	National Academy of Sciences
/wiki/Academic_Ranking_of_World_Universities	Academic Ranking of World Universities
/wiki/University_of_Virginia	Virginia
/wiki/Arizona_State_University	Arizona State
/wiki/Sea_of_Galilee	Galilee
/wiki/Oregon_Ducks	Ducks
/wiki/National_Academy_of_Engineering	National Academy of Engineering
/wiki/University_of_South_Carolina	South Carolina
/wiki/Prefontaine_(film)	Prefontaine
/wiki/NCAA_Division_I	NCAA Division I
/wiki/SUNY	SUNY
/wiki/Assyria	Assyrian
/wiki/University_of_Arizona	Arizona
/wiki/University_of_Alabama	Alabama
/wiki/Public_Ivy	Public Ivy
/wiki/National_Taiwan_University	National Taiwan
/wiki/Phyllis_Wise	Phyllis Wise
/wiki/Indiana_University	Indiana University
/wiki/Steve_James_(producer)	Steve James
/wiki/University_of_Washington_College_of_Built_Environments	College of Built Environments
/wiki/Nanjing_University	Nanjing
/wiki/Singles_(1992_film)	Singles
/wiki/Peace_Corps	Peace Corps
/wiki/Yonsei_University	Yonsei
/wiki/University_of_Florida	University of Florida
/wiki/Fight_song	fight songs
/wiki/Student_activism	student activism
/wiki/Alaska_Airlines_Arena_at_Hec_Edmundson_Pavilion	Alaska Airlines Arena at Hec Edmundson Pavilion
/wiki/Public_university	Public
/wiki/Internment_camps	internment camps
/wiki/Miami_University	Miami University
/wiki/Research_Channel	Research Channel
/wiki/University_of_Kansas	Kansas
/wiki/Stanza	stanza
/wiki/The_Destruction_of_Sennacherib	The Destruction of Sennacherib
/wiki/What_the_Bleep_Do_We_Know!%3F	What the Bleep Do We Know: Down the Rabbit Hole
/wiki/Harvard_University	Harvard
/wiki/University_of_York	York
/wiki/The_Evergreen_State_College	The Evergreen State College
/wiki/Oregon_State_Beavers	Beavers
/wiki/University_District,_Seattle	University District
/wiki/The_Ave	The Ave
/wiki/Human_Resources_%26_Labor_Review	Human Resources & Labor Review
/wiki/University_of_Washington_firebombing_incident	University of Washington firebombing incident
/wiki/GPA	GPA
/wiki/Division_I_(NCAA)	Division I
/wiki/SmartMoney	SmartMoney
/wiki/Soviet_Union	Soviet
/wiki/University_of_Western_Australia	Western Australia
/wiki/Utah_Utes	Utes
/wiki/Haggett_Hall	Haggett Hall
/wiki/Washington_(state)	Washington
/wiki/University_of_Manchester	Manchester
/wiki/University_of_Central_Florida	University of Central Florida
/wiki/Australian_National_University	Australian National
/wiki/The_Seattle_Times	The Seattle Times
/wiki/Johns_Hopkins_University	Johns Hopkins
/wiki/University_of_Rochester	Rochester
/wiki/University_of_Colorado_at_Boulder	University of Colorado at Boulder
/wiki/University_of_Southampton	Southampton
/wiki/Graduate_and_Professional_Student_Senate	Graduate and Professional Student Senate
/wiki/University_of_Massachusetts_Amherst	Massachusetts Amherst
/wiki/Sylvan_Grove_Theater_and_Columns	Sylvan Grove Theater
/wiki/Peter_Medak	Peter Medak
/wiki/University_of_Iowa	Iowa
/wiki/Korea_University	Korea
/wiki/University_of_Oregon	Oregon
/wiki/Wayback_Machine	Wayback Machine
/wiki/TCM	TCM
/wiki/University_of_Leeds	Leeds
/wiki/Tsinghua_University	Tsinghua
/wiki/Albert_Lasker_Award_for_Clinical_Medical_Research	Albert Lasker Award for Clinical Medical Research
/wiki/University_of_Washington_Husky_Marching_Band	Husky Marching Band
/wiki/University_of_Washington_Medical_Center	University of Washington Medical Center
/wiki/Vietnam_War	Vietnam War
/wiki/Pacific-12_Conference	Pac-12
/wiki/Bachelor%27s_degree	bachelor's degree
/wiki/University_of_Florida	Florida
/wiki/National_Collegiate_Athletic_Association	National Collegiate Athletic Association
/wiki/Leland_Hartwell	Leland Hartwell
/wiki/Lorenzo_Romar	Lorenzo Romar
/wiki/Colorado_Buffaloes	Buffaloes
/wiki/Bachelor%27s_degree	bachelor's degrees
/wiki/List_of_University_of_Washington_people	List of University of Washington people
/wiki/Seating_capacity	seating capacity
/wiki/Nordstrom	Nordstrom
/wiki/Tailgate_party	Tailgating
/wiki/Michael_K._Young	Michael Young
/wiki/Boston_University	Boston U
/wiki/Brad_Walker_(athlete)	Brad Walker
/wiki/University_of_Washington_School_of_Public_Health	School of Public Health
/wiki/Oceanography	oceanography
/wiki/Washington_(state)#Demographics	Washington (state)#Demographics
/wiki/Georgia_Institute_of_Technology	Georgia Tech
/wiki/University_of_Washington_School_of_Pharmacy	School of Pharmacy
/wiki/Oregon_State_University	Oregon State
/wiki/Jon_Lucas	Jon Lucas
/wiki/Sigma_Alpha_Epsilon	Sigma Alpha Epsilon
/wiki/International_student	International student
/wiki/Waseda_University	Waseda
/wiki/Princeton_University	Princeton
/wiki/Association_of_American_Universities	Association of American Universities
/wiki/Florida_International_University	Florida International University
/wiki/Daniel_J._Evans_School_of_Public_Affairs	Daniel J. Evans School of Public Affairs
/wiki/Henry_Art_Gallery	Henry Art Gallery
/wiki/Gold_medal	gold medal
/wiki/Linda_Buck	Linda Buck
/wiki/Edmond_H._Fischer	Edmond H. Fischer
/wiki/Campus_of_the_University_of_Washington	Campus of the University of Washington
/wiki/School_colors	Colors
/wiki/University_of_Washington_Information_School	Information School
/wiki/Bill_Gates	Bill Gates
/wiki/U.S._News_%26_World_Report	U.S. News & World Report
/wiki/Lake_Washington_Ship_Canal	Lake Washington Ship Canal
/wiki/21_and_Over_(film)	21 and Over
/wiki/University_of_Washington_Plaza	University of Washington Plaza
/wiki/College_and_university_rankings	University rankings
/wiki/College_of_William_%26_Mary	College of William & Mary
/wiki/Minority_group	minority groups
/wiki/Odegaard_Undergraduate_Library	Odegaard Undergraduate Library
/wiki/Middle_East_Technical_University	Middle East Technical University
/wiki/CWTS_Leiden_Ranking	Leiden Ranking
/wiki/University_of_Delaware	University of Delaware
/wiki/Executive_Order_9066	Executive Order 9066
/wiki/University_of_California	California
/wiki/Meany_Hall_for_the_Performing_Arts	Meany Hall
/wiki/Convocation	convocation
/wiki/Portage_Bay	Portage Bays
/wiki/Pennsylvania_State_University	Penn State
/wiki/Peking_University	Peking
/wiki/Universities_Research_Association	Universities Research Association
/wiki/University_of_Bristol	Bristol
/wiki/Asian_American	Asian American
/wiki/KEXP-FM	KEXP-FM
/wiki/University_of_Georgia	University of Georgia
/wiki/University_of_Houston	Houston
/wiki/Washington_University_in_St._Louis	Washington University
/wiki/Edmond_S._Meany	Edmond S. Meany
/wiki/National_Book_Award	National Book Award
/wiki/University_of_Washington_College_of_Arts_and_Sciences	Arts and Sciences
/wiki/Central_Washington_University	Central Washington University
/wiki/Michigan_State_University	Michigan State
/wiki/Western_Washington_University	Western Washington University
/wiki/Washington_Territory	Washington Territory
/wiki/Washington_State_University	Washington State University
/wiki/Union_Bay_(Seattle,_Washington)	Union Bay
/wiki/Arizona_State_Sun_Devils	Sun Devils
/wiki/Doctoral_degree	doctoral
/wiki/Metropolitan_Tract_(Seattle)	Metropolitan Tract
/wiki/University_of_Illinois_at_Urbana-Champaign	University of Illinois at Urbana-Champaign
/wiki/USC_Trojans	Trojans
/wiki/Pennsylvania_State_University	Pennsylvania State University
/wiki/University_of_Michigan	University of Michigan
/wiki/University_of_Washington_College_of_Arts_and_Sciences	College of Arts and Sciences
/wiki/Michael_K._Young	Michael K. Young
/wiki/Gairdner_Foundation_International_Award	Gairdner Foundation International Award
/wiki/Chris_DeWolfe	Chris DeWolfe
/wiki/Washington_Huskies_men%27s_basketball	Men's basketball
/wiki/University_of_Missouri	Missouri
/wiki/California_Golden_Bears	Golden Bears
/wiki/Let_there_be_light	Let there be light
/wiki/Hansee_Hall	Hansee Hall
/wiki/Methodist	Methodist
/wiki/Suzzallo_Library	Suzzallo Library
/wiki/Stanford_Cardinal	Cardinal
/wiki/Washington_Huskies_football	Huskies football
/wiki/University_of_Auckland	Auckland
/wiki/Warren_G._Magnuson	Warren G. Magnuson
/wiki/Monterrey_Institute_of_Technology_and_Higher_Education	Monterrey Institute of Technology
/wiki/List_of_forestry_universities_and_colleges	List of forestry universities and colleges
/wiki/Minoru_Yamasaki	Minoru Yamasaki
/wiki/Olympic_Mountains	Olympic Mountains
/wiki/University_of_Pittsburgh	Pittsburgh
/wiki/University_of_Maryland,_College_Park	University of Maryland
/wiki/Zhejiang_University	Zhejiang
/wiki/University_of_Malaya	Malaya
/wiki/Civil_rights	civil rights
/wiki/Syracuse_University	Syracuse
/wiki/University_of_Minnesota	University of Minnesota
/wiki/Collier%27s_Encyclopedia	Collier's Encyclopedia
/wiki/University_of_Wisconsin%E2%80%93Madison	University of Wisconsin–Madison
/wiki/William_H._Gates,_Sr.	William H. Gates, Sr.
/wiki/Kenny_G	Kenny G
/wiki/University_of_Connecticut	University of Connecticut
/wiki/KUOW-FM	KUOW-FM
/wiki/Husky	Husky
/wiki/DO-IT_Scholars_Program	DO-IT Scholars Program
/wiki/Edmond_Meany	Edmond Meany
/wiki/University_of_Melbourne	Melbourne
/wiki/10_Things_I_Hate_About_You	10 Things I Hate About You
/wiki/Virginia_Tech	Virginia Tech
/wiki/Rosetta@home	Rosetta@home
/wiki/Cornell_University	Cornell
/wiki/Clinical_psychology	clinical psychology
/wiki/Bow_Down_to_Washington	Bow Down to Washington
/wiki/Vanderbilt_University	Vanderbilt
/wiki/ACT_(examination)	ACT
/wiki/MacArthur_Fellows	MacArthur Fellows
/wiki/Husky_Stadium	Husky Stadium
/wiki/Statistics	statistics
/wiki/Peter_Hedges	Peter Hedges
/wiki/University_of_California	University of California
/wiki/University_of_Chile	Chile
/wiki/Washington_Huskies	Huskies
/wiki/Library_and_information_sciences	library and information sciences
/wiki/Pearl_Harbor	Pearl Harbor
/wiki/Transition_School_and_Early_Entrance_Program	Transition School and Early Entrance Program
/wiki/University_of_Washington_School_of_Dentistry	School of Dentistry
/wiki/Fisheries_science	fisheries
/wiki/University_of_Virginia	University of Virginia
/wiki/Rutgers_University	Rutgers
/wiki/African_American	African American
/wiki/University_of_Washington_School_of_Medicine	School of Medicine
/wiki/Rice_University	Rice
/wiki/The_Changeling_(1980_film)	The Changeling
/wiki/Nobel_Prize	Nobel Prize
/wiki/Don_James_(American_football)	Don James
/wiki/University_of_Illinois_at_Urbana%E2%80%93Champaign	University of Illinois
/wiki/University_of_Arizona	University of Arizona
/wiki/University_of_Toronto	Toronto
/wiki/Cold_War	Cold War
/wiki/Cross_country_running	cross country
/wiki/Associated_Students_of_the_University_of_Washington	Associated Students of the University of Washington
/wiki/UWTV	UWTV
/wiki/University_of_North_Carolina_at_Chapel_Hill	University of North Carolina at Chapel Hill
/wiki/Lord_Byron	Lord Byron
/wiki/American_Academy_of_Arts_and_Sciences	American Academy of Arts and Sciences
/wiki/American_Philosophical_Society	American Philosophical Society
/wiki/University_of_the_Philippines_Open_University	Open University
/wiki/University_of_Tokyo	Tokyo
/wiki/University_of_Utah	Utah
/wiki/Dan_in_Real_Life	Dan in Real Life
/wiki/E._Donnall_Thomas	E. Donnall Thomas
/wiki/Social_work	social work
/wiki/Ohio_State_University	Ohio State
/wiki/University_of_Sydney	Sydney
/wiki/Warren_G._Magnuson_Health_Sciences_Building	Magnuson Health Sciences Center
/wiki/Pole_Vault	Pole Vault
/wiki/Stanford_University	Stanford
/wiki/University_of_Washington_Business_School	Michael G. Foster School of Business
/wiki/American_football	football
/wiki/FieldTurf	FieldTurf
/wiki/Texas_Tech_University	Texas Tech
/wiki/University_of_New_Mexico	New Mexico
/wiki/Private_university	Private
/wiki/Husky	husky
