/wiki/John_Bardeen	John Bardeen
/wiki/Dennis_Gabor	Dennis Gabor
/wiki/Georges_Charpak	Charpak
/wiki/Gabriel_Lippmann	Lippmann
/wiki/Roy_J._Glauber	Glauber
/wiki/Alfred_Kastler	Kastler
/wiki/Anthony_James_Leggett	Leggett
/wiki/Claude_Shannon	Claude Shannon
/wiki/Willard_Boyle	Boyle
/wiki/Dayton_Miller	Dayton Miller
/wiki/Robert_Andrews_Millikan	Millikan
/wiki/Carlo_Rubbia	Rubbia
/wiki/Heinrich_Rohrer	Rohrer
/wiki/Karl_Ferdinand_Braun	Braun
/wiki/Joseph_Edward_Mayer	Joseph Edward Mayer
/wiki/Point-contact_transistor	point-contact transistor
/wiki/Linus_Pauling	Linus Pauling
/wiki/George_Braxton_Pegram	George Braxton Pegram
/wiki/William_A._Bardeen	William A. Bardeen
/wiki/Alexander_Prokhorov	Prokhorov
/wiki/Xerox_PARC	Xerox PARC
/wiki/William_Alfred_Fowler	Fowler
/wiki/Burton_Richter	Richter
/wiki/Alexei_Alexeyevich_Abrikosov	Abrikosov
/wiki/Arthur_Compton	Compton
/wiki/David_J._Wineland	Wineland
/wiki/John_Cockcroft	Cockcroft
/wiki/BCS_theory	BCS theory
/wiki/Antony_Hewish	Hewish
/wiki/Charles_Russell_Bardeen	Charles Russell Bardeen
/wiki/Victor_Francis_Hess	Hess
/wiki/Edward_Condon	Edward Condon
/wiki/John_Torrence_Tate,_Sr.	John Torrence Tate, Sr.
/wiki/Robert_B._Laughlin	Laughlin
/wiki/IEEE_Medal_of_Honor	IEEE Medal of Honor
/wiki/Frits_Zernike	Zernike
/wiki/Henry_Crew	Henry Crew
/wiki/Yoichiro_Nambu	Nambu
/wiki/Brian_Schmidt	Schmidt
/wiki/Arthur_Jeffrey_Dempster	Arthur Jeffrey Dempster
/wiki/Eugene_Wigner	Eugene Wigner
/wiki/Lev_Landau	Landau
/wiki/Riccardo_Giacconi	Giacconi
/wiki/Werner_Heisenberg	Heisenberg
/wiki/Peter_Higgs	Higgs
/wiki/Richard_Feynman	Feynman
/wiki/Superconductivity	superconductivity
/wiki/Robert_Andrews_Millikan	Robert Andrews Millikan
/wiki/George_C._Southworth	George C. Southworth
/wiki/American_Physical_Society	Presidents of the American Physical Society
/wiki/Grant_Gale	Grant Gale
/wiki/Kenneth_G._Wilson	K. Wilson
/wiki/Max_Born	Born
/wiki/James_M._Bardeen	James M. Bardeen
/wiki/Brigham_and_Women%27s_Hospital	Brigham and Women's Hospital
/wiki/Maria_Goeppert-Mayer	Goeppert-Mayer
/wiki/J._Robert_Oppenheimer	J. Robert Oppenheimer
/wiki/Nick_Holonyak	Nick Holonyak
/wiki/Marie_Sk%C5%82odowska-Curie	Marie Skłodowska-Curie
/wiki/Hans_Georg_Dehmelt	Dehmelt
/wiki/Victor_Stabin	Victor Stabin
/wiki/Macroscopic_quantum_phenomena	Macroscopic quantum phenomena
/wiki/Burton_Richter	Burton Richter
/wiki/Charles_H._Townes	Charles H. Townes
/wiki/Luis_Walter_Alvarez	Alvarez
/wiki/Raymond_Thayer_Birge	Raymond Thayer Birge
/wiki/Leo_Kadanoff	Leo Kadanoff
/wiki/Quantum_mechanics	quantum mechanics
/wiki/Walter_Brattain	Walter Brattain
/wiki/William_V._Houston	William V. Houston
/wiki/Physics_Today	Physics Today
/wiki/Paul_D._Foote	Paul D. Foote
/wiki/Laura_Greene_(physicist)	Laura Greene
/wiki/Rudolf_Kompfner	Rudolf Kompfner
/wiki/Hugh_David_Politzer	Politzer
/wiki/Edward_Mills_Purcell	Purcell
/wiki/Eugene_Wigner	Wigner
/wiki/National_Medal_of_Science	National Medal of Science
/wiki/Master_of_Science	Master of Science
/wiki/Henri_Becquerel	Becquerel
/wiki/Soviet_Academy_of_Sciences	Soviet Academy of Sciences
/wiki/Albert_Fert	Fert
/wiki/Curtis_Callan	Curtis Callan
/wiki/Ernest_M._Henley	Ernest M. Henley
/wiki/Mathematics_Genealogy_Project	Mathematics Genealogy Project
/wiki/Wilhelm_Wien	Wien
/wiki/John_V._L._Hogan	John V. L. Hogan
/wiki/Nuclear_Magnetic_Resonance	Nuclear Magnetic Resonance
/wiki/Leon_Cooper	Leon Cooper
/wiki/John_Robert_Schrieffer	John Robert Schrieffer
/wiki/Emory_Leon_Chaffee	Emory Leon Chaffee
/wiki/Hideki_Yukawa	Yukawa
/wiki/Charles_Glover_Barkla	Barkla
/wiki/SQUID	SQUID
/wiki/Charles_K._Kao	Kao
/wiki/The_Boston_Globe	The Boston Globe
/wiki/Sic	sic
/wiki/Lyman_James_Briggs	Lyman James Briggs
/wiki/Madison,_Wisconsin	Madison, Wisconsin
/wiki/George_Pake	George Pake
/wiki/Guglielmo_Marconi	Marconi
/wiki/Gulf_Oil	Gulf Oil
/wiki/John_Milton_Miller	John M. Miller
/wiki/Harrison_M._Randall	Harrison M. Randall
/wiki/Klaus_von_Klitzing	von Klitzing
/wiki/Owen_Chamberlain	Chamberlain
/wiki/Max_von_Laue	Laue
/wiki/Harvard_Society_of_Fellows	Society of Fellows at Harvard University
/wiki/Albert_A._Michelson	Albert A. Michelson
/wiki/Philipp_Lenard	Lenard
/wiki/Simon_van_der_Meer	Van der Meer
/wiki/John_Hopfield	John Hopfield
/wiki/Clifford_Shull	Shull
/wiki/Telephone	telephones
/wiki/Brown_University	Brown University
/wiki/Gustaf_VI_Adolf_of_Sweden	Gustaf VI Adolf
/wiki/George_E._Smith	Smith
/wiki/William_Daniel_Phillips	Phillips
/wiki/Julius_Lilienfeld	Julius Lilienfeld
/wiki/Thesis	thesis
/wiki/John_Noble_Wilford	John Noble Wilford
/wiki/Herman_Feshbach	Herman Feshbach
/wiki/Niels_Bohr	N. Bohr
/wiki/Chicago_Tribune	Chicago Tribune
/wiki/Jerome_Isaac_Friedman	Friedman
/wiki/Chien-Shiung_Wu	Chien-Shiung Wu
/wiki/Manne_Siegbahn	M. Siegbahn
/wiki/Toshihide_Maskawa	Maskawa
/wiki/University_of_Pennsylvania	University of Pennsylvania
/wiki/Dennis_Gabor	Gabor
/wiki/George_H._W._Bush	George H. W. Bush
/wiki/Johannes_Stark	Stark
/wiki/Murray_Gell-Mann	Gell-Mann
/wiki/Walter_Ransom_Gail_Baker	Walter R. G. Baker
/wiki/Quadrangle_(architecture)	quadrangle
/wiki/Harold_Pender_Award	Harold Pender Award
/wiki/Picnic	picnics
/wiki/Vacuum_tube	vacuum tubes
/wiki/Georg_Bednorz	Bednorz
/wiki/Magnetic_resonance_imaging	magnetic resonance imaging
/wiki/Doctoral_advisor	Doctoral advisor
/wiki/Sin-Itiro_Tomonaga	Tomonaga
/wiki/William_Francis_Magie	William Francis Magie
/wiki/Martin_Lewis_Perl	Perl
/wiki/Ben_Roy_Mottelson	Mottelson
/wiki/Sheldon_Lee_Glashow	Glashow
/wiki/Charles_%C3%89douard_Guillaume	Guillaume
/wiki/Mildred_Dresselhaus	Mildred Dresselhaus
/wiki/Bertram_Brockhouse	Brockhouse
/wiki/Gerald_Pearson	Gerald Pearson
/wiki/William_A._Bardeen	William
/wiki/Robert_Bacher	Robert Bacher
/wiki/Albert_Hull	Albert Hull
/wiki/List_of_Fellows_of_the_Royal_Society_elected_in_1973	Foreign Member of the Royal Society (ForMemRS) in 1973
/wiki/Xerox	Xerox Corporation
/wiki/Arno_Allan_Penzias	Penzias
/wiki/William_Shockley	Shockley
/wiki/James_Rainwater	Rainwater
/wiki/Nobel_Prize_in_Chemistry	Nobel Prize in Chemistry
/wiki/Robert_R._Wilson	Robert R. Wilson
/wiki/P-N_junction	P-N junction
/wiki/Boston	Boston
/wiki/Computer	computers
/wiki/George_Eugene_Uhlenbeck	George Eugene Uhlenbeck
/wiki/Physical_Review_Letters	Physical Review Letters
/wiki/Percy_Williams_Bridgman	Percy Williams Bridgman
/wiki/Willis_Lamb	Lamb
/wiki/Leon_Cooper	Cooper
/wiki/Arthur_Compton	Arthur Compton
/wiki/Gustav_Ludwig_Hertz	Hertz
/wiki/John_Hays_Hammond,_Jr.	John Hays Hammond, Jr.
/wiki/John_Hasbrouck_Van_Vleck	John Hasbrouck Van Vleck
/wiki/Val_Logsdon_Fitch	Val Logsdon Fitch
/wiki/C._Kumar_N._Patel	C. Kumar Patel
/wiki/Steven_Weinberg	Weinberg
/wiki/Douglas_Osheroff	Osheroff
/wiki/Clinton_Davisson	Davisson
/wiki/Joseph_Hooton_Taylor,_Jr.	J. Taylor
/wiki/Isamu_Akasaki	Akasaki
/wiki/Transistor	transistor
/wiki/Theodore_Lyman	Theodore Lyman
/wiki/Myriam_Sarachik	Myriam Sarachik
/wiki/Nobel_Peace_Prize	Nobel Peace Prize
/wiki/Henry_Andrews_Bumstead	Henry Andrews Bumstead
/wiki/Franklin_Institute	Franklin Institute
/wiki/Harvey_Fletcher	Harvey Fletcher
/wiki/Vacuum_tube	vacuum tube
/wiki/John_Harry_Williams	John Harry Williams
/wiki/Robert_L._Byer	Robert L. Byer
/wiki/Norman_Foster_Ramsey,_Jr.	Norman Foster Ramsey, Jr.
/wiki/Igor_Tamm	Tamm
/wiki/History_of_the_transistor	History of the transistor
/wiki/Edward_Leamington_Nichols	Edward Leamington Nichols
/wiki/Aage_Bohr	A. Bohr
/wiki/Superconductivity	Superconductivity
/wiki/Frederick_Seitz	Frederick Seitz
/wiki/Harry_Nyquist	Harry Nyquist
/wiki/Gordon_K._Teal	Gordon K. Teal
/wiki/John_L._Hall	Hall
/wiki/Ernest_Merritt	Ernest Merritt
/wiki/Oliver_E._Buckley_Condensed_Matter_Prize	Oliver E. Buckley Condensed Matter Prize
/wiki/Andrew_Sessler	Andrew Sessler
/wiki/Arthur_Leonard_Schawlow	Schawlow
/wiki/John_Hasbrouck_Van_Vleck	Van Vleck
/wiki/Martin_Ryle	Ryle
/wiki/Marvin_Cohen	Marvin Cohen
/wiki/Walter_Houser_Brattain	Brattain
/wiki/Information_Age	Information Age
/wiki/Charge_density_wave	charge density waves
/wiki/Bell_Telephone_Laboratories	Bell Telephone Laboratories
/wiki/Owen_Willans_Richardson	O. Richardson
/wiki/Wolfgang_Ketterle	Ketterle
/wiki/Francis_Wheeler_Loomis	Francis Wheeler Loomis
/wiki/Frederick_Sanger	Frederick Sanger
/wiki/Golf	golf
/wiki/John_Robert_Schrieffer	J.R. Schrieffer
/wiki/Gerty_Cori	Gerty Cori
/wiki/Richard_E._Taylor	R. Taylor
/wiki/C._F._Powell	Powell
/wiki/C._V._Raman	Raman
/wiki/Pierre_Curie	P. Curie
/wiki/Hiroshi_Amano	Amano
/wiki/Ernest_Walton	Walton
/wiki/Herbert_Kroemer	Kroemer
/wiki/Enrico_Fermi	Enrico Fermi
/wiki/D._Allan_Bromley	D. Allan Bromley
/wiki/Robert_W._Wood	Robert W. Wood
/wiki/Alma_mater	Alma mater
/wiki/Heart_disease	heart disease
/wiki/Helen_Quinn	Helen Quinn
/wiki/Edward_Ginzton	Edward Ginzton
/wiki/J._J._Thomson	J. J. Thomson
/wiki/Pyotr_Kapitsa	Kapitsa
/wiki/Jack_Steinberger	Steinberger
/wiki/Hendrik_Lorentz	Lorentz
/wiki/Konstantin_Novoselov	Novoselov
/wiki/MESFET	MESFET
/wiki/Saul_Perlmutter	Perlmutter
/wiki/Steven_Chu	Chu
/wiki/James_Franck	Franck
/wiki/Jack_Kilby	Kilby
/wiki/Donald_A._Glaser	Glaser
/wiki/Karl_Taylor_Compton	Karl Taylor Compton
/wiki/Gerd_Binnig	Binnig
/wiki/Wolfgang_Pauli	Pauli
/wiki/Brian_Pippard	Pippard, B.
/wiki/James_A._Krumhansl	James A. Krumhansl
/wiki/Edward_Victor_Appleton	Appleton
/wiki/Edwin_Hubble	Edwin Hubble
/wiki/Percy_Williams_Bridgman	Bridgman
/wiki/John_C._Mather	Mather
/wiki/Sony	Sony
/wiki/Johannes_Diderik_van_der_Waals	Van der Waals
/wiki/King_of_Sweden	King
/wiki/Physical_Review	Physical Review
/wiki/Leon_M._Lederman	Lederman
/wiki/Franklin_Medal	Franklin Medal
/wiki/Physicist	physicist
/wiki/Malcolm_Beasley	Malcolm R. Beasley
/wiki/Isidor_Isaac_Rabi	Isidor Isaac Rabi
/wiki/Otto_Stern	Stern
/wiki/Arthur_B._McDonald	McDonald
/wiki/Val_Logsdon_Fitch	Fitch
/wiki/Robert_Marshak	Robert Marshak
/wiki/Tau_Beta_Pi	Tau Beta Pi
/wiki/Electrical_engineer	electrical engineer
/wiki/Albert_A._Michelson	Michelson
/wiki/Nicolaas_Bloembergen	Bloembergen
/wiki/Charles_Christian_Lauritsen	Charles Christian Lauritsen
/wiki/Aharonov%E2%80%93Bohm_effect	Aharonov–Bohm effect
/wiki/Hans_Bethe	Bethe
/wiki/Lewis_M._Branscomb	Lewis M. Branscomb
/wiki/Edward_Mills_Purcell	Edward Mills Purcell
/wiki/Forest_Hill_Cemetery	Forest Hill Cemetery
/wiki/Jean_Baptiste_Perrin	Perrin
/wiki/Thomas_Corwin_Mendenhall	Thomas Corwin Mendenhall
/wiki/Leon_N_Cooper	Leon N Cooper
/wiki/Fran%C3%A7ois_Englert	Englert
/wiki/Marie_Curie	M. Curie
/wiki/Brian_Josephson	Josephson
/wiki/Carl_Barus	Carl Barus
/wiki/Ivar_Giaever	Giaever
/wiki/Stockholm	Stockholm
/wiki/Harald_T._Friis	Harald T. Friis
/wiki/Robert_Serber	Robert Serber
/wiki/Princeton_University	Princeton University
/wiki/Lomonosov_Gold_Medal	gold medal
/wiki/Cherry_A._Murray	Cherry A. Murray
/wiki/Lomonosov_Gold_Medal	Lomonosov Gold Medal
/wiki/Russell_Alan_Hulse	Hulse
/wiki/Gerard_%27t_Hooft	't Hooft
/wiki/Max_Planck	Planck
/wiki/David_Gross	Gross
/wiki/Felix_Bloch	Bloch
/wiki/Nikolay_Basov	Basov
/wiki/ArXiv	arXiv
/wiki/Julian_Schwinger	Schwinger
/wiki/Nicolaas_Bloembergen	Nicolaas Bloembergen
/wiki/Jerome_I._Friedman	Jerome I. Friedman
/wiki/Arthur_Bienenstock	Arthur Bienenstock
/wiki/Jay_W._Forester	Jay W. Forester
/wiki/Missile	missiles
/wiki/George_Smoot	Smoot
/wiki/Eugen_Merzbacher	Eugen Merzbacher
/wiki/Henry_DeWolf_Smyth	Henry DeWolf Smyth
/wiki/Carl_Wieman	Wieman
/wiki/Michael_Turner_(cosmologist)	Michael Turner
/wiki/George_Paget_Thomson	G. P. Thomson
/wiki/Leo_Esaki	Esaki
/wiki/Duke_University	Duke University
/wiki/Presidential_Medal_of_Freedom	Presidential Medal of Freedom
/wiki/Pavel_Cherenkov	Cherenkov
/wiki/Abdus_Salam	Salam
/wiki/Physics	Physics
/wiki/Felix_Bloch	Felix Bloch
/wiki/Ernst_Ruska	Ruska
/wiki/Gerald_Ford	Gerald Ford
/wiki/Benjamin_Osgood_Peirce	Benjamin Osgood Peirce
/wiki/Joseph_Sweetman_Ames	Joseph Sweetman Ames
/wiki/Claude_Cohen-Tannoudji	Cohen-Tannoudji
/wiki/Makoto_Kobayashi_(physicist)	Kobayashi
/wiki/Frank_Wilczek	Wilczek
/wiki/William_Henry_Bragg	W. H. Bragg
/wiki/Jesse_Beams	Jesse Beams
/wiki/Lee_Alvin_DuBridge	Lee Alvin DuBridge
/wiki/Gideon_T._Stewart	G. Stewart
/wiki/Luis_Walter_Alvarez	Luis Walter Alvarez
/wiki/Heike_Kamerlingh_Onnes	Kamerlingh Onnes
/wiki/John_Robinson_Pierce	John Robinson Pierce
/wiki/Daniel_C._Tsui	Tsui
/wiki/John_Zeleny	John Zeleny
/wiki/University_of_Illinois_at_Urbana-Champaign	University of Illinois at Urbana-Champaign
/wiki/Wolfgang_K._H._Panofsky	Wolfgang K. H. Panofsky
/wiki/Donald_N._Langenberg	Donald N. Langenberg
/wiki/Edward_Victor_Appleton	Edward Victor Appleton
/wiki/Paul_Dirac	Dirac
/wiki/Life_(magazine)	LIFE Magazine
/wiki/Frederick_Reines	Reines
/wiki/James_M._Bardeen	James
/wiki/Electrolyte	electrolytes
/wiki/Enrico_Fermi	Fermi
/wiki/Wolfgang_Paul	Paul
/wiki/Henry_Augustus_Rowland	Henry Augustus Rowland
/wiki/Nobel_Prize_in_Physics	Nobel Prize in Physics
/wiki/David_Lee_(physicist)	D. Lee
/wiki/Robert_Hofstadter	Hofstadter
/wiki/Summit,_New_Jersey	Summit, New Jersey
/wiki/Melvin_Schwartz	Schwartz
/wiki/Postage_stamp	postage stamp
/wiki/Adam_Riess	Riess
/wiki/Walther_Bothe	Bothe
/wiki/Floyd_K._Richtmyer	Floyd K. Richtmyer
/wiki/Thesis	Thesis
/wiki/Victor_Frederick_Weisskopf	Victor Frederick Weisskopf
/wiki/Bibcode	Bibcode
/wiki/Robert_Woodrow_Wilson	R. Wilson
/wiki/Isidor_Isaac_Rabi	Rabi
/wiki/Zeta_Psi	Zeta Psi
/wiki/Ernst_A._Guillemin	Ernst A. Guillemin
/wiki/Hans_Bethe	H. Bethe
/wiki/Pittsburgh	Pittsburgh
/wiki/Ilya_Frank	Frank
/wiki/Transistor	Transistor
/wiki/Vitaly_Ginzburg	Ginzburg
/wiki/Massachusetts	Massachusetts
/wiki/John_Robert_Schrieffer	Schrieffer
/wiki/Harold_A._Wheeler	Harold A. Wheeler
/wiki/University_of_Wisconsin%E2%80%93Madison	University of Wisconsin–Madison
/wiki/Polykarp_Kusch	Kusch
/wiki/Bell_Labs	Bell Labs
/wiki/Solid-state_physics	solid-state physics
/wiki/Henry_Way_Kendall	Kendall
/wiki/Maurice_Goldhaber	Maurice Goldhaber
/wiki/Arthur_Gordon_Webster	Arthur Gordon Webster
/wiki/Takaaki_Kajita	Kajita
/wiki/Louis_de_Broglie	De Broglie
/wiki/Stuart_Ballantine_Medal	Stuart Ballantine Medal
/wiki/Julius_Adams_Stratton	Julius Adams Stratton
/wiki/Subrahmanyan_Chandrasekhar	Chandrasekhar
/wiki/Eric_Allin_Cornell	Cornell
/wiki/Homer_Neal	Homer Neal
/wiki/Mathematical_physics	mathematical physics
/wiki/Shuji_Nakamura	Nakamura
/wiki/Fritz_London	Fritz London
/wiki/William_Littell_Everitt	William L. Everitt
/wiki/Ernest_Lawrence	Lawrence
/wiki/Carl_David_Anderson	C. D. Anderson
/wiki/Biographical_Memoirs_of_Fellows_of_the_Royal_Society	Biographical Memoirs of Fellows of the Royal Society
/wiki/James_Cronin	Cronin
/wiki/Vladimir_Zworykin	Vladimir Zworykin
/wiki/Pieter_Zeeman	Zeeman
/wiki/James_Chadwick	Chadwick
/wiki/William_Francis_Gray_Swann	William Francis Gray Swann
/wiki/Serge_Haroche	Haroche
/wiki/Eugene_Wigner	E. Wigner
/wiki/Philip_Warren_Anderson	P. W. Anderson
/wiki/Albert_Einstein	Einstein
/wiki/Electrical_engineering	electrical engineering
/wiki/University_of_Illinois	University of Illinois
/wiki/Andre_Geim	Geim
/wiki/Sidney_Drell	Sidney Drell
/wiki/William_Alfred_Fowler	William A. Fowler
/wiki/New_York_Times	New York Times
/wiki/Henry_Gale_(astrophysicist)	Henry Gale
/wiki/American_Academy_of_Arts_and_Sciences	American Academy of Arts and Sciences
/wiki/Boston,_Massachusetts	Boston, Massachusetts
/wiki/Bachelor_of_Science	Bachelor of Science
/wiki/Arthur_Leonard_Schawlow	Arthur Leonard Schawlow
/wiki/William_Shockley	William Shockley
/wiki/James_S._Langer	James S. Langer
/wiki/Masatoshi_Koshiba	Koshiba
/wiki/Kai_Siegbahn	K. Siegbahn
/wiki/Philip_M._Morse	Philip M. Morse
/wiki/Rudolf_Kalman	Rudolf Kalman
/wiki/Charles_H._Townes	Townes
/wiki/John_Archibald_Wheeler	John Archibald Wheeler
/wiki/Pierre-Gilles_de_Gennes	de Gennes
/wiki/John_Hasbrouck_van_Vleck	John Hasbrouck van Vleck
/wiki/Royal_Society	Royal Society
/wiki/Zhores_Alferov	Alferov
/wiki/Nevill_Francis_Mott	Mott
/wiki/Robert_Coleman_Richardson	R. Richardson
