/wiki/Uralic_languages	Uralic languages
/wiki/Yokutsan_languages	Yokutsan
/wiki/Karuk_language	Karuk
/wiki/Northeast_Caucasian_languages	Northeast Caucasian
/wiki/Tequiraca%E2%80%93Canichana_languages	Tequiraca–Canichana
/wiki/Northern_Europe	Northern Europe
/wiki/Constructed_language	Artificial languages
/wiki/Ongan_languages	Ongan
/wiki/Kainuu_Sami_language	Kainuu
/wiki/Language	languages
/wiki/Barbacoan_languages	Barbacoan
/wiki/Yugra	Yugria
/wiki/Votic_language	Votic
/wiki/Khoe_languages	Khoe
/wiki/Otto_Donner	Donner, Otto
/wiki/Tequistlatecan_languages	Tequistlatecan
/wiki/Maiduan_languages	Maiduan
/wiki/Worrorran_languages	Worrorran
/wiki/Meshcherian_language	Meshcherian
/wiki/Genitive_case	genitive
/wiki/Diphthong	diphthongs
/wiki/Chimane_language	Chimane
/wiki/Ob_River	Ob River
/wiki/Dravidian_languages	Dravidian
/wiki/Washo_language	Washo
/wiki/Mascoian_languages	Mascoian
/wiki/Bangime_language	Bangime
/wiki/Darwin_Region_languages	Darwin River
/wiki/Kven_language	Kven
/wiki/Mordvinic_languages	Mordvinic
/wiki/Algic_languages	Algic
/wiki/Ural_Mountains	Ural Mountains
/wiki/University_of_Helsinki	University of Helsinki
/wiki/Mirndi_languages	Mirndi
/wiki/Ugric_languages	Ugric
/wiki/Grammatical_case	grammatical cases
/wiki/Numeral_(linguistics)	numeral
/wiki/Kapori_language	Kapori
/wiki/Finland	Finland
/wiki/English_language	English
/wiki/Journal_de_la_Soci%C3%A9t%C3%A9_Finno-Ougrienne	Journal de la Société Finno-Ougrienne
/wiki/Forest_Nenets_language	Forest Nenets
/wiki/Uralo-Siberian_languages	Uralo-Siberian languages
/wiki/Mordvinic_languages	Mordvin
/wiki/Jicaquean_languages	Jicaquean
/wiki/Inari_Sami_language	Inari
/wiki/Germanic_umlaut	Germanic umlaut
/wiki/Erzya_language	Erzya
/wiki/Lencan_languages	Lencan
/wiki/Tundra_Nenets_language	Tundra Nenets
/wiki/Altaic_languages	Altaic languages
/wiki/Cahuapanan_languages	Cahuapanan
/wiki/Languages_of_Europe	Europe
/wiki/ISO_639-5	ISO 639-5
/wiki/Consonant_gradation	consonant gradation
/wiki/Pidgin	Pidgins
/wiki/Russian_language	Russian
/wiki/Salishan_languages	Salishan
/wiki/Eugene_Helimski	Helimski
/wiki/Malak-Malak_language	Malak-Malak
/wiki/Kariri_languages	Kariri
/wiki/Chinookan_languages	Chinookan
/wiki/Proto-Indo-European_language	Proto-Indo-European
/wiki/Spoken_Finnish	colloquial Finnish
/wiki/Pite_Sami_language	Pite
/wiki/Ob-Ugric_languages	Ob-Ugric languages
/wiki/Estonia	Estonia
/wiki/Germany	German
/wiki/Caddoan_languages	Caddoan
/wiki/Basque_language	Basque
/wiki/Alsea_language	Alsea
/wiki/Umlaut_(linguistics)	umlaut
/wiki/Possessive_suffix	possessive suffixes
/wiki/Northern_Sami_language	Northern
/wiki/Kosare_language	Kosare
/wiki/Locative_case	locative
/wiki/Northern_Sami_language	Northern Sami
/wiki/Xincan_languages	Xincan
/wiki/Sumerian_language	Sumerian
/wiki/Michael_Fortescue	Michael Fortescue
/wiki/Northwest_Caucasian_languages	Northwest Caucasian
/wiki/Nenets_languages	Nenets
/wiki/Otto_Donner	Otto Donner
/wiki/Pyu_language_(Papuan)	Pyu
/wiki/Irantxe_language	Irantxe
/wiki/Zaparoan_languages	Zaparoan
/wiki/Geoffrey_Pullum	Pullum, Geoffrey K.
/wiki/Austroasiatic_languages	Austroasiatic
/wiki/Agglutination	agglutination
/wiki/Germania_(book)	Germania
/wiki/Totozoquean_languages	Totozoquean
/wiki/Skolt_Sami	Skolt Sami
/wiki/Mansi_language	Mansi
/wiki/Ablaut	ablaut
/wiki/Giimbiyu_language	Giimbiyu
/wiki/Kaure_language	Kaure
/wiki/Language_family	language families
/wiki/Charruan_languages	Charruan
/wiki/Piawi_languages	Piawi
/wiki/Mai_Brat_languages	Mai Brat
/wiki/Chimariko_language	Chimariko
/wiki/Austronesian_languages	Austronesian
/wiki/Fenni	Fenni
/wiki/Sami_people	Sami
/wiki/Illative_case	illative
/wiki/Proto-Uralic_homeland_hypotheses	Proto-Uralic homeland hypotheses
/wiki/Arawakan_languages	Arawakan
/wiki/Ingrian_language	Ingrian
/wiki/Eurasiatic_languages	Eurasiatic languages
/wiki/Language_family	language family
/wiki/Maku_language_of_Roraima	Maku of Roraima
/wiki/Finno-Ugric_languages	Finno-Ugric languages
/wiki/Nilo-Saharan_languages	Nilo-Saharan
/wiki/Monophthong	monophthongs
/wiki/Yeniseian_languages	Yeniseian
/wiki/Pahoturi_languages	Pahoturi
/wiki/Sandawe_language	Sandawe
/wiki/Dative_case	dative case
/wiki/Waia_language	Waia
/wiki/Waikuri_language	Waikuri
/wiki/Volga_River	Volga River
/wiki/Mesoamerican_languages	Mesoamerica
/wiki/Seto_language	Seto
/wiki/Kemi_Sami_language	Kemi
/wiki/Western_Tasmanian_languages	Western Tasmanian
/wiki/Holger_Pedersen_(linguist)	Holger Pedersen
/wiki/Turkic_peoples	Turkic
/wiki/Trans%E2%80%93New_Guinea_languages	Trans–New Guinea
/wiki/Lative_case	lative
/wiki/Bj%C3%B6rn_Collinder	Collinder, Björn
/wiki/Suffix	suffixes
/wiki/Goilalan_languages	Goilalan
/wiki/Mordvinic_languages	Mordvinic languages
/wiki/Samoyedic_languages	Samoyed
/wiki/Mongolic_languages	Mongolic
/wiki/Nihali_language	Nihali
/wiki/Wagiman_language	Wagiman
/wiki/Purian_languages	Purian
/wiki/Antal_Reguly	Antal Reguly
/wiki/Uto-Aztecan_languages	Uto-Aztecan
/wiki/Elamite_language	Elamite
/wiki/Eastern_Trans-Fly_languages	Eastern Trans-Fly
/wiki/Tuu_languages	Tuu
/wiki/Yele_%E2%80%93_West_New_Britain_languages	Yele – West New Britain
/wiki/Finno-Ugric_languages	Finno-Ugric
/wiki/Komi_language	Komi
/wiki/Plural	plural
/wiki/Left_May_languages	Left May
/wiki/Arnhem_languages	Arnhem
/wiki/Proto-Indo-Iranian_language	Proto-Indo-Iranian
/wiki/Wakashan_languages	Wakashan
/wiki/Nadahup_languages	Nadahup
/wiki/Trans-Fly%E2%80%93Bulaka_River_languages	Trans-Fly–Bulaka River
/wiki/Indo-European_languages	Indo-European languages
/wiki/Chibchan_languages	Chibchan
/wiki/Tsimshianic_languages	Tsimshianic
/wiki/Digaro_languages	Digaro
/wiki/Taiap_language	Taiap
/wiki/Huave_language	Huave
/wiki/Lower_Mamberamo_languages	Lower Mamberamo
/wiki/Hattic_language	Hattic
/wiki/Tiwi_language	Tiwi
/wiki/Hungary	Hungary
/wiki/East_Bird%27s_Head_%E2%80%93_Sentani_languages	East Bird's Head – Sentani
/wiki/Aharon_Dolgopolsky	Aharon Dolgopolsky
/wiki/Japonic_languages	Japonic
/wiki/Tiniguan_languages	Tiniguan
/wiki/Languages_of_Asia	Asia
/wiki/Yam_languages	Yam
/wiki/Eurasiatic_languages	Eurasiatic
/wiki/Arawan_languages	Arauan
/wiki/Northern_Sami	North
/wiki/Monumbo_languages	Monumbo
/wiki/Eastern_Europe	Eastern
/wiki/Nivkh_language	Nivkh
/wiki/Finno-Lappic_languages	Finno-Lappic
/wiki/Bunuban_languages	Bunuban
/wiki/North_Bougainville_languages	North Bougainville
/wiki/Tucanoan_languages	Tucanoan
/wiki/Marrgu_language	Marrgu
/wiki/Mator_language	Mator
/wiki/Selkup_language	Selkup
/wiki/Chiquitano_language	Chiquitano
/wiki/Glottolog	Glottolog
/wiki/Kai_Donner	Kai Donner
/wiki/Isirawa_language	Isirawa
/wiki/Language_death	extinct languages
/wiki/Kiwaian_languages	Kiwaian
/wiki/Finnic_languages	Finnic languages
/wiki/J%C3%A1nos_Sajnovics	János Sajnovics
/wiki/Kutenai_language	Kutenai
/wiki/Moscovia	Moscovia
/wiki/Keresan_languages	Keresan
/wiki/Georg_Stiernhielm	Georg Stiernhielm
/wiki/Possessive_adjective	possessive adjectives
/wiki/Mixed_language	Mixed languages
/wiki/Leco_language	Leco
/wiki/Haida_language	Haida
/wiki/Dravidian_languages	Dravidian languages
/wiki/Warao_language	Warao
/wiki/Pauwasi_languages	Pauwasi
/wiki/Vladimir_Napolskikh	Napolskikh, Vladimir
/wiki/Pawaia_language	Pawaia
/wiki/Guajiboan_languages	Guajiboan
/wiki/Arab_sign-language_family	Arab
/wiki/Siberia	Siberia
/wiki/Porome_language	Porome
/wiki/Oto-Manguean_languages	Oto-Manguean
/wiki/Hokan_languages	Hokan
/wiki/Volga_River	Volga
/wiki/Totonacan_languages	Totonacan
/wiki/Na-Dene_languages	Na-Dene
/wiki/Vladislav_Illich-Svitych	Vladislav Illich-Svitych
/wiki/Yurats_language	Yurats
/wiki/Trumai_language	Trumai
/wiki/Movima_language	Movima
/wiki/Senagi_languages	Senagi
/wiki/Choco_languages	Choco
/wiki/Unclassified_language	Unclassified languages
/wiki/Wintuan_languages	Wintuan
/wiki/Chonan_languages	Chonan
/wiki/Shastan_languages	Shastan
/wiki/Russian_revolution	Russian revolution
/wiki/Matthias_Castr%C3%A9n	Matthias Castrén
/wiki/Moksha_language	Moksha
/wiki/Philip_Johan_von_Strahlenberg	Philip Johan von Strahlenberg
/wiki/Sino-Tibetan_languages	Sino-Tibetan
/wiki/Karelian_language	Karelian
/wiki/Chumashan_languages	Chumashan
/wiki/Ramu%E2%80%93Lower_Sepik_languages	Ramu–Lower Sepik
/wiki/Grand_Duchy_of_Finland	Grand Duchy of Finland
/wiki/Finnish_language	Finnish
/wiki/Udmurt_language	Udmurt
/wiki/Western_Daly_languages	Western Daly
/wiki/Chukotko-Kamchatkan_languages	Chukotko-Kamchatkan
/wiki/Tupian_languages	Tupian
/wiki/Abinomn_language	Abinomn
/wiki/Robert_Caldwell	Robert Caldwell
/wiki/Hruso_language	Hruso
/wiki/Teberan_languages	Teberan
/wiki/Nimboran_languages	Nimboran
/wiki/Indo-Pakistani_Sign_Language	Indo-Pakistani
/wiki/Abun_language	Abun
/wiki/Passive_voice	Passive voice
/wiki/Adessive_case	adessive case
/wiki/Partitive	partitive
/wiki/Finno-Volgaic_languages	Finno-Volgaic
/wiki/Nostratic_languages	Nostratic languages
/wiki/Amberbaken_language	Amberbaken
/wiki/Lakes_Plain_languages	Lakes Plain
/wiki/Ume_Sami_language	Ume
/wiki/Matacoan_languages	Matacoan
/wiki/Language_Log	Language Log
/wiki/Plateau_Penutian_languages	Plateau Penutian
/wiki/Kamassian_language	Kamass
/wiki/Pomoan_languages	Pomoan
/wiki/Cariban_languages	Cariban
/wiki/Central_Europe	Central
/wiki/Tyrsenian_languages	Tyrsenian
/wiki/Finno-Ugrian_Society	Finno-Ugrian Society
/wiki/Jalaa_language	Jalaa
/wiki/Hadza_language	Hadza
/wiki/Samoyedic_languages	Samoyedic
/wiki/Meadow_Mari_language	Meadow
/wiki/Imperial_Russia	under Russian rule
/wiki/Northern_Tasmanian_languages	Northern Tasmanian
/wiki/Miji_languages	Miji
/wiki/Miju_language	Miju
/wiki/Samuel_Gyarmathi	Sámuel Gyarmathi
/wiki/Skou_languages	Skou
/wiki/Kho-Bwa_languages	Kho-Bwa
/wiki/Utian_languages	Utian
/wiki/Tone_(linguistics)	tone
/wiki/Comecrudan_languages	Comecrudan
/wiki/Iwaidjan_languages	Iwaidjan
/wiki/Baining_languages	Baining
/wiki/Wagaydyic_languages	Wagaydyic
/wiki/Zamucoan_languages	Zamucoan
/wiki/Sigismund_von_Herberstein	Sigismund von Herberstein
/wiki/Muskogean_languages	Muskogean
/wiki/Larry_Trask	Trask, R.L.
/wiki/Eastern_Tasmanian_languages	Eastern Tasmanian
/wiki/Southern_Sami_language	Southern
/wiki/Huaorani_language	Huaorani
/wiki/Zuni_language	Zuni
/wiki/Gyula_L%C3%A1szl%C3%B3	Gyula László
/wiki/Hungarians	Hungarians
/wiki/Takelma_language	Takelma
/wiki/Eugene_Helimski	Helimski, Eugene
/wiki/Bhadriraju_Krishnamurti	Bhadriraju Krishnamurti
/wiki/Yawa_languages	Yawa
/wiki/Murkim_language	Murkim
/wiki/Essive_case	essive
/wiki/Chimuan_languages	Chimuan
/wiki/Poland	Poland
/wiki/Thomas_Burrow	Thomas Burrow
/wiki/Yana_language	Yana
/wiki/Kartvelian_languages	Kartvelian
/wiki/Livonian_language	Livonian
/wiki/Sepik_languages	Sepik
/wiki/Knut_Bergsland	Bergsland
/wiki/Jarrakan_languages	Jarrakan
/wiki/Eastern_Daly_languages	Eastern Daly
/wiki/Mongolian_language	Mongolian
/wiki/Yanomaman_languages	Yanomaman
/wiki/Great_Andamanese_languages	Great Andamanese
/wiki/Krenak_languages	Krenak
/wiki/Bulaka_River_languages	Bulaka River
/wiki/Massep_language	Massep
/wiki/Busa_language_(Papuan)	Busa
/wiki/Koreanic_languages	Koreanic
/wiki/Ubangian_languages	Ubangian
/wiki/Language_contact	language contact
/wiki/Budini	Budini
/wiki/Quechuan_languages	Quechuan
/wiki/Kamassian_language	Kamassian
/wiki/Northeastern_coastal_Estonian	Northeastern coastal
/wiki/Enets_language	Enets
/wiki/Samoyedic_languages	Samoyedic languages
/wiki/Nambikwaran_languages	Nambikwaran
/wiki/Northeastern_Tasmanian_languages	Northeastern Tasmanian
/wiki/Ural%E2%80%93Altaic_languages	Ural–Altaic languages
/wiki/Copula_(linguistics)	copula
/wiki/Lepki_language	Lepki
/wiki/Hattam_language	Hattam
/wiki/Tangkic_languages	Tangkic
/wiki/Sulka_language	Sulka
/wiki/Itonama_language	Itonama
/wiki/Lule_Sami_language	Lule
/wiki/Johann_Georg_von_Eckhart	Johann Georg von Eckhart
/wiki/Burushaski	Burushaski
/wiki/Skolt_Sami_language	Skolt
/wiki/Estonian_language	Estonian
/wiki/Jirajaran_languages	Jirajaran
/wiki/Kuot_language	Kuot
/wiki/Siuslaw_language	Siuslaw
/wiki/Kwomtari_languages	Kwomtari
/wiki/East_Geelvink_Bay_languages	East Geelvink Bay
/wiki/Catacaoan_languages	Catacaoan
/wiki/Garawan_languages	Garawan
/wiki/Fas_languages	Fas
/wiki/Chapacuran_languages	Chapacuran
/wiki/Hill_Mari_language	Hill Mari
/wiki/Sino-Austronesian_languages	Sino-Austronesian
/wiki/Veps_language	Veps
/wiki/Jivaroan_languages	Jivaroan
/wiki/Yugra	Yugra
/wiki/Bororoan_languages	Bororoan
/wiki/Central_Solomon_languages	Central Solomons
/wiki/North_Asia	North Asia
/wiki/Aymaran_languages	Aymaran
/wiki/European_Union	European Union
/wiki/Indo-Uralic_languages	Indo-Uralic languages
/wiki/Oka_River	Oka River
/wiki/Negative_verb	negative verb
/wiki/Superessive_case	superessive
/wiki/Tacitus	Tacitus
/wiki/Robert_Austerlitz	Austerlitz, Robert
/wiki/Finno-Permic_languages	Finno-Permic
/wiki/Meadow_Mari_language	Meadow Mari
/wiki/Misumalpan_languages	Misumalpan
/wiki/Ainu_languages	Ainu
/wiki/Mayan_languages	Mayan
/wiki/Mari_language	Mari
/wiki/Siangic_languages	Siangic
/wiki/Mande_languages	Mande
/wiki/Volga_Finns	Volgaic
/wiki/List_of_sign_languages	List of sign languages
/wiki/Maximilian_Hell	Maximilian Hell
/wiki/Ludic_language	Ludic
/wiki/Tungusic_languages	Tungusic
/wiki/Urheimat	Urheimat
/wiki/Indo-Uralic_languages	Indo-Uralic
/wiki/Vowel_harmony	vowel harmony
/wiki/Grammatical_gender	grammatical gender
/wiki/Possessive_pronoun	possessive pronouns
/wiki/Andoque_language	Andoque
/wiki/Proto-Uralic_language	Proto-Uralic language
/wiki/Southern_Daly_languages	Southern Daly
/wiki/Ob-Ugric_languages	Ob-Ugric
/wiki/Indo-European	Indo-European
/wiki/Yuchi_language	Yuchi
/wiki/Timucua_language	Timucua
/wiki/Eugene_Helimski	Helimski, Eugen
/wiki/South_Estonian_language	South Estonian
/wiki/Lexicostatistics	Lexicostatistics
/wiki/Russia	Russia
/wiki/Palaihnihan_languages	Palaihnihan
/wiki/Laal_language	Laal
/wiki/Hungarian_language	Hungarian
/wiki/Gottfried_Leibniz	Leibniz
/wiki/Nukak_language	Nukak
/wiki/Kama_River	Kama Rivers
/wiki/Karelian_language	Karelian proper
/wiki/Altaic_languages	Altaic
/wiki/Merya_language	Merya
/wiki/Vowel_harmony	Vowel harmony
/wiki/Yuat_languages	Yuat
/wiki/Hurro-Urartian_languages	Hurro-Urartian
/wiki/Kusunda_language	Kusunda
/wiki/Definiteness	definiteness
/wiki/Language_isolate	Language isolates
/wiki/Kildin_Sami_language	Kildin
/wiki/Finnic_languages	Finnic
/wiki/Yabutian_languages	Yabutian
/wiki/Urarina_language	Urarina
/wiki/Bj%C3%B6rn_Collinder	Björn Collinder
/wiki/Permic_languages	Permic
/wiki/South_Bougainville_languages	South Bougainville
/wiki/Proto-Uralic	Proto-Uralic
/wiki/Akkala_Sami_language	Akkala
/wiki/Rikbaktsa_language	Rikbaktsa
/wiki/Joseph_Greenberg	Joseph Greenberg
/wiki/Arafundi_languages	Arafundi
/wiki/Dem_language	Dem
/wiki/Araucanian_languages	Araucanian
/wiki/Songhay_languages	Songhay
/wiki/Puinave_language	Puinave
/wiki/Coosan_languages	Coosan
/wiki/Palatalization_(phonetics)	palatalization
/wiki/Austro-Tai_languages	Austro-Tai
/wiki/Inessive_case	inessive
/wiki/Languages_of_Africa	Africa
/wiki/Baltic_Sea	Baltic Sea
/wiki/Iroquoian_languages	Iroquoian
/wiki/Eskimo%E2%80%93Aleut_languages	Eskimo–Aleut languages
/wiki/Ter_Sami_language	Ter
/wiki/Suomalaisen_Kirjallisuuden_Seura	Suomalaisen Kirjallisuuden Seura
/wiki/Nyulnyulan_languages	Nyulnyulan
/wiki/Guaicuruan_languages	Guaicuruan
/wiki/Mairasi_languages	Mairasi
/wiki/Yukaghir_languages	Yukaghir
/wiki/The_Economist	The Economist
/wiki/Khanty_language	Khanty
/wiki/Afroasiatic_languages	Afroasiatic
/wiki/Eskimo%E2%80%93Uralic_languages	Eskimo–Uralic languages
/wiki/Sign_language	sign languages
/wiki/Geoffrey_Pullum	Geoffrey Pullum
/wiki/Baltic-Finnic	Baltic-Finnic
/wiki/Tanoan_languages	Tanoan
/wiki/Creole_language	Creoles
/wiki/Palatalization_(phonetics)	Palatalization
/wiki/Kalapuyan_languages	Kalapuyan
/wiki/Muromian_language	Muromian
/wiki/Puroik_language	Puroik
/wiki/Siouan_languages	Siouan
/wiki/Chimakuan_languages	Chimakuan
/wiki/Andr%C3%A9_Martinet	Martinet, André
/wiki/Southern_Sami	South
/wiki/Seri_language	Seri
/wiki/Uralo-Siberian_languages	Uralo-Siberian
/wiki/Nostratic_languages	Nostratic
/wiki/Nganasan_language	Nganasan
/wiki/Torricelli_languages	Torricelli
/wiki/Language_change	language change
/wiki/Uralic%E2%80%93Yukaghir_languages	Uralic–Yukaghir languages
/wiki/West_Papuan_languages	West Papuan
/wiki/Penutian_languages	Penutian
/wiki/Cuitlatec_language	Cuitlatec
