/wiki/University_of_Gothenburg	University of Gothenburg
/wiki/Royal_Swedish_Academy_of_Letters,_History_and_Antiquities	Royal Swedish Academy of Letters, History and Antiquities
/wiki/Laureate	laureate
/wiki/Karolinska_Institutet	Karolinska Institutet
/wiki/Academic_Ranking_of_World_Universities	Academic Ranking of World Universities
/wiki/Nordic_Journal_of_English_Studies	Nordic Journal of English Studies
/wiki/Aleksandra_Mir	Aleksandra Mir
/wiki/H%C3%B6gskolan_f%C3%B6r_scen_och_musik	Högskolan för scen och musik
/wiki/GOArt	GOArt
/wiki/Gunnar_Svedberg	Gunnar Svedberg
/wiki/Ernst_Cassirer	Ernst Cassirer
/wiki/Sahlgrenska_Academy	Sahlgrenska Academy
/wiki/Public_university	Public
/wiki/Norwegian_University_of_Science_and_Technology	Norwegian University of Science and Technology
/wiki/Chalmers_University_of_Technology	Chalmers University of Technology
/wiki/Jan_Eliasson	Jan Eliasson
/wiki/Joseph_Fourier_University	Joseph Fourier University
/wiki/University_of_Wroc%C5%82aw	University of Wrocław
/wiki/Sahlgrenska_University_Hospital	University Hospital
/wiki/Uppsala_University	Uppsala University
/wiki/Honorary_doctorate	honorary doctorates
/wiki/%C3%85ke_Edwardson	Åke Edwardson
/wiki/Academia_Europaea	Academia Europaea
/wiki/Gothenburg_International_Bioscience_Business_School	Bioscience Business School
/wiki/Abrahamsson_and_Anderson_v_Fogelqvist	Abrahamsson and Anderson v Fogelqvist
/wiki/University_of_Oxford	Oxford University
/wiki/Ghent_University	Ghent University
/wiki/University_of_Las_Palmas_de_Gran_Canaria	University of Las Palmas de Gran Canaria
/wiki/Vigd%C3%ADs_Finnbogad%C3%B3ttir	Vigdís Finnbogadóttir
/wiki/Aalborg_University	Aalborg University
/wiki/University_of_Valladolid	University of Valladolid
/wiki/%C3%96sten_Dahl	Östen Dahl
/wiki/Nordicom	Nordicom
/wiki/Gunnar_D_Hansson	Gunnar D Hansson
/wiki/Karlstad_University	Karlstad
/wiki/Nils_Kock	Nils Kock
/wiki/Rector_(academia)	Rector
/wiki/List_of_universities_in_Sweden	List of universities in Sweden
/wiki/Pierre_Mend%C3%A8s-France_University	Pierre Mendès-France University
/wiki/Swedish_language	Swedish
/wiki/Cecilia_Malmstr%C3%B6m	Cecilia Malmström
/wiki/Malm%C3%B6_University_College	Malmö University
/wiki/Uppsala_University	Uppsala
/wiki/Hjalmar_Frisk	Hjalmar Frisk
/wiki/Swedish_Academy	Swedish Academy
/wiki/HDK_(school)	HDK
/wiki/Royal_Swedish_Academy_of_Sciences	Royal Swedish Academy of Sciences
/wiki/Lindholmen_Science_Park	Lindholmen Science Park
/wiki/Latin_language	Latin
/wiki/Gothenburg_quadricentennial_jubilee	Gothenburg quadricentennial jubilee
/wiki/University_of_Kent	University of Kent
/wiki/University_of_Rouen	University of Rouen
/wiki/Royal_Society_of_Sciences_and_Letters_in_Gothenburg	Royal Society of Sciences and Letters in Gothenburg
/wiki/Percy_Barnevik	Percy Barnevik
/wiki/University_of_Le_Havre	University of Le Havre
/wiki/Stockholm_School_of_Economics	Stockholm School of Economics
/wiki/University_of_Bari	University of Bari
/wiki/Center_for_Intellectual_Property_Studies	Center for Intellectual Property Studies
/wiki/University_of_Porto	University of Porto
/wiki/Sweden	Sweden
/wiki/University_of_Bergen	University of Bergen
/wiki/University_of_Osnabr%C3%BCck	University of Osnabrück
/wiki/Sture_All%C3%A9n	Sture Allén
/wiki/Linda_Haas	Linda Haas
/wiki/University_of_Murcia	University of Murcia
/wiki/G%C3%B6teborg_Organ_Art_Center	Göteborg Organ Art Center
/wiki/The_International_Science_Festival_in_Gothenburg	The International Science Festival in Gothenburg
/wiki/Babe%C8%99-Bolyai_University	Babeș-Bolyai University
/wiki/Swedish_National_Defence_College	Swedish National Defence College
/wiki/Financial_endowment	Endowment
/wiki/David_Cox_(statistician)	David Cox
/wiki/United_Nations_General_Assembly	United Nations General Assembly
/wiki/Bo_Rothstein	Bo Rothstein
/wiki/Malin_Bystr%C3%B6m	Malin Byström
/wiki/Adam_Mickiewicz_University	Adam Mickiewicz University
/wiki/IT_University	IT University
/wiki/University_of_Limerick	University of Limerick
/wiki/Grenoble_Institute_of_Technology	Grenoble Institute of Technology
/wiki/The_Hundred-Year-Old_Man_Who_Climbed_Out_the_Window_and_Disappeared	The Hundred-Year-Old Man Who Climbed Out the Window and Disappeared
/wiki/Njuguna_Ndungu	Njuguna Ndungu
/wiki/Lotta_Lotass	Lotta Lotass
/wiki/University_of_Southern_Denmark	University of Southern Denmark
/wiki/Eindhoven_University_of_Technology	Eindhoven University of Technology
/wiki/Arvid_Carlsson	Arvid Carlsson
/wiki/Nick_Bostrom	Nick Bostrom
/wiki/Valand_Academy	Valand Academy
/wiki/Tore_Janson	Tore Janson
/wiki/University_of_Patras	University of Patras
/wiki/QS_World_University_Rankings	QS World University Rankings
/wiki/University_of_Bayreuth	University of Bayreuth
/wiki/Bernhard_Karlgren	Bernhard Karlgren
/wiki/Gothenburg_School_of_Economics_and_Commercial_Law	Gothenburg School of Economics and Commercial Law
/wiki/Mid_Sweden_University	Mid Sweden
/wiki/Magnus_Carlsson	Magnus Carlsson
/wiki/Stockholm_University	Stockholm
/wiki/University_of_Catania	University of Catania
/wiki/University_of_Rennes_2_%E2%80%93_Upper_Brittany	University of Rennes 2 – Upper Brittany
/wiki/University_of_Trieste	University of Trieste
/wiki/Polytechnic_University_of_Valencia	Polytechnic University of Valencia
/wiki/University_of_Giessen	University of Giessen
/wiki/Jens_Allwood	Jens Allwood
/wiki/University_of_Minho	University of Minho
/wiki/Hillary_Clinton	Hillary Clinton
/wiki/Gothenburg_University_Library	Library
/wiki/Green_Party_(Sweden)	Green Party
/wiki/Santander_Network	Santander Network
/wiki/Lund_University	Lund
/wiki/Curt_Weibull	Curt Weibull
/wiki/Gothenburg_Theatre_Academy	Theatre Academy
/wiki/University_of_Pau_and_Pays_de_l%27Adour	University of Pau and Pays de l'Adour
/wiki/School_colors	Colours
/wiki/Central_Bank_of_Kenya	Central Bank of Kenya
/wiki/Gothenburg	Gothenburg
/wiki/School_of_Business,_Economics_and_Law	School of Business, Economics and Law
/wiki/Iceland	Iceland
/wiki/Future_of_Humanity_Institute	Future of Humanity Institute
/wiki/Jonas_Jonasson	Jonas Jonasson
/wiki/Culture_Collection_(University_of_Gothenburg)	Culture Collection
/wiki/Royal_Institute_of_Technology	Royal Institute of Technology
/wiki/School_of_Business,_Economics_and_Law	Business, Economics & Law
/wiki/Erik_L%C3%B6nnroth	Erik Lönnroth
/wiki/University_of_Rennes_1	University of Rennes 1
/wiki/European_Commissioner	European Commissioner
/wiki/Bo_Ralph	Bo Ralph
/wiki/University_of_Malta	University of Malta
/wiki/Asea_Brown_Boveri	Asea Brown Boveri
/wiki/Lund_University	Lund University
/wiki/Tj%C3%A4rn%C3%B6_Marine_Biological_Laboratory	Tjärnö Marine Biological Laboratory
/wiki/Linnaeus_University	Linnaeus University
/wiki/Susanna_Roxman	Susanna Roxman
/wiki/University_of_Leeds	University of Leeds
/wiki/Maria_Wetterstrand	Maria Wetterstrand
/wiki/Viktoria_Institute	Viktoria Institute
/wiki/Kock_pouch	Kock pouch
/wiki/University_of_Cantabria	University of Cantabria
/wiki/Swedish_University_of_Agricultural_Sciences	Swedish University of Agricultural Sciences
/wiki/University_of_Li%C3%A8ge	University of Liège
/wiki/Nordic_countries	Nordic countries
/wiki/Carl_Henrik_Fredriksson	Carl Henrik Fredriksson
/wiki/Sahlgrenska_University_Hospital	Sahlgrenska University Hospital
/wiki/Muhammad_al-Yaqoubi	Muhammad al-Yaqoubi
/wiki/Quality_of_Government_Institute	Quality of Government Institute
/wiki/Universidad_Aut%C3%B3noma_de_Nuevo_Le%C3%B3n	Universidad Autónoma de Nuevo León
/wiki/Doctorate	Doctoral students
