/wiki/List_of_cartographers	List of cartographers
/wiki/History_of_cartography	History of cartography
/wiki/Robert_Morden	Robert Morden
/wiki/Ptolemy	Ptolemy
/wiki/Gerard_de_Jode	Gerard de Jode
/wiki/Guillaume_Le_Vasseur_de_Beauplan	Guillaume Le Vasseur de Beauplan
/wiki/Diogo_Ribeiro	Diogo Ribeiro
/wiki/William_Roy	William Roy
/wiki/Gettysburg_National_Military_Park	Gettysburg National Military Park
/wiki/Iberian_Peninsula	Iberian Peninsula
/wiki/William_Mudge	William Mudge
/wiki/Gemma_Frisius	Gemma Frisius
/wiki/Marinus_of_Tyre	Marinus of Tyre
/wiki/Matth%C3%A4us_Seutter	Matthäus Seutter
/wiki/Carl_Diercke	Carl Diercke
/wiki/Jo%C3%A3o_Teixeira_Albernaz_I	João Teixeira Albernaz I
/wiki/Oronce_Fin%C3%A9	Oronce Finé
/wiki/Georg_Matth%C3%A4us_Vischer	Georg Matthäus Vischer
/wiki/Guillaume_Le_Testu	Guillaume Le Testu
/wiki/Augustin_Hirschvogel	Augustin Hirschvogel
/wiki/Samuel_Gustaf_Hermelin	Samuel Gustaf Hermelin
/wiki/Liu_An	Liu An
/wiki/Murdoch_McKenzie	Murdoch McKenzie
/wiki/Michael_van_Langren	Michael van Langren
/wiki/Jacques_le_Moyne	Jacques le Moyne
/wiki/Emmor_Cope	Cope, Emmor B
/wiki/Louis_Feuill%C3%A9e	Louis Feuillée
/wiki/Tom_Harrisson	Tom Harrisson
/wiki/Lucas_Janszoon_Waghenaer	Lucas Janszoon Waghenaer
/wiki/Waldo_R._Tobler	Waldo R. Tobler
/wiki/Philipp_Apian	Philipp Apian
/wiki/Civil_engineer	civil engineer
/wiki/Peter_Bienewitz	Peter Bienewitz
/wiki/Jacob_Roelofs_van_Deventer	Jacob Roelofs van Deventer
/wiki/Maximus_Planudes	Maximus Planudes
/wiki/Hessel_Gerritsz	Hessel Gerritsz
/wiki/Sebastian_M%C3%BCnster	Sebastian Münster
/wiki/Gerardus_Mercator	Gerardus Mercator
/wiki/Geographer	Geographer
/wiki/Atlantic_Neptune	Atlantic Neptune
/wiki/Su_Song	Su Song
/wiki/Dirck_Rembrantsz_van_Nierop	Dirck Rembrantsz van Nierop
/wiki/Simeon_De_Witt	Simeon De Witt
/wiki/Guillaume_Delisle	Guillaume Delisle
/wiki/Aerial_photographs	aerial photographs
/wiki/Henricus_Martellus_Germanus	Henricus Martellus Germanus
/wiki/Anaximander	Anaximander
/wiki/Edward_Wright_(mathematician)	Edward Wright (mathematician)
/wiki/Bartolomeu_Velho	Bartolomeu Velho
/wiki/Theatrum_Orbis_Terrarum	Theatrum Orbis Terrarum
/wiki/Jessamine_Shumate	Jessamine Shumate
/wiki/Amerigo_Vespucci_(explorer)	Amerigo Vespucci
/wiki/Cartography	Cartography
/wiki/Percy_Fawcett	Percy Fawcett
/wiki/Willem_Blaeu	Willem Janszoon Blaeu
/wiki/Shen_Kuo	Shen Kuo
/wiki/Roman_Syria	Roman Syria
/wiki/Joost_Janszoon_Bilhamer	Joost Janszoon Bilhamer
/wiki/Abel_Buell	Abel Buell
/wiki/Nicolas_Auguste_Tissot	Nicolas Auguste Tissot
/wiki/Dream_Pool_Essays	Dream Pool Essays
/wiki/List_of_geographers	List of geographers
/wiki/Mathematician	mathematician
/wiki/Louis_Isidore_Duperrey	Louis Isidore Duperrey
/wiki/John_Ogilby	John Ogilby
/wiki/Ancient_world_maps	Ancient world maps
/wiki/Alexandre_Vuillemin	Alexandre Vuillemin
/wiki/Roger_Brunet	Roger Brunet
/wiki/Archaeologist	archaeologist
/wiki/Emanuel_Bowen	Emanuel Bowen
/wiki/Martin_Waldseem%C3%BCller	Martin Waldseemüller
/wiki/Raised-relief_map	raised-relief map
/wiki/Dicaearchus	Dicaearchus
/wiki/Ptolemaic_Egypt	Ptolemaic Egypt
/wiki/Space_oblique_mercator_projection	space oblique mercator projection
/wiki/Three-dimensional_space	three-dimensional
/wiki/Robert_Moresby	Robert Moresby
/wiki/Friedrich_Christoph_M%C3%BCller	Friedrich Christoph Müller
/wiki/Adriaan_Reland	Adriaan Reland
/wiki/Brill%27s_New_Pauly	Brill's New Pauly
/wiki/Martin_Helwig	Martin Helwig
/wiki/Astronomer	astronomer
/wiki/Claes_Jansz_Visscher	Claes Jansz Visscher
/wiki/Daniel-Charles_Trudaine	Daniel-Charles Trudaine
/wiki/Hendrik_Hondius_II	Henricus Hondius
/wiki/James_Cook	James Cook
/wiki/Christopher_Saxton	Christopher Saxton
/wiki/Giovanni_Cassini	Giovanni Cassini
/wiki/Medieval_Arab_cartographers	Arab cartographer
/wiki/Fielding_Lucas,_Jr.	Fielding Lucas, Jr.
/wiki/David_Watson	David Watson
/wiki/Agostino_Codazzi	Agostino Codazzi
/wiki/Hartmann_Schedel	Hartmann Schedel
/wiki/Dr._E._Lee_Spence	Dr. E. Lee Spence
/wiki/William_R._Shepherd	William R. Shepherd
/wiki/Jacques-Nicolas_Bellin	Jacques-Nicolas Bellin
/wiki/Craig_retroazimuthal_projection	Craig retroazimuthal projection
/wiki/J._H._Colton	J. H. Colton
/wiki/Polymath	polymath
/wiki/Isaak_de_Graaff	Isaak de Graaff
/wiki/Cartography_of_India	Indian cartographer
/wiki/Apple_Maps	Apple Maps
/wiki/David_Thompson_(explorer)	David Thompson
/wiki/Napoleon	Napoleon
/wiki/Hipparchus	Hipparchus
/wiki/Ukraine	Ukraine
/wiki/Cartographer	cartographer
/wiki/Republic_of_Florence	Republic of Florence
/wiki/Gettysburg_Battlefield	Gettysburg Battlefield
/wiki/Piri_Reis	Piri Reis
/wiki/Miller_Atlas	Miller Atlas
/wiki/Majorca	Majorcan
/wiki/Venetian_Republic	Venetian
/wiki/Johann_Friedrich_Endersch	Johann Friedrich Endersch
/wiki/William_Faden	William Faden
/wiki/Thomas_Kitchin	Thomas Kitchin
/wiki/Liao_dynasty	Liao dynasty
/wiki/James_Ireland_Craig	James Ireland Craig
/wiki/Petrus_Plancius	Petrus Plancius
/wiki/John_Senex	John Senex
/wiki/Johann_Homann	Johann Homann
/wiki/Johannes_Werner	Johannes Werner
/wiki/Oceanographer	oceanographer
/wiki/Danny_Dorling	Danny Dorling
/wiki/Cosmographer	cosmographer
/wiki/Pictorial_maps	pictorial maps
/wiki/Pedro_Reinel	Pedro Reinel
/wiki/Boston_Harbor	Boston Harbor
/wiki/Timothy_Pont	Timothy Pont
/wiki/Pietro_Vesconte	Petrus Vesconte
/wiki/Arabesque_(European_art)	Arabesque
/wiki/Portolan_chart	Portolan chart
/wiki/George_III_of_the_United_Kingdom	George III of the United Kingdom
/wiki/Tissot%27s_indicatrix	Tissot's indicatrix
/wiki/Robert_Erskine	Colonel Robert Erskine
/wiki/Nautical_chart	nautical chart
/wiki/Ethnographer	ethnographer
/wiki/Brazil	Brazil
/wiki/Anatolia	Anatolia
/wiki/Corps_of_Topographical_Engineers	Corps of Topographical Engineers
/wiki/John_Paul_Goode	John Paul Goode
/wiki/Alain_Manesson_Mallet	Alain Manesson Mallet
/wiki/George_Comer	George Comer
/wiki/John_P._Snyder	John P. Snyder
/wiki/George_Washington	George Washington
/wiki/Robinson_projection	Robinson projection
/wiki/American_Revolution	American Revolution
/wiki/Swiss	Swiss
/wiki/Earth	Earth
/wiki/James_Wilson_(globe_maker)	James Wilson
/wiki/North_Carolina_State_University	North Carolina State University
/wiki/Thomas_Richardson_(cartographer)	Thomas Richardson
/wiki/Jacques_Cassini	Jacques Cassini
/wiki/Globe	globes
/wiki/Arthur_H._Robinson	Arthur H. Robinson
/wiki/Francis_Drake	Francis Drake
/wiki/Peter_Schenk_the_Elder	Peter Schenk the Elder
/wiki/John_Gibson_(cartographer)	John Gibson (cartographer)
/wiki/Herman_Moll	Herman Moll
/wiki/Matthias_Seutter	Matthias Seutter
/wiki/Johannes_van_Keulen	Johannes van Keulen
/wiki/Philippe_Vandermaelen	Philippe Vandermaelen
/wiki/Nicolaes_Visscher_I	Nicolaes Visscher I
/wiki/United_States_Navy	U.S. Navy officer
/wiki/Song_dynasty	Song dynasty
/wiki/Benedetto_Bordone	Benedetto Bordone
/wiki/Thaddeus_Mortimer_Fowler	Thaddeus Mortimer Fowler
/wiki/John_Arrowsmith_(cartographer)	John Arrowsmith
/wiki/Edward_A._Vincent	Edward A. Vincent
/wiki/Yuly_Shokalsky	Yuly Shokalsky
/wiki/Erhard_Etzlaub	Erhard Etzlaub
/wiki/Peter_Apian	Peter Apian
/wiki/Vincenzo_Coronelli	Vincenzo Coronelli
/wiki/Leonardo_da_Vinci	Leonardo da Vinci
/wiki/Mark_Newman	Mark Newman
/wiki/Thomas_Frederick_Colby	Thomas Frederick Colby
/wiki/Jacques_Bertin	Jacques Bertin
/wiki/Eduard_Imhof	Eduard Imhof
/wiki/Matth%C3%A4us_Merian	Matthäus Merian
/wiki/Marie_Tharp	Marie Tharp
/wiki/Johannes_Vingboons	Johannes Vingboons
/wiki/Pierre_Jacotin	Pierre Jacotin
/wiki/Mathematician	Mathematician
/wiki/Johannes_Blaeu	Johannes Blaeu
/wiki/Thomas_Moule	Thomas Moule
/wiki/Planisphere	planisphere
/wiki/Meteorologist	meteorologist
/wiki/Atlas	atlas
/wiki/Hispania	Hispania
/wiki/Angelino_Dulcert	Angelino Dulcert
/wiki/Heinrich_Theodor_Menke	Heinrich Theodor Menke
/wiki/Donnus_Nicholas_Germanus	Donnus Nicholas Germanus
/wiki/Johannes_Honterus	Johannes Honterus
/wiki/Huainanzi	Huainanzi
/wiki/Al-Idrisi	al-Idrisi
/wiki/Medieval_Persian_cartographers	Persian cartographer
/wiki/John_James_Abert	John James Abert
/wiki/Gabriel_de_Valseca	Gabriel de Valseca
/wiki/David_Woodward	David Woodward
/wiki/Monmouthshire_(historic)	Monmouthshire
/wiki/Bj%C3%B6rn_Gunnlaugsson	Björn Gunnlaugsson
/wiki/Lu%C3%ADs_Teixeira	Luís Teixeira
/wiki/Equator	Equator
/wiki/Piri_Reis	Piri Reis/Hadji Muhammad
/wiki/Louis_Albert_Guislain_Bacler_d%27Albe	Louis Albert Guislain Bacler d'Albe
/wiki/Jean-Dominique_Cassini	Jean-Dominique Cassini
/wiki/Joan_Blaeu	Joan Blaeu
/wiki/Jean_Baptiste_Bourguignon_d%27Anville	Jean Baptiste Bourguignon d'Anville
/wiki/William_Bligh	William Bligh
/wiki/Giovanni_Battista_Boazio	Giovanni Battista Boazio
/wiki/Continental_Army	Continental Army
/wiki/Philip_Johan_von_Strahlenberg	Philip Johan von Strahlenberg
/wiki/World_Digital_Library	World Digital Library
/wiki/Jorge_Reinel	Jorge Reinel
/wiki/Republic_of_Florence	Florence
/wiki/Usability	usability
/wiki/Henri_Michelot	Henri Michelot
/wiki/Horologist	horologist
/wiki/American_West	American West
/wiki/Robert_de_Vaugondy	Dider Robert de Vaugondy
/wiki/Pieter_van_der_Aa	Pieter van der Aa
/wiki/Rafael_Palacios_(artist)	Rafael Palacios
/wiki/Nikolas_Schiller	Nikolas Schiller
/wiki/Edme_Mentelle	Edme Mentelle
/wiki/Matthew_Fontaine_Maury	Matthew Fontaine Maury
/wiki/John_Mitchell_(geographer)	John Mitchell
/wiki/Johannes_Ruysch	Johannes Ruysch
/wiki/James_Wyld	James Wyld
/wiki/Diogo_Homem	Diogo Homem
/wiki/Caliphate	Caliphate
/wiki/Henry_Peter_Bosse	Henry Peter Bosse
/wiki/Frederik_de_Wit	Frederik de Wit
/wiki/Martin_Behaim	Martin Behaim
/wiki/Eratosthenes	Eratosthenes
/wiki/Karl_Spruner_von_Merz	Karl Spruner von Merz
/wiki/Joannes_de_Laet	Joannes de Laet
/wiki/Hecataeus_of_Miletus	Hecataeus of Miletus
/wiki/Max_Eckert-Greifendorff	Max Eckert-Greifendorff
/wiki/Justin_O%27Beirne	Justin O'Beirne
/wiki/Fra_Mauro	Fra Mauro
/wiki/Willem_Hondius	Willem Hondius
/wiki/Dimitrie_Cantemir	Dimitrie Cantemir
/wiki/Josef_Breu	Josef Breu
/wiki/Erwin_Raisz	Erwin Raisz
/wiki/Southampton_Island	Southampton Island
/wiki/George_Bradshaw	George Bradshaw
/wiki/Jacobus_Angelus	Jacobus Angelus
/wiki/Pedro_Teixeira_Albernaz	Pedro Teixeira Albernaz
/wiki/Thomas_Livingstone_Mitchell	Thomas Livingstone Mitchell
/wiki/Willem_Blaeu	Willem Blaeu
/wiki/Thomas_Jefferys	Thomas Jefferys
/wiki/Isidore_of_Seville	Isidore of Seville
/wiki/Peter_Kozler	Peter Kozler
/wiki/John_Speed	John Speed
/wiki/Denis_Wood	Denis Wood
/wiki/Matthew_Flinders	Matthew Flinders
/wiki/Fern%C3%A3o_Vaz_Dourado	Fernão Vaz Dourado
/wiki/Sebastian_Cabot_(explorer)	Sebastian Cabot
/wiki/Map_projection	map projection
/wiki/Rigobert_Bonne	Rigobert Bonne
/wiki/Royal_Navy	Royal Navy
/wiki/John_Tallis	John Tallis and Company
/wiki/Al-Khw%C4%81razm%C4%AB	al-Khwārazmī
/wiki/John_Rocque	John Rocque
/wiki/Joseph_de_Ferraris	Joseph de Ferraris
/wiki/Bradford_Washburn	Bradford Washburn
/wiki/Battista_Agnese	Giovanni Battista Agnese
/wiki/Joseph_Frederick_Wallet_DesBarres	Joseph Frederick Wallet DesBarres
/wiki/Baltimore	Baltimore
/wiki/Nain_Singh_Rawat	Nain Singh Rawat
/wiki/Russian_cartographers	Russian cartographers
/wiki/Nicolaes_Witsen	Nicolaes Witsen
/wiki/John_Lodge_Cowley	John Lodge Cowley
/wiki/Jodocus_Hondius	Jodocus Hondius
/wiki/Elrey_Borge_Jeppesen	Elrey Borge Jeppesen
/wiki/Abraham_Ortelius	Abraham Ortelius
/wiki/Lopo_Homem	Lopo Homem
/wiki/First_law_of_geography	first law of geography
/wiki/Nicolas_Sanson	Nicolas Sanson
/wiki/Bernard_J._S._Cahill	Bernard J. S. Cahill
/wiki/Kaleidoscope	kaleidoscopic
/wiki/Johannes_Janssonius	Johannes Janssonius
/wiki/C%C3%A9sar-Fran%C3%A7ois_Cassini_de_Thury	César-François Cassini de Thury
/wiki/Charles_F._Hoffmann	Charles F. Hoffmann
/wiki/Victor_Adolphe_Malte-Brun	Victor Adolphe Malte-Brun
