/wiki/United_States_congressional_delegations_from_Alabama	United States congressional delegations from Alabama
/wiki/31st_United_States_Congress	31st Congress
/wiki/22nd_United_States_Congress	22nd Congress
/wiki/Robert_Aderholt	Robert Aderholt
/wiki/Henry_D._Clayton	Henry D. Clayton
/wiki/States%27_rights	States' rights (SR)
/wiki/Dixon_Hall_Lewis	Dixon Hall Lewis
/wiki/George_E._Spencer	George E. Spencer
/wiki/Zadoc_L._Weatherford	Zadoc L. Weatherford
/wiki/S._Hubert_Dent,_Jr.	S. Hubert Dent, Jr.
/wiki/23rd_United_States_Congress	23rd Congress
/wiki/Hugo_L._Black	Hugo L. Black
/wiki/Mo_Brooks	Mo Brooks
/wiki/Miles_C._Allgood	Miles C. Allgood
/wiki/Dixiecrat	Dixiecrat (Dix)
/wiki/85th_United_States_Congress	85th Congress
/wiki/72nd_United_States_Congress	72nd Congress
/wiki/United_States_census,_1820	1820 census
/wiki/John_Crowell_(Alabama)	John Crowell
/wiki/48th_United_States_Congress	48th Congress
/wiki/Charles_Waldron_Buckley	Charles Waldron Buckley
/wiki/William_R._King	William R. King
/wiki/61st_United_States_Congress	61st Congress
/wiki/15th_United_States_Congress	15th Congress
/wiki/George_Henry_Craig	George Henry Craig
/wiki/John_J._Sparkman	John J. Sparkman
/wiki/113th_United_States_Congress	United States Congress
/wiki/Claude_Harris,_Jr.	Claude Harris, Jr.
/wiki/Tom_Bevill	Tom Bevill
/wiki/Robert_E._Cramer	Robert E. Cramer
/wiki/94th_United_States_Congress	94th Congress
/wiki/William_C._Oates	William C. Oates
/wiki/Prohibition_Party	Prohibition (Proh)
/wiki/Edward_deGraffenried	Edward deGraffenried
/wiki/John_Gayle_(Alabama)	John Gayle
/wiki/Bobby_Bright	Bobby Bright
/wiki/Jeremiah_Clemens	Jeremiah Clemens
/wiki/Alabama%27s_10th_congressional_district	10th district
/wiki/Jeremiah_Norman_Williams	Jeremiah Norman Williams
/wiki/40th_United_States_Congress	40th Congress
/wiki/John_Hall_Buchanan,_Jr.	John Hall Buchanan, Jr.
/wiki/Gadsden,_Alabama	Gadsden
/wiki/Louis_Washington_Turpin	Louis Washington Turpin
/wiki/68th_United_States_Congress	68th Congress
/wiki/William_B._Oliver	William B. Oliver
/wiki/James_Adams_Stallworth	James Adams Stallworth
/wiki/Glen_Browder	Glen Browder
/wiki/William_Lowndes_Yancey	William Lowndes Yancey
/wiki/John_H._Bankhead	John H. Bankhead
/wiki/71st_United_States_Congress	71st Congress
/wiki/97th_United_States_Congress	97th Congress
/wiki/Joseph_Wheeler	Joseph Wheeler
/wiki/Gary_Palmer_(politician)	Gary Palmer
/wiki/United_States_Congress	United States congressional delegations
/wiki/Henry_Washington_Hilliard	Henry Washington Hilliard
/wiki/J._Thomas_Heflin	J. Thomas Heflin
/wiki/Bud_Cramer	Bud Cramer
/wiki/101st_United_States_Congress	101st Congress
/wiki/United_States_Census,_1930	1930 census
/wiki/List_of_former_United_States_Senators	List of former Senators
/wiki/Alabama%27s_at-large_congressional_district	At-large district
/wiki/Jeremiah_Denton	Jeremiah Denton
/wiki/Charles_Hays	Charles Hays
/wiki/Birmingham,_Alabama	Birmingham
/wiki/James_T._Jones	James T. Jones
/wiki/27th_United_States_Congress	27th Congress
/wiki/Benjamin_White_Norris	Benjamin White Norris
/wiki/Joseph_Humphrey_Sloss	Joseph Humphrey Sloss
/wiki/96th_United_States_Congress	96th Congress
/wiki/George_Huddleston	George Huddleston
/wiki/Jesse_F._Stallings	Jesse F. Stallings
/wiki/William_Russell_Smith	William Russell Smith
/wiki/92nd_United_States_Congress	92nd Congress
/wiki/Readjuster_Party	Readjuster (Rea)
/wiki/Carter_Manasco	Carter Manasco
/wiki/William_M._Lowe	William M. Lowe
/wiki/William_Louis_Dickinson	William Louis Dickinson
/wiki/Henry_B._Steagall	Henry B. Steagall
/wiki/Armistead_I._Selden,_Jr.	Armistead I. Selden, Jr.
/wiki/84th_United_States_Congress	84th Congress
/wiki/John_McKee	John McKee
/wiki/William_Kelly_(senator)	William Kelly
/wiki/Earl_F._Hilliard	Earl F. Hilliard
/wiki/Spencer_Bachus	Spencer Bachus
/wiki/Terri_Sewell	Terri Sewell
/wiki/CPVI	CPVI
/wiki/Kenneth_A._Roberts	Kenneth A. Roberts
/wiki/George_W._Taylor_(politician)	George W. Taylor
/wiki/J._Lister_Hill	J. Lister Hill
/wiki/Donald_W._Stewart	Donald W. Stewart
/wiki/80th_United_States_Congress	80th Congress
/wiki/United_States_Census,_1910	1910 census
/wiki/Benjamin_Sterling_Turner	Benjamin Sterling Turner
/wiki/Jeff_Sessions	Jeff Sessions
/wiki/Martha_Roby	Martha Roby
/wiki/Sydenham_Moore	Sydenham Moore
/wiki/64th_United_States_Congress	64th Congress
/wiki/Montgomery,_Alabama	Montgomery
/wiki/Alexander_C._Davidson	Alexander C. Davidson
/wiki/Jack_Edwards_(Alabama)	Jack Edwards
/wiki/Percy_Walker	Percy Walker
/wiki/James_T._Rapier	James T. Rapier
/wiki/Thomas_H._Herndon	Thomas H. Herndon
/wiki/Gaston_A._Robbins	Gaston A. Robbins
/wiki/James_Abercrombie_(congressman)	James Abercrombie
/wiki/Clement_Comer_Clay	Clement Comer Clay
/wiki/19th_United_States_Congress	19th Congress
/wiki/Maryon_Pittman_Allen	Maryon P. Allen
/wiki/Mobile,_Alabama	Mobile
/wiki/James_Dellet	James Dellet
/wiki/Robert_Fulwood_Ligon	Robert Fulwood Ligon
/wiki/General_ticket	general ticket
/wiki/James_L._Pugh	James L. Pugh
/wiki/William_Jeffreys_Alston	William Jeffreys Alston
/wiki/33rd_United_States_Congress	33rd Congress
/wiki/United_States_congressional_delegations_from_the_Northern_Mariana_Islands	Northern Mariana Islands
/wiki/110th_United_States_Congress	110th Congress
/wiki/William_Henry_Denson	William Henry Denson
/wiki/Charles_Pelham_(congressman)	Charles Pelham
/wiki/Thomas_Haughey	Thomas Haughey
/wiki/Sonny_Callahan	Sonny Callahan
/wiki/Sydney_J._Bowie	Sydney J. Bowie
/wiki/George_M._Grant	George M. Grant
/wiki/Pete_Jarman	Pete Jarman
/wiki/James_Allen_(United_States)	James B. Allen
/wiki/Alabama%27s_8th_congressional_district	8th district
/wiki/Carl_Elliott	Carl Elliott
/wiki/Walter_Flowers	Walter Flowers
/wiki/38th_United_States_Congress	38th Congress
/wiki/34th_United_States_Congress	34th Congress
/wiki/Jo_Bonner	Jo Bonner
/wiki/John_Williams_Walker	John Williams Walker
/wiki/James_D._Martin	James D. Martin
/wiki/United_States	United States
/wiki/Philip_Phillips_(lawyer)	Philip Phillips
/wiki/Mo_Brooks	Morris Brooks Jr.
/wiki/John_H._Bankhead_II	John H. Bankhead II
/wiki/Williamson_Robert_Winfield_Cobb	Williamson Robert Winfield Cobb
/wiki/43rd_United_States_Congress	43rd Congress
/wiki/106th_United_States_Congress	106th Congress
/wiki/Benjamin_Glover_Shields	Benjamin Glover Shields
/wiki/Joe_Starnes	Joe Starnes
/wiki/99th_United_States_Congress	99th Congress
/wiki/Truman_Heminway_Aldrich	Truman Heminway Aldrich
/wiki/Christopher_Columbus_Harris	Christopher Columbus Harris
/wiki/Charles_Christopher_Sheats	Charles Christopher Sheats
/wiki/Charles_Wilson_Pierce	Charles Wilson Pierce
/wiki/87th_United_States_Congress	87th Congress
/wiki/93rd_United_States_Congress	93rd Congress
/wiki/George_Washington_Owen	George W. Owen
/wiki/25th_United_States_Congress	25th Congress
/wiki/Samuel_Wright_Mardis	Samuel Wright Mardis
/wiki/Laurie_C._Battle	Laurie C. Battle
/wiki/76th_United_States_Congress	76th Congress
/wiki/41st_United_States_Congress	41st Congress
/wiki/Artur_Davis	Artur Davis
/wiki/David_Hubbard	David Hubbard
/wiki/35th_United_States_Congress	35th Congress
/wiki/William_F._Aldrich	William F. Aldrich
/wiki/George_S._Houston	George S. Houston
/wiki/105th_United_States_Congress	105th Congress
/wiki/42nd_United_States_Congress	42nd Congress
/wiki/John_Benton_Callis	John Benton Callis
/wiki/Vestavia_Hills,_Alabama	Vestavia Hills
/wiki/Israel_Pickens	Israel Pickens
/wiki/Independent_politician	Independent
/wiki/Nonpartisan_League	Nonpartisan League (NPL)
/wiki/Hilary_A._Herbert	Hilary A. Herbert
/wiki/John_Henry_Caldwell	John Henry Caldwell
/wiki/50th_United_States_Congress	50th Congress
/wiki/LaFayette_L._Patterson	LaFayette L. Patterson
/wiki/46th_United_States_Congress	46th Congress
/wiki/David_Clopton	David Clopton
/wiki/Edmund_Pettus	Edmund Pettus
/wiki/Newton_Nash_Clements	Newton Nash Clements
/wiki/United_States_Census,_1860	1860 census
/wiki/Alabama	Alabama
/wiki/Robert_Emmett_Bledsoe_Baylor	Robert Emmett Bledsoe Baylor
/wiki/United_States_Census,_1840	1840 census
/wiki/37th_United_States_Congress	37th Congress
/wiki/29th_United_States_Congress	29th Congress
/wiki/20th_United_States_Congress	20th Congress
/wiki/William_Flynt_Nichols	William Flynt Nichols
/wiki/55th_United_States_Congress	55th Congress
/wiki/Ben_Erdreich	Ben Erdreich
/wiki/47th_United_States_Congress	47th Congress
/wiki/Alabama%27s_7th_congressional_district	7th district
/wiki/104th_United_States_Congress	104th Congress
/wiki/Mike_Rogers_(Alabama_politician)	Michael Rogers
/wiki/Greenback_Party	Greenback (GB)
/wiki/91st_United_States_Congress	91st Congress
/wiki/William_Winter_Payne	William Winter Payne
/wiki/United_States_Senate	United States Senate
/wiki/Dixie_Bibb_Graves	Dixie Bibb Graves
/wiki/Goldsmith_W._Hewitt	Goldsmith W. Hewitt
/wiki/Francis_William_Kellogg	Francis William Kellogg
/wiki/Francis_S._White	Francis S. White
/wiki/Ariosto_A._Wiley	Ariosto A. Wiley
/wiki/26th_United_States_Congress	26th Congress
/wiki/49th_United_States_Congress	49th Congress
/wiki/Federalist_Party	Federalist (F)
/wiki/Robert_B._Aderholt	Robert B. Aderholt
/wiki/70th_United_States_Congress	70th Congress
/wiki/73rd_United_States_Congress	73rd Congress
/wiki/79th_United_States_Congress	79th Congress
/wiki/Free_Silver_Party	Free Silver (FSv)
/wiki/Edward_B._Almon	Edward B. Almon
/wiki/Richard_Shelby	Richard Shelby
/wiki/95th_United_States_Congress	95th Congress
/wiki/Felix_Grundy_McConnell	Felix Grundy McConnell
/wiki/William_Anderson_Handley	William Anderson Handley
/wiki/56th_United_States_Congress	56th Congress
/wiki/B._B._Comer	B. B. Comer
/wiki/58th_United_States_Congress	58th Congress
/wiki/Samuel_Williams_Inge	Samuel Williams Inge
/wiki/Fusion_Party	Fusion (FU)
/wiki/Bob_Riley	Bob Riley
/wiki/George_Paul_Harrison,_Jr.	George Paul Harrison, Jr.
/wiki/United_States_Census,_1870	1870 census
/wiki/Tuskegee,_Alabama	Tuskegee
/wiki/John_Murphy_(Alabama)	John Murphy
/wiki/57th_United_States_Congress	57th Congress
/wiki/Joab_Lawler	Joab Lawler
/wiki/88th_United_States_Congress	88th Congress
/wiki/21st_United_States_Congress	21st Congress
/wiki/Richmond_P._Hobson	Richmond P. Hobson
/wiki/Clement_Claiborne_Clay	Clement Claiborne Clay
/wiki/78th_United_States_Congress	78th Congress
/wiki/William_B._Bankhead	William B. Bankhead
/wiki/Elizabeth_B._Andrews	Elizabeth B. Andrews
/wiki/Alfred_Eliab_Buck	Alfred Eliab Buck
/wiki/James_La_Fayette_Cottrell	James La Fayette Cottrell
/wiki/16th_United_States_Congress	16th Congress
/wiki/Taul_Bradford	Taul Bradford
/wiki/Albert_L._Smith,_Jr.	Albert L. Smith, Jr.
/wiki/Joseph_F._Johnston	Joseph F. Johnston
/wiki/45th_United_States_Congress	45th Congress
/wiki/Mike_D._Rogers	Mike D. Rogers
/wiki/Anti-Administration_party	Anti-Administration (Anti-Admin)
/wiki/Northwest_Territory%27s_at-large_congressional_district	Northwest Territory
/wiki/Robert_Stell_Heflin	Robert Stell Heflin
/wiki/Luther_Patrick	Luther Patrick
/wiki/24th_United_States_Congress	24th Congress
/wiki/Thomas_S._Plowman	Thomas S. Plowman
/wiki/Lilius_Bratton_Rainey	Lilius Bratton Rainey
/wiki/Thomas_William_Sadler	Thomas William Sadler
/wiki/Robert_E._Jones,_Jr.	Robert E. Jones, Jr.
/wiki/Frank_W._Boykin	Frank W. Boykin
/wiki/Ronnie_Flippo	Ronnie Flippo
/wiki/51st_United_States_Congress	51st Congress
/wiki/James_Edwin_Belser	James Edwin Belser
/wiki/Thomas_Williams_(Alabama)	Thomas Williams
/wiki/102nd_United_States_Congress	102nd Congress
/wiki/Maryon_Pittman_Allen	Maryon Pittman Allen
/wiki/Albert_Rains	Albert Rains
/wiki/George_Whitfield_Crabb	George Whitfield Crabb
/wiki/83rd_United_States_Congress	83rd Congress
/wiki/John_Van_McDuffie	John Van McDuffie
/wiki/39th_United_States_Congress	39th Congress
/wiki/Huntsville,_Alabama	Huntsville
/wiki/Anti-Masonic_Party	Anti-Masonic (Anti-M)
/wiki/Terri_Sewell	Terrycina Sewell
/wiki/Sampson_Willis_Harris	Sampson Willis Harris
/wiki/United_States_House_of_Representatives	United States House of Representatives
/wiki/Nullifier_Party	Nullifier (N)
/wiki/John_Abercrombie_(congressman)	John Abercrombie
/wiki/52nd_United_States_Congress	52nd Congress
/wiki/Peter_Myndert_Dox	Peter Myndert Dox
/wiki/United_States_Census,_1970	1970 census
/wiki/108th_United_States_Congress	108th Congress
/wiki/List_of_former_members_of_the_United_States_House_of_Representatives	Lists of former House members
/wiki/Joshua_L._Martin	Joshua L. Martin
/wiki/List_of_United_States_congressional_districts	List of United States congressional districts
/wiki/Arthur_P._Bagby	Arthur P. Bagby
/wiki/At-large	at-large
/wiki/John_McDuffie	John McDuffie
/wiki/At-large	at large
/wiki/89th_United_States_Congress	89th Congress
/wiki/103rd_United_States_Congress	103rd Congress
/wiki/65th_United_States_Congress	65th Congress
/wiki/Walter_W._Bankhead	Walter W. Bankhead
/wiki/American_Civil_War	American Civil War
/wiki/Oscar_Lee_Gray	Oscar Lee Gray
/wiki/Francis_Strother_Lyon	Francis Strother Lyon
/wiki/62nd_United_States_Congress	62nd Congress
/wiki/Bradley_Byrne	Bradley Byrne
/wiki/81st_United_States_Congress	81st Congress
/wiki/Lamar_Jeffers	Lamar Jeffers
/wiki/Gabriel_Moore	Gabriel Moore
/wiki/George_Huddleston,_Jr.	George Huddleston, Jr.
/wiki/18th_United_States_Congress	18th Congress
/wiki/William_Willis_Garth	William Willis Garth
/wiki/Oscar_W._Underwood	Oscar W. Underwood
/wiki/Archibald_Hill_Carmichael	Archibald Hill Carmichael
/wiki/53rd_United_States_Congress	53rd Congress
/wiki/John_R._Tyson	John R. Tyson
/wiki/Benjamin_Fitzpatrick	Benjamin Fitzpatrick
/wiki/69th_United_States_Congress	69th Congress
/wiki/Oliver_C._Wiley	Oliver C. Wiley
/wiki/Charles_M._Shelley	Charles M. Shelley
/wiki/Free_Soil_Party	Free Soil (FS)
/wiki/William_B._Bowling	William B. Bowling
/wiki/William_Oscar_Mulkey	William Oscar Mulkey
/wiki/Frederick_George_Bromberg	Frederick George Bromberg
/wiki/86th_United_States_Congress	86th Congress
/wiki/William_N._Richardson	William N. Richardson
/wiki/Willard_Warner	Willard Warner
/wiki/111th_United_States_Congress	111th Congress
/wiki/Alabama_Territory	Alabama Territory
/wiki/82nd_United_States_Congress	82nd Congress
/wiki/George_W._Andrews	George W. Andrews
/wiki/77th_United_States_Congress	77th Congress
/wiki/Edmund_Strother_Dargan	Edmund Strother Dargan
/wiki/109th_United_States_Congress	109th Congress
/wiki/Sam_Hobbs	Sam Hobbs
/wiki/James_E._Cobb	James E. Cobb
/wiki/John_P._Newsome	John P. Newsome
/wiki/Howell_T._Heflin	Howell T. Heflin
/wiki/Burwell_Boykin_Lewis	Burwell Boykin Lewis
/wiki/63rd_United_States_Congress	63rd Congress
/wiki/Jabez_Lamar_Monroe_Curry	Jabez Lamar Monroe Curry
/wiki/100th_United_States_Congress	100th Congress
/wiki/74th_United_States_Congress	74th Congress
/wiki/John_Mason_Martin	John Mason Martin
/wiki/Democratic-Republican_Party	Democratic-Republican (D-R)
/wiki/William_H._Forney	William H. Forney
/wiki/Willis_Brewer	Willis Brewer
/wiki/Milford_W._Howard	Milford W. Howard
/wiki/66th_United_States_Congress	66th Congress
/wiki/30th_United_States_Congress	30th Congress
/wiki/Fred_L._Blackmon	Fred L. Blackmon
/wiki/Reuben_Chapman	Reuben Chapman
/wiki/Luke_Pryor	Luke Pryor
/wiki/90th_United_States_Congress	90th Congress
/wiki/Jeremiah_Haralson	Jeremiah Haralson
/wiki/Resident_Commissioner_of_Puerto_Rico	Puerto Rico
/wiki/67th_United_States_Congress	67th Congress
/wiki/36th_United_States_Congress	36th Congress
/wiki/107th_United_States_Congress	107th Congress
/wiki/Jacksonian_democracy	Jacksonian (J)
/wiki/54th_United_States_Congress	54th Congress
/wiki/60th_United_States_Congress	60th Congress
/wiki/George_R._Swift	George R. Swift
/wiki/112th_United_States_Congress	112th Congress
/wiki/John_L._Burnett	John L. Burnett
/wiki/United_States_Census,_1890	1890 census
/wiki/Franklin_Potts_Glass,_Sr.	Franklin Potts Glass, Sr.
/wiki/Glenn_Andrews	Arthur Glenn Andrews
/wiki/United_States_Census,_1960	1960 census
/wiki/William_James_Samford	William James Samford
/wiki/John_Bragg_(politician)	John Bragg
/wiki/John_McKinley	John McKinley
/wiki/Parker_Griffith	Parker Griffith
/wiki/William_Crawford_Sherrod	William Crawford Sherrod
/wiki/George_Goldthwaite	George Goldthwaite
/wiki/James_Ferguson_Dowdell	James Ferguson Dowdell
/wiki/44th_United_States_Congress	44th Congress
/wiki/Henry_H._Chambers	Henry H. Chambers
/wiki/28th_United_States_Congress	28th Congress
/wiki/John_Tyler_Morgan	John Tyler Morgan
/wiki/75th_United_States_Congress	75th Congress
/wiki/Franklin_Welsh_Bowdon	Franklin Welsh Bowdon
/wiki/113th_United_States_Congress	113th Congress
/wiki/59th_United_States_Congress	59th Congress
/wiki/17th_United_States_Congress	17th Congress
/wiki/32nd_United_States_Congress	32nd Congress
/wiki/Terry_Everett	Terry Everett
/wiki/Southwest_Territory%27s_at-large_congressional_district	Southwest Territory
/wiki/United_States_census,_1830	1830 census
/wiki/William_B._Craig	William B. Craig
/wiki/114th_United_States_Congress	114th Congress
/wiki/Richard_Henry_Clarke	Richard Henry Clarke
/wiki/98th_United_States_Congress	98th Congress
/wiki/Eli_Sims_Shorter	Eli Sims Shorter
/wiki/Charles_Winston_Thompson	Charles Winston Thompson
/wiki/Albert_Taylor_Goodwyn	Albert Taylor Goodwyn
/wiki/Alexander_White_(Alabama)	Alexander White
