/wiki/Irish_diaspora	Irish diaspora
/wiki/Irish_Canadian	Canada
/wiki/Halifax,_Nova_Scotia	Halifax, Nova Scotia
/wiki/Ireland_Island,_Bermuda	Ireland Island
/wiki/Faol%C3%A1n_Mac_an_Ghabhann_na_Sc%C3%A9al	Faolán Mac an Ghabhann na Scéal
/wiki/Charles_de_Gaulle	Charles de Gaulle
/wiki/London_Irish	London Irish
/wiki/Irish_Traveller	Irish Travellers
/wiki/Saint_Patrick%27s_Battalion	Batallón de San Patricio
/wiki/Kilcoole	Kilcoole
/wiki/Richard_J._Daley	Richard J. Daley
/wiki/Russian_Imperial_Guard	Russian Imperial Guard
/wiki/D%C3%A1l_gCais	Dál gCais
/wiki/Sean_Hannity	Sean Hannity
/wiki/Muhammad_Ali	Muhammad Ali
/wiki/Liverpool	Liverpool
/wiki/Irish-Scots	Irish-Scots
/wiki/English_Civil_War	English Civil War
/wiki/Antigonish_County	Antigonish County
/wiki/Belgians	Belgians
/wiki/Kingdom_of_Alba	Alba
/wiki/Eric_Bogle	Eric Bogle
/wiki/Connacht	Connacht
/wiki/Flight_of_the_Wild_Geese	flight of the Wild Geese
/wiki/Annie_Moore_(immigrant)	Annie Moore
/wiki/Genealogical_Society_of_Ireland	Genealogical Society of Ireland
/wiki/Gaelic_type	Gaelic type
/wiki/High_King_of_Ireland	High King of Ireland
/wiki/The_Wizard_of_Oz_(1939_film)	The Wizard of Oz
/wiki/Jean_Charest	Jean Charest
/wiki/42nd_Regiment_of_Foot	42nd Regiment of Foot
/wiki/The_Wolfe_Tones	The Wolfe Tones
/wiki/Gaelic_literature	Gaelic literature
/wiki/The_Beatles	The Beatles
/wiki/Hibernian_F.C.	Hibernian
/wiki/Ed_Broadbent	Ed Broadbent
/wiki/Lucille_Ball	Lucille Ball
/wiki/President_of_the_French_Republic	president of the French Republic
/wiki/Southeast_Europe	Southeast Europe
/wiki/Nottingham	Nottingham
/wiki/Stephen_Colbert	Stephen Colbert
/wiki/Kevin_Dillon	Kevin Dillon
/wiki/John_Dunlap	John Dunlap
/wiki/Mary_Mallon	Mary Mallon
/wiki/Texas_Revolution	revolution
/wiki/Bere_island	Bere island
/wiki/Marist_Brothers	Marist
/wiki/St_Patrick%27s_Day	St Patrick's Day
/wiki/United_States_Military_Academy	United States Military Academy
/wiki/Kennedy_Family	Kennedy Family
/wiki/William_Joyce	William Joyce
/wiki/Irish_regiment	Irish regiments
/wiki/Province_of_Carolina	Carolina colony
/wiki/Early_Irish_astrology	Gaelic astrology
/wiki/John_Major	John Major
/wiki/Margaret_Thatcher	Margaret Thatcher
/wiki/Robert_F._Kennedy	Robert F. Kennedy
/wiki/Leopoldo_O%27Donnell	Leopoldo O'Donnell
/wiki/Turkish_Cypriot_diaspora	Turkish Cypriots
/wiki/Aidan_Quinn	Aidan Quinn
/wiki/Gaelic_Ireland	Gaelic Ireland
/wiki/Sheffield	Sheffield
/wiki/Great_Famine_(Ireland)	Great Famine of Ireland
/wiki/James_D._Watson	James D. Watson
/wiki/HMS_Medway_(1812)	Medway
/wiki/Romanian_diaspora	Romanians
/wiki/American_War_of_Independence	American War of Independence
/wiki/Irish_nationality_law	Irish citizenship
/wiki/Liam_Gallagher	Liam Gallagher
/wiki/George_Harrison	George Harrison
/wiki/Santiago_Mari%C3%B1o	Santiago Mariño
/wiki/List_of_Irish_clans	Major tribes or clans
/wiki/Irish_bardic_poetry	Irish bardic poetry
/wiki/St._George%27s,_Bermuda	St. George's
/wiki/William_IV_of_the_United_Kingdom	William IV of the United Kingdom
/wiki/President_of_Mexico	President of Mexico
/wiki/Baronetcies	baronetcies
/wiki/Coatbridge	Coatbridge
/wiki/La_Coka_Nostra	La Coka Nostra
/wiki/Irish_annals	Irish annals
/wiki/Dingle_Peninsula	Dingle Peninsula
/wiki/Steve_Coogan	Steve Coogan
/wiki/Latvian_diaspora	Latvian
/wiki/Juan_O%27Gorman	Juan O'Gorman
/wiki/Swedish_diaspora	Swedes
/wiki/Government_of_Ireland	Government of Ireland
/wiki/Evelyn_Nesbit	Evelyn Nesbit
/wiki/Keith_O%27Brien	Keith O'Brien
/wiki/Northern_Cyprus	Northern Cyprus
/wiki/Gene_Kelly	Gene Kelly
/wiki/European_Russia	European Russia
/wiki/Northern_Europe	Northern Europe
/wiki/Roman_Catholic_Church	Roman Catholic Church
/wiki/Kennedy_family	Kennedy family
/wiki/Colony_of_Natal	Colony of Natal
/wiki/Gaelic_nobility_of_Ireland	Gaelic nobility of Ireland
/wiki/Kingdom_of_England	Kingdom of England
/wiki/Ann_Dunham	Ann Dunham
/wiki/Ollamh	Ollamh
/wiki/Irish_Australians	Irish Australians
/wiki/Sierra_Nevada_(U.S.)	Sierra Nevada
/wiki/Irish_Rebellion_of_1798	United Irishmen Rebellion
/wiki/Russian_diaspora	Russians
/wiki/Mischa_Barton	Mischa Barton
/wiki/%C3%93_Cl%C3%A9irigh_Book_of_Genealogies	Ó Cléirigh Book of Genealogies
/wiki/Irish_Canadian	Irish Canadian
/wiki/Early_Irish_law	Brehon law
/wiki/Australia	Australia
/wiki/Western_People	Western People
/wiki/National_Archives_of_Ireland	National Archives of Ireland
/wiki/Mayor_of_Chicago	Mayor of Chicago
/wiki/Dexys_Midnight_Runners	Dexys Midnight Runners
/wiki/Cork_(city)	Cork
/wiki/Brendan	St. Brendan
/wiki/Lee_Harvey_Oswald	Lee Harvey Oswald
/wiki/James_Joyce	James Joyce
/wiki/Anne_Boleyn	Anne Boleyn
/wiki/Earl_of_Kildare	Earl of Kildare
/wiki/Albanian_diaspora	Albanians
/wiki/Dorothea_Jordan	Dorothy Jordan
/wiki/Hegemony	hegemony
/wiki/Masonic_lodge	Masonic lodges
/wiki/Ogham	Ogham
/wiki/Thomas_Moore	Thomas Moore
/wiki/Kashubian_diaspora	Kashubians
/wiki/Erwin_Schr%C3%B6dinger	Erwin Schrödinger
/wiki/The_Smiths	The Smiths
/wiki/Old_Irish	Old Irish
/wiki/Flanders	Flanders
/wiki/Jus_sanguinis	jus sanguinis
/wiki/Ulster_American_Folk_Park	Ulster American Folk Park
/wiki/Montreal	Montreal
/wiki/Newfoundland_Irish	Newfoundland Irish
/wiki/Demetrio_O%27Daly	Demetrio O'Daly
/wiki/Irish_British	Irish British
/wiki/House_of_Pain	House of Pain
/wiki/Peter_O%27Toole	Peter O'Toole
/wiki/Gaeltacht	Gaeltacht
/wiki/Birmingham	Birmingham
/wiki/B%C3%B2rd_na_G%C3%A0idhlig	Bòrd na Gàidhlig
/wiki/Colombia	Colombia
/wiki/D%C3%A1l_nAraidi	Dál nAraidi
/wiki/Fiefdom	fiefdom
/wiki/Donnybrook,_KwaZulu-Natal	Donnybrook
/wiki/Connachta	Connachta
/wiki/Gran_Buenos_Aires	Gran Buenos Aires
/wiki/British_Asian	British Asian
/wiki/Bill_Maher	Bill Maher
/wiki/James_J._Braddock	James J. Braddock
/wiki/Insular_script	Insular script
/wiki/Dutch_diaspora	Dutch
/wiki/Patty_Duke	Patty Duke
/wiki/Australian_Bureau_of_Statistics	Australian Bureau of Statistics
/wiki/Sir_Lowry%27s_Pass	Sir Lowry's Pass
/wiki/Economic_War	Economic War
/wiki/Johnny_Rotten	Johnny Rotten
/wiki/Young_Ireland	Young Irelanders
/wiki/Glasgow	Glasgow
/wiki/Judy_Garland	Judy Garland
/wiki/Russia	Russia
/wiki/Irish_genealogy	Irish genealogy
/wiki/National_Library_of_Ireland	National Library of Ireland
/wiki/Mike_Joyce_(musician)	Mike Joyce
/wiki/Irish_diplomatic_missions	Irish diplomatic mission
/wiki/Welsh_diaspora#Welsh_emigration	Welsh
/wiki/University_of_Strathclyde	University of Strathclyde
/wiki/Henry_VIII_of_England	Henry VIII of England
/wiki/Dan_Hardy	Dan Hardy
/wiki/National_Review	National Review
/wiki/Oasis_(band)	Oasis
/wiki/James_Terry	James Terry
/wiki/John_Mitchel	John Mitchel
/wiki/Bananarama	Bananarama
/wiki/Annals_of_the_Four_Masters	Annals of the Four Masters
/wiki/Norse%E2%80%93Gaels	Norse–Gaels
/wiki/Lara_Flynn_Boyle	Lara Flynn Boyle
/wiki/Bill_O%27Reilly_(political_commentator)	Bill O'Reilly
/wiki/Attacotti	Attacotti
/wiki/Catherine_Zeta-Jones	Catherine Zeta-Jones
/wiki/British_diaspora	British
/wiki/County_Sligo	Sligoman
/wiki/Albert_Henry_Hime	Sir Albert Hime
/wiki/Leabhar_Cloinne_Maoil_Ruanaidh	Leabhar Cloinne Maoil Ruanaidh
/wiki/Mary_Jemison	Mary Jemison
/wiki/Philip_Marlowe	Marlowe
/wiki/Dusty_Springfield	Dusty Springfield
/wiki/United_Kingdom_of_Great_Britain_and_Ireland	United Kingdom of Great Britain and Ireland
/wiki/Gaelicisation	Gaelicisation
/wiki/Sex_Pistols	Sex Pistols
/wiki/Northern_Ireland	Northern Ireland
/wiki/Government_of_Ireland	Irish Government
/wiki/Fili	Fili
/wiki/Premier_of_Quebec	Premier of Quebec
/wiki/Afrikaner	Afrikaner
/wiki/Sami_people	Sami
/wiki/Scottish_Highlands	Highlands and Hebrides
/wiki/Miramichi_Valley	Miramichi
/wiki/Early_Irish_literature	Early Irish
/wiki/Chronicle_of_Ireland	Chronicle of Ireland
/wiki/Thea_Gilmore	Thea Gilmore
/wiki/Counter-Reformation	Counter-Reformation
/wiki/East_London,_Eastern_Cape	East London
/wiki/Richard_Nixon	Richard Nixon
/wiki/Destroyer	destroyer
/wiki/Huyton	Huyton
/wiki/Irish_nationality	Irish nationality
/wiki/Antigonish	Antigonish
/wiki/Irish_Rebellion_of_1641	Irish Rebellion of 1641
/wiki/James_Ware_(historian)	James Ware
/wiki/Judith_Grace_Gonzalez	Judith Grace Gonzalez
/wiki/Edmundo_O%27Gorman	Edmundo O'Gorman
/wiki/Classical_Gaelic	Classical Gaelic
/wiki/Emigrants	emigrants
/wiki/Everlast_(musician)	Everlast
/wiki/Celts	Celtic
/wiki/Dundee_United	Dundee United
/wiki/Che_Guevara	Che Guevara
/wiki/D%27Arcy_McGee	D'Arcy McGee
/wiki/Turkish_Thrace	Turkish Thrace
/wiki/President_of_Argentina	President of Argentina
/wiki/Indigenous_(ecology)	indigenous
/wiki/The_Southern_Cross_(Argentina)	The Southern Cross
/wiki/County_Cork	County Cork
/wiki/Irish_republicanism	republican
/wiki/Henry_II_of_England	Henry II
/wiki/Sim%C3%B3n_Bol%C3%ADvar	Simón Bolívar
/wiki/Leabhar_Ua_Maine	Leabhar Ua Maine
/wiki/Roman_Britain	Roman Britain
/wiki/Coatbridge_Irish	Coatbridge Irish
/wiki/Blue-eyed_grass	Blue-eyed grass
/wiki/Genealogical_Office	Genealogical Office
/wiki/Irish_military_diaspora	Irish military diaspora
/wiki/Irish_Australian	Irish Australian
/wiki/William_Bulfin	William Bulfin
/wiki/John_Lydon	John Lydon
/wiki/Patrice_de_Mac-Mahon,_Duke_of_Magenta	Patrice de Mac-Mahon, Duke of Magenta
/wiki/Scottish_people	Scottish
/wiki/Anti-Flag	Anti-Flag
/wiki/Agnes_Duff,_Countess_Fife	Agnes Duff, Countess Fife
/wiki/Alex_Massie_(journalist)	Alex Massie
/wiki/U_Dhammaloka	U Dhammaloka
/wiki/Free_settlers	free settlers
/wiki/Economic_history_of_Ireland	Economic history of Ireland
/wiki/Psychiatric_hospital	psychiatric hospital
/wiki/Irish_place_names_in_other_countries	Irish place names in other countries
/wiki/Picts	Picts
/wiki/Cognac	Cognac
/wiki/Nil_by_Mouth_(charity)	Nil by Mouth
/wiki/Michael_Flatley	Michael Flatley
/wiki/Foras_na_Gaeilge	Foras na Gaeilge
/wiki/Young_Ireland	Young Irelander
/wiki/Traditional_Gaelic_music	Gaelic music
/wiki/Seancha%C3%AD	Seanchaí
/wiki/Ernest_Walton	Ernest Walton
/wiki/Gaelic_warfare	Gaelic warfare
/wiki/Margaretta_Eagar	Margaretta Eagar
/wiki/Prime_Ministers_of_Canada	21st Prime Minister of Canada
/wiki/Triallam_timcheall_na_Fodla	Triallam timcheall na Fodla
/wiki/Frank_Wallace_(gangster)	Frank Wallace
/wiki/Indentured_servitude	indentured servitude
/wiki/Spanish_Civil_War	Spanish Civil War
/wiki/Irish_language	Irish speakers
/wiki/Edward_MacLysaght	Edward MacLysaght
/wiki/French_Resistance	French Resistance
/wiki/Ciarraige	Ciarraige
/wiki/Pict	Pictish
/wiki/Spiked_(magazine)	Spiked
/wiki/African_slavery	African slavery
/wiki/First_World_War	First World War
/wiki/Leuven	Leuven
/wiki/James_J._Bulger	James J. Bulger
/wiki/Basque_diaspora	Basques
/wiki/Tokelau	Tokelau
/wiki/Boston	Boston
/wiki/Samuel_Beckett	Samuel Beckett
/wiki/Mexican-American_War	Mexican-American War
/wiki/Diaspora	diaspora
/wiki/Ukrainian_diaspora	Ukrainians
/wiki/Irish_Argentine	Irish Argentine
/wiki/John_O%27Hart	John O'Hart
/wiki/Irish_Brazilian	Brazil
/wiki/Mexico_City	Mexico City
/wiki/Ontario	Ontario
/wiki/Belfast	Belfast
/wiki/Bristol	Bristol
/wiki/Spanish_diaspora	Spaniards
/wiki/Irish_people	Irish people
/wiki/Swiss_diaspora	Swiss
/wiki/Colin_Meloy	Colin Meloy
/wiki/Isle%C3%B1o	Isleño
/wiki/Scotch-Irish_American#Notable_Americans_of_Scotch-Irish_descent	Notable Americans of Scotch-Irish descent
/wiki/Waterford	Waterford
/wiki/G%C3%A0idhealtachd	Gàidhealtachd
/wiki/Almirante_Brown_class_destroyer	Almirante Brown-class
/wiki/Irish_clans	Irish clans
/wiki/New_England	New England
/wiki/Newfoundland_(island)	Newfoundlanders
/wiki/Noel_Gallagher	Noel Gallagher
/wiki/Queen_Elizabeth_II	Queen Elizabeth II
/wiki/Lough_Erne	Lough Erne
/wiki/Mexican_Texas	Mexican Texas
/wiki/David_Bowie	David Bowie
/wiki/Derry_Port	Derry Port
/wiki/Goidelic_languages	Language
/wiki/ULTACH_Trust	ULTACH Trust
/wiki/Bosnian_diaspora	Bosnians
/wiki/Macedonian_diaspora	Macedonians
/wiki/An_Comunn_G%C3%A0idhealach	An Comunn Gàidhealach
/wiki/Greek_diaspora	Greeks
/wiki/Tuilleadh_feasa_ar_%C3%89irinn_%C3%B3igh	Tuilleadh feasa ar Éirinn óigh
/wiki/John_Lennon	John Lennon
/wiki/Brittany_Murphy	Brittany Murphy
/wiki/David_Cameron	David Cameron
/wiki/Guysborough_County	Guysborough County
/wiki/Haplogroup	DNA haplogroups
/wiki/Taoiseach	Taoiseach
/wiki/Rugby_union	rugby union
/wiki/Foreign_Births_Register	Foreign Births Register
/wiki/Irish_Quebecers	Irish Quebecers
/wiki/List_of_expatriate_Irish_populations	List of expatriate Irish populations
/wiki/William_Sayle	William Sayle
/wiki/Italian_diaspora	Italians
/wiki/Antigua_and_Barbuda	Antigua and Barbuda
/wiki/Kate_Bush	Kate Bush
/wiki/Lima	Lima
/wiki/Mel_Gibson	Mel Gibson
/wiki/Modern_literature_in_Irish	Modern Irish
/wiki/Caucasus	Caucasus
/wiki/Irish_settlement_in_Argentina	Irish settlement in Argentina
/wiki/Anne_Mortimer	Anne Mortimer
/wiki/Alejo_Bay	Alejo Bay
/wiki/Corn_Laws	Corn Laws
/wiki/Philadelphia	Philadelphia
/wiki/Department_of_Foreign_Affairs	Department of Foreign Affairs
/wiki/Corcu_Lo%C3%ADgde	Corcu Loígde
/wiki/Gaelic_games	Gaelic games
/wiki/Slovak_diaspora	Slovaks
/wiki/Kevin_Kline	Kevin Kline
/wiki/Ulster_Scots_people	Ulster Scots
/wiki/Nellie_Cashman	Nellie Cashman
/wiki/Iceland	Iceland
/wiki/British_armed_forces	British armed forces
/wiki/The_Black_Swan_(film)	The Black Swan
/wiki/Val_Noone	Noone, Val
/wiki/Devon	Devon
/wiki/Cambridge	Cambridge
/wiki/Celtic_church	Celtic church
/wiki/Curfew	curfew
/wiki/Peter_Stanford	Peter Stanford
/wiki/Kazakhstan	Kazakhstan
/wiki/R%C3%ADo_Piedras	Río Piedras
/wiki/German_diaspora	Germans
/wiki/Justin_Sane	Justin Sane
/wiki/Rugby,_Warwickshire	Rugby
/wiki/Coventry	Coventry
/wiki/Mixed_martial_arts	Mixed martial arts
/wiki/Montserrat	Montserrat
/wiki/Robert_E._Kennedy_(University_president)	Robert E. Kennedy
/wiki/Governor_of_Bermuda	Governor
/wiki/Comedy_Central	Comedy Central
/wiki/Sir_John_Francis_Cradock	Sir John Francis Cradock
/wiki/Highland_games	Highland games
/wiki/Leabhar_Adhamh_%C3%93_Cian%C3%A1in	Leabhar Adhamh Ó Cianáin
/wiki/Lafcadio_Hearn	Lafcadio Hearn
/wiki/Daniel_O%27Connell	Daniel O'Connell
/wiki/Patricio_Lynch	Patricio Lynch
/wiki/Isadora_Duncan	Isadora Duncan
/wiki/Adhamh_%C3%93_Cian%C3%A1in	Adhamh Ó Cianáin
/wiki/Bugs_Moran	George 'Bugs' Moran
/wiki/Portuguese_diaspora	Portuguese
/wiki/Personal_union	personal union
/wiki/Andy_Rourke	Andy Rourke
/wiki/Great_Hunger	Great Hunger
/wiki/Papal_bull	papal bull
/wiki/Anglia_Ruskin_University	Anglia Ruskin University
/wiki/Penal_Laws_(Ireland)	Penal Laws
/wiki/Wexford	Wexford
/wiki/Saint_Patrick%27s_Battalion	Los San Patricio
/wiki/Second_Boer_War	Anglo-Boer War
/wiki/Western_Europe	Western Europe
/wiki/Mac_Lethal	Mac Lethal
/wiki/Robert_Boyle	Robert Boyle
/wiki/Norman_invasion_of_Ireland	Norman invasion of Ireland
/wiki/Leopoldo_O%27Donnell,_1st_Duke_of_Tetuan	Leopoldo O'Donnell, 1st Duke of Tetuan
/wiki/Saint_Gall	Saint Gall
/wiki/Tom_Meighan	Tom Meighan
/wiki/Johannesburg	Johannesburg
/wiki/Mickey_Spillane_(mobster)	Mickey Spillane
/wiki/St._Paul,_Minnesota	St. Paul, Minnesota
/wiki/Act_of_Union_1800	Act of Union
/wiki/Fibber_McGee_and_Molly	Fibber McGee and Molly
/wiki/Kingdom_of_Ireland	Kingdom
/wiki/Cornish_diaspora	Cornish
/wiki/Irish_language	Irish language
/wiki/Lebor_Gab%C3%A1la_%C3%89renn	Lebor Gabála Érenn
/wiki/Emmy_Award	Emmy Award
/wiki/East_Indies	East Indies
/wiki/%C3%89amon_de_Valera	Éamon de Valera
/wiki/Republic_of_Ireland	Republic of Ireland
/wiki/French_people	French
/wiki/Highland_Clearances	Highland Clearances
/wiki/Brian_Whelan	Brian Whelan
/wiki/Dubhaltach_Mac_Fhirbhisigh	Dubhaltach Mac Fhirbhisigh
/wiki/Hip_Hop	Hip Hop
/wiki/Eoin_O%27Duffy	Eoin O'Duffy
/wiki/The_Gathering_Ireland_2013	The Gathering Ireland 2013
/wiki/Lola_Montez	Lola Montez
/wiki/Penal_Laws_(Ireland)	The Penal Laws
/wiki/Raymond_Chandler	Raymond Chandler
/wiki/Francisco_Solano_L%C3%B3pez	Francisco Solano López
/wiki/Brittany	Brittany
/wiki/U%C3%AD_Maine	Uí Maine
/wiki/Celts	Celts
/wiki/Encumbered_Estates%27_Court	Encumbered Estates
/wiki/Chevalier_O%27Gorman	Chevalier O'Gorman
/wiki/Anne_Bonney	Anne Bonney
/wiki/Lordship_of_Ireland	Lordship
/wiki/Admiralty	Admiralty
/wiki/Ford_Foundation	Ford Foundation
/wiki/Prisoner_of_war	prisoners of war
/wiki/Leabhar_na_nGenealach	Leabhar na nGenealach
/wiki/Young_Irelander_Rebellion_of_1848	Young Irelander Rebellion of 1848
/wiki/Irish_Uruguayan	Uruguay
/wiki/Marcus_Davis	Marcus Davis
/wiki/Strangelove_(band)	Strangelove
/wiki/Irish_culture	Irish culture
/wiki/Broome_County	Broome County
/wiki/Manchester	Manchester
/wiki/Sisyrinchium_bermudiana	Sisyrinchium bermudiana
/wiki/Kasabian	Kasabian
/wiki/Middle_East	Middle East
/wiki/Clan_Conla	Clan Conla
/wiki/Francisco_Franco	Franco
/wiki/Archbishop	Archbishop
/wiki/Southern_Europe	Southern Europe
/wiki/Irish_Chilean	Irish Chilean
/wiki/Johnny_Marr	Johnny Marr
/wiki/Chain_migration	chain migration
/wiki/Irish_Mexican	Irish Mexican
/wiki/San_Francisco_Bay_Area	San Francisco Bay Area
/wiki/Liverpool_Irish	Liverpool Irish
/wiki/Bushranger	bushranger
/wiki/Zorro	Zorro
/wiki/British_army	British army
/wiki/Paul_McCartney	Paul McCartney
/wiki/Irish_migration_to_Great_Britain	Great Britain
/wiki/Kilburn,_London	Kilburn
/wiki/List_of_Ireland-related_topics	List of Ireland-related topics
/wiki/Henry_Ford	Henry Ford
/wiki/D%C3%A1l_Fiatach	Dál Fiatach
/wiki/Morrissey	Steven Morrissey
/wiki/County_Mayo	County Mayo
/wiki/Gaels	Gaelic
/wiki/Pretoria	Pretoria
/wiki/Kolouei_O%27Brien	Kolouei O'Brien
/wiki/Minister_of_State_(Ireland)	Minister of State
/wiki/Patron_saint	patron saint
/wiki/Comunn_na_G%C3%A0idhlig	Comunn na Gàidhlig
/wiki/Portsmouth	Portsmouth
/wiki/86th_(Royal_County_Down)_Regiment_of_Foot	86th (Royal County Down) Regiment of Foot
/wiki/Flight_of_the_Wild_Geese	Wild Geese
/wiki/Economic_history_of_the_Republic_of_Ireland	Economic history of the Republic of Ireland
/wiki/Argentine_Navy	Argentine Navy
/wiki/Famine	Famine
/wiki/Quebec	Quebec
/wiki/List_of_Irish_kingdoms	Gaelic Irish kingdoms
/wiki/Grosse_Isle	Grosse Isle
/wiki/The_Emergency_(Ireland)	"The Emergency" (Ireland during World War II)
/wiki/Barberton,_Mpumalanga	Barberton
/wiki/The_Decemberists	The Decemberists
/wiki/Columba_Project	Columba Project
/wiki/Great_Famine_(Ireland)	Great Irish Famine (1845–1851)
/wiki/Ireland_Island,_Bermuda	named after Ireland
/wiki/English_diaspora	English
/wiki/Jimmy_Deenihan	Jimmy Deenihan
/wiki/Bruce_Springsteen	Bruce Springsteen
/wiki/Viceroy_of_Peru	Viceroy of Peru
/wiki/Republic_of_Ireland_national_football_team	Republic of Ireland national football team
/wiki/Ireland	Ireland
/wiki/Third_French_Republic	Third French Republic
/wiki/Himeville	Himeville
/wiki/Greek_Cypriot_diaspora	Greek Cypriots
/wiki/Ballyshannon	Ballyshannon
/wiki/Irish_mythology	Gaelic mythology
/wiki/Flight_of_the_Earls	Flight of the Earls
/wiki/Turkey	Turkey
/wiki/O%27Connor	O'Connor
/wiki/King_Louis_XV	King Louis XV
/wiki/Ethnic_Malays	Malay
/wiki/List_of_Presidents_of_Mexico	president of Mexico
/wiki/Gaelic_revival	Gaelic Revival
/wiki/Evacuation_Day_(Massachusetts)	Evacuation Day
/wiki/Tom_Mulcair	Tom Mulcair
/wiki/Richard_M._Daley	Richard M. Daley
/wiki/Bulgarian_diaspora	Bulgarians
/wiki/Roman_Army	Roman Army
/wiki/Gael_Linn	Gael Linn
/wiki/Toronto	Toronto
/wiki/St_George%27s_Cross	cross of St. George
/wiki/Georgia_(country)	Georgia
/wiki/Conradh_na_Gaeilge	Conradh na Gaeilge
/wiki/Irish_people_in_mainland_Europe	Mainland Europe
/wiki/Sarah,_Duchess_of_York	Sarah, Duchess of York
/wiki/Hungarian_diaspora	Hungarians
/wiki/Irish_Famine_(1740%E2%80%931741)	Irish Famine (1740–1741)
/wiki/List_of_transcontinental_countries	transcontinental country
/wiki/Bantry_Bay	Bantry Bay
/wiki/Chechen_diaspora	Chechens
/wiki/Connaught	Connaught
/wiki/Belarusian_diaspora	Belarusians
/wiki/James_Callaghan	James Callaghan
/wiki/New_Brunswick	New Brunswick
/wiki/Southwest_Asia	Southwest Asia
/wiki/The_Royal_Gazette_(Bermuda)	The Royal Gazette
/wiki/Anglican	Anglican
/wiki/Mariah_Carey	Mariah Carey
/wiki/Brian_Mulroney	Brian Mulroney
/wiki/James_McLean_(mobster)	James McLean
/wiki/Clan_MacLeod	Clan MacLeod
/wiki/Griffith%27s_Valuation	Griffith's Valuation
/wiki/The_Troubles	"The Troubles" (c.1969–1998)
/wiki/Kathy_Griffin	Kathy Griffin
/wiki/Music_of_Bermuda	music of Bermuda
/wiki/%C3%93_Creachmhaoil	Ó Creachmhaoil
/wiki/Cyprus	Cyprus
/wiki/Mexican_Army	Mexican Army
/wiki/County_Kerry	County Kerry
/wiki/Northern_Asia	Northern Asia
/wiki/Fermanagh	Fermanagh
/wiki/Middle_Irish	Middle Irish
/wiki/Protestant_Ascendancy	Protestant Ascendancy
/wiki/Port_Elizabeth,_Eastern_Cape	Port Elizabeth
/wiki/Joseph_Cornelius_O%27Rourke	Joseph Cornelius O'Rourke
/wiki/Shamrock	shamrock
/wiki/Prime_Ministers_of_Canada	4th Prime Minister of Canada
/wiki/Marie-Louise_O%27Murphy	Marie-Louise O'Murphy
/wiki/Fran%C3%A7ois_Boucher	François Boucher
/wiki/Paul_Keating	Paul Keating
/wiki/Buenos_Aires	Buenos Aires
/wiki/Australian_English	Australian English
/wiki/Irish_Canadians	Irish Canadians
/wiki/William_Brown_(admiral)	William Brown
/wiki/Royal_Engineers	Royal Engineers
/wiki/Toa_Baja,_Puerto_Rico	Toa Baja
/wiki/Katie_Noonan	Katie Noonan
/wiki/Patrick_O%27Farrell	Patrick O'Farrell
/wiki/1st_Venezuelan_Rifles	1st Regiment Venezuelan Rifles
/wiki/County_Roscommon	County Roscommon
/wiki/Laudabiliter	Laudabiliter
/wiki/John_F._Kennedy	John F. Kennedy
/wiki/Ilfracombe	Ilfracombe
/wiki/Venezuelan_War_of_Independence	Venezuelan War of Independence
/wiki/Prime_Minister_of_Canada	Prime Minister of Canada
/wiki/Trinidad_and_Tobago	Trinidad and Tobago
/wiki/Tyneside_Irish_Brigade	Tyneside Irish Brigade
/wiki/Shane_MacGowan	Shane MacGowan
/wiki/Ulster_Museum	Ulster Museum
/wiki/Mary_Murphy_(choreographer)	Mary Murphy
/wiki/Great_Irish_Famine	Great Irish Famine
/wiki/Culture_Vannin	Culture Vannin
/wiki/Calvagh_O%27Donnell	Calvagh O'Donnell
/wiki/Irish_immigration_to_Puerto_Rico	Irish immigration to Puerto Rico
/wiki/Cromwellian_conquest_of_Ireland	Cromwellian conquest of Ireland
/wiki/Edward_Burns	Edward Burns
/wiki/Molly_Brown	Molly Brown
/wiki/Internet_forum	internet forums
/wiki/Kevin_Rowland	Kevin Rowland
/wiki/Saint_John,_New_Brunswick	Saint John, New Brunswick
/wiki/Tony_Blair	Tony Blair
/wiki/Chaim_Herzog	Chaim Herzog
/wiki/Buenos_Aires_Province	Buenos Aires Province
/wiki/Ambrosio_O%27Higgins,_Marquis_of_Osorno	Ambrosio O'Higgins, Marquis of Osorno
/wiki/Henry_VIII	Henry VIII
/wiki/Martin_Maher	Martin Maher
/wiki/Neopaganism	neopagan
/wiki/Typhus	typhus
/wiki/30th_Regiment_of_Foot	30th Regiment of Foot
/wiki/Alexander_O%27Reilly	Alexander O'Reilly
/wiki/Argentina	Argentina
/wiki/American_Civil_War	American Civil War
/wiki/Georgian_diaspora	Georgians
/wiki/Nobel_Prize_in_Physics	Nobel Prize in Physics
/wiki/Patrice_MacMahon,_duc_de_Magenta	Patrice MacMahon, duc de Magenta
/wiki/Scottish_Gaelic	Scottish Gaelic
/wiki/Ramon_Power_y_Giralt	Ramon Power y Giralt
/wiki/Primitive_Irish	Primitive Irish
/wiki/Irish_Quebecer	Irish Quebecer
/wiki/Bernardo_O%27Higgins	Bernardo O'Higgins
/wiki/Lorde	Lorde
/wiki/Siobhan_Fahey	Siobhan Fahey
/wiki/Newcastle_upon_Tyne	Newcastle
/wiki/Irish_heraldry	Irish heraldry
/wiki/Georgia_O%27Keeffe	Georgia O'Keeffe
/wiki/Paul_Martin	Paul Martin
/wiki/Dalton_McGuinty	Dalton McGuinty
/wiki/Manx_language	Manx
/wiki/Navvies	navvies
/wiki/Irish_Uruguayan	Irish Uruguayan
/wiki/Norwegian_diaspora	Norwegians
/wiki/Cruthin	Cruthin
/wiki/James_Gibbons	James Gibbons
/wiki/Barack_Obama	Barack Obama
/wiki/New_Zealand	New Zealand
/wiki/Marian_Jordan	Marian Jordan
/wiki/Tyrconnell	Tyrconnell
/wiki/Mickey_Rooney	Mickey Rooney
/wiki/20th_Regiment_of_Foot	20th Regiment of Foot
/wiki/Azerbaijan	Azerbaijan
/wiki/Finnish_diaspora	Finns
/wiki/Eliza_Lynch	Eliza Lynch
/wiki/Celtic_Christianity	Insular Christianity
/wiki/Matt_Dillon	Matt Dillon
/wiki/University_College,_London	London
/wiki/Plastic_Paddy	Plastic Paddies
/wiki/Priesthood_(Catholic_Church)	Catholic priesthood
/wiki/History_of_Mexico	Mexican history
/wiki/James_Duane	James Duane
/wiki/D%C3%A9isi	Déisi
/wiki/Denis_Leary	Denis Leary
/wiki/Chief_of_the_Name	Chief of the Name
/wiki/Plastic_Paddy	Plastic Paddy
/wiki/Nine_Years%27_War_(Ireland)	Nine Years' War
/wiki/Maureen_O%27Hara	Maureen O'Hara
/wiki/Convicts	convicts
/wiki/Census_of_Ireland,_1911	Census of Ireland, 1911
/wiki/Irish_Indians	India
/wiki/Saint_Lucia	Saint Lucia
/wiki/Irish_settlement_in_Argentina	Irish Argentines
/wiki/Hiberno-Scottish_mission	Hiberno-Scottish mission
/wiki/Dermot	Dermot
/wiki/Kathleen_Lonsdale	Kathleen Lonsdale
/wiki/Oireachtas_na_Gaeilge	Oireachtas na Gaeilge
/wiki/Brother_Walfrid	Brother Walfrid
/wiki/Irish_Brigade_(US)	Irish Brigade (US)
/wiki/Irish_bardic_poetry	Bardic poetry
/wiki/Edinburgh	Edinburgh
/wiki/Irish_Brigade_(French)	Irish Brigade (French)
/wiki/Anthony_Quinn	Anthony Quinn
/wiki/Pittsburgh	Pittsburgh
/wiki/Market_Harborough	Market Harborough
/wiki/Azerbaijani_diaspora	Azerbaijanis
/wiki/2001_UK_Census	2001 UK Census
/wiki/Irish_immigration_to_Saint_Kitts_and_Nevis	Saint Kitts and Nevis
/wiki/Armenia	Armenia
/wiki/Clans_of_Ireland	Clans of Ireland
/wiki/Irish_kinship	Gaelic kinship
/wiki/Sonora	Sonora
/wiki/Mary_J._Hickman	Mary J. Hickman
/wiki/Czech_diaspora	Czechs
/wiki/Protestant	Protestant
/wiki/Great_Famine_(Ireland)	the Great Famine
/wiki/Celtic_Football_Club	Celtic Football Club
/wiki/Lough_Melvin	Lough Melvin
/wiki/Michael_George_Mulhall	Michael Mulhall
/wiki/Laigin	Laigin
/wiki/Standing_Council_of_Irish_Chiefs_and_Chieftains	Standing Council of Irish Chiefs and Chieftains
/wiki/Cape_Town	Cape Town
/wiki/Ethnic_cleansing	ethnically cleansed
/wiki/Church_in_England	Church in England
/wiki/Moldovan_diaspora	Moldovans
/wiki/Rangers_F.C.	Rangers F.C.
/wiki/Irish_Newfoundlanders	Newfoundland
/wiki/Seneca_nation	Seneca
/wiki/George_O%27Dowd	George O'Dowd
/wiki/Mayor_of_New_York_City	Mayor of New York City
/wiki/Sean-n%C3%B3s_song	Sean-nós song
/wiki/Diana,_Princess_of_Wales	Diana, Princess of Wales
/wiki/County_Donegal	County Donegal
/wiki/Sectarian	sectarian
/wiki/Irish_American	Irish American
/wiki/Pacho_O%27Donnell	Mario O'Donnell
/wiki/Conan_O%27Brien	Conan O'Brien
/wiki/Edelmiro_Farrell	Edelmiro Farrell
/wiki/County_Donegal	West Donegal
/wiki/John_Sparrow_David_Thompson	Sir John Thompson
/wiki/Irish_Newfoundlanders	Irish Newfoundlanders
/wiki/Ulaid	Ulaid
/wiki/Riverdance	Riverdance
/wiki/Redlegs	redlegs
/wiki/Richard_de_Clare,_2nd_Earl_of_Pembroke	Richard de Clare
/wiki/Irish_Rebellion_of_1641	1641 Rebellion
/wiki/Ethnic_group	ethnic group
/wiki/Pope_Adrian_IV	Pope Adrian IV
/wiki/Paul_Hogan	Paul Hogan
/wiki/Scotland	Scotland
/wiki/Tipperary	Tipperary
/wiki/Ned_Kelly	Ned Kelly
/wiki/County_Carlow,_Ireland	County Carlow
/wiki/The_Cromwellian_conquest_of_Ireland	the Cromwellian conquest of Ireland
/wiki/Estonians#Emigration	Estonians
/wiki/Bobbio	Bobbio
/wiki/List_of_heads_of_government_of_Tokelau	head of government
/wiki/Gaels	Gaels
/wiki/Daniel_Day-Lewis	Daniel Day-Lewis
/wiki/Durban	Durban
/wiki/%C3%81lvaro_Obreg%C3%B3n	Álvaro Obregón
/wiki/Irish_Famine_(1879)	Irish Famine (1879)
/wiki/Firefighter	firefighter
/wiki/Seachtain_na_Gaeilge	Seachtain na Gaeilge
/wiki/President_of_Israel	President of Israel
/wiki/Juan_O%27Donoj%C3%BA	Juan O'Donojú
/wiki/Geoffrey_Keating	Geoffrey Keating
/wiki/Shakespears_Sister	Shakespears Sister
/wiki/Chile	Chile
/wiki/Puerto_Rico	Puerto Rico
/wiki/Denbigh	Denbigh
/wiki/Ludwig_I,_King_of_Bavaria	Ludwig I of Bavaria
/wiki/Irish_migration_to_Great_Britain	Irish migration to Great Britain
/wiki/Irish_people	Irish
/wiki/Turkish_diaspora	Turkish
/wiki/Thomas_Upington	Thomas Upington
/wiki/Giolla_na_Naomh_%C3%93_hUidhr%C3%ADn	Giolla na Naomh Ó hUidhrín
/wiki/Saint_Patrick	Saint Patrick
/wiki/Slovene_diaspora	Slovenes
/wiki/Third_Reich	Third Reich
/wiki/United_States_Declaration_of_Independence	United States Declaration of Independence
/wiki/German_American	German Americans
/wiki/Celtic_F.C.	Celtic F.C.
/wiki/George_Osborne	George Osborne
/wiki/Bermuda_Garrison	Bermuda Garrison
/wiki/Tim_Pat_Coogan	Tim Pat Coogan
/wiki/Jamie_Kennedy	Jamie Kennedy
/wiki/An_Leabhar_Muimhneach	An Leabhar Muimhneach
/wiki/Lord_Haw-Haw	Lord Haw-Haw
/wiki/Northern_Irish_people	Northern Irish people
/wiki/Otago_Gold_Rush	Otago
/wiki/47th_(Lancashire)_Regiment_of_Foot	47th Regiment of Foot
/wiki/Statutes_of_Iona	Statutes of Iona
/wiki/Conmha%C3%ADcne	Conmhaícne
/wiki/William_Lamport	William Lamport
/wiki/Kingdom_of_Great_Britain	Kingdom of Great Britain
/wiki/George_Clooney	George Clooney
/wiki/Foxford	Foxford
/wiki/List_of_English_monarchs	Kings of England
/wiki/Eastern_Europe	Eastern Europe
/wiki/Bermuda	Bermuda
/wiki/Ballad	ballad
/wiki/Jacobite_risings	Jacobite risings
/wiki/Eugene_O%27Neill	Eugene O'Neill
/wiki/King_of_Ireland	King of Ireland
/wiki/Rose_McGowan	Rose McGowan
/wiki/Royal_Naval_Dockyard,_Bermuda	Royal Naval Dockyard
/wiki/Duchy_of_Brabant	Duchy of Brabant
/wiki/St._Gallen	St Gallen
/wiki/International_Brigades	International Brigades
/wiki/Armenian_diaspora	Armenians
/wiki/Louis_St._Laurent	Louis St. Laurent
/wiki/Central_Europe	Central Europe
/wiki/Patrick_Duff	Patrick Duff
/wiki/Cromwellian_invasion_of_Ireland	Cromwellian invasion of Ireland
/wiki/Omagh	Omagh
/wiki/Dermot_O%27Leary	Dermot O'Leary
/wiki/Against_the_Wind_(TV_series)	Against the Wind (TV series)
/wiki/Kingdom_of_the_Isles	Kingdom of the Isles
/wiki/Ricardo_L%C3%B3pez_Murphy	Ricardo López Murphy
/wiki/John_Wayne	John Wayne
/wiki/Bill_Clinton	Bill Clinton
/wiki/Clan_Donald	Clan Donald
/wiki/Roman_Catholic	Roman Catholic
/wiki/Dorothy_Gale	Dorothy Gale
/wiki/County_Wicklow	County Wicklow
/wiki/Almirante_Brown_Partido	Almirante Brown partido
/wiki/President_of_the_Government_of_Spain	president of the Government of Spain
/wiki/Danny_Boy	Danny Boy
/wiki/Constitution_of_Ireland	Constitution of Ireland
/wiki/Merv_Griffin	Merv Griffin
/wiki/%C3%9Adar%C3%A1s_na_Gaeltachta	Údarás na Gaeltachta
/wiki/James_Cousins	James and Margaret Cousins
/wiki/Brandy	brandy
/wiki/D%C3%A1l_Riata	Dál Riata
/wiki/Romulo_O%27Farril	Romulo O'Farril
/wiki/Bermuda_Volunteer_Rifle_Corps	Bermuda Volunteer Rifle Corps
/wiki/Baltimore	Baltimore
/wiki/Helen_Gahagan_Douglas	Helen Gahagan Douglas
/wiki/Supreme_Director_of_Chile	Supreme Director of Chile
/wiki/Bernard_Devlin	Bernard Devlin
/wiki/George_Carlin	George Carlin
/wiki/Pat_Quinn_(ice_hockey)	Pat Quinn
/wiki/Ellis_Island	Ellis Island
/wiki/Spanish_people	Spanish
/wiki/Cardiff	Cardiff
/wiki/Gabriel%27s_Gully	Gabriel's Gully
/wiki/E%C3%B3ganachta	Eóganachta
