/wiki/List_of_comedians	List of comedians
/wiki/Tim_Robinson_(comedian)	Tim Robinson
/wiki/Danny_Pudi	Danny Pudi
/wiki/Mindy_Kaling	Mindy Kaling
/wiki/Dom_DeLuise	Dom DeLuise
/wiki/Nick_Swardson	Nick Swardson
/wiki/Carlos_Mencia	Carlos Mencia
/wiki/Eddie_Griffin	Eddie Griffin
/wiki/Maz_Jobrani	Maz Jobrani
/wiki/Alonzo_Bodden	Alonzo Bodden
/wiki/Dan_Harmon	Dan Harmon
/wiki/Jim_Sweeney_(comedian)	Jim Sweeney
/wiki/Julie_Kavner	Julie Kavner
/wiki/Jimmy_Durante	Jimmy Durante
/wiki/David_Hyde_Pierce	David Hyde Pierce
/wiki/Jackie_Martling	Jackie Martling
/wiki/Pablo_Francisco	Pablo Francisco
/wiki/Paul_Garner	Paul Garner
/wiki/Paul_Schrier	Paul Schrier
/wiki/Steve_Hofstetter	Steve Hofstetter
/wiki/Jeffrey_Ross	Jeffrey Ross
/wiki/Jonah_Hill	Jonah Hill
/wiki/Stanley_Holloway	Stanley Holloway
/wiki/Bruce_McCulloch	Bruce McCulloch
/wiki/Jerry_Seinfeld	Jerry Seinfeld
/wiki/Neil_Flynn	Neil Flynn
/wiki/Joe_Besser	Joe Besser
/wiki/Craig_Campbell_(comedian)	Craig Campbell
/wiki/Harry_Langdon	Harry Langdon
/wiki/Pauly_Shore	Pauly Shore
/wiki/Pete_Davidson	Pete Davidson
/wiki/Buster_Keaton	Buster Keaton
/wiki/Niecy_Nash	Niecy Nash
/wiki/Will_Forte	Will Forte
/wiki/Tim_Moore_(comedian)	Tim Moore
/wiki/Ross_Noble	Ross Noble
/wiki/Peter_Kay	Peter Kay
/wiki/Charles_%22Chic%22_Sale	Charles "Chic" Sale
/wiki/Michael_McIntyre	Michael McIntyre
/wiki/Chris_Rush	Chris Rush
/wiki/Paul_Scheer	Paul Scheer
/wiki/Beth_Behrs	Beth Behrs
/wiki/Zach_Galifianakis	Zach Galifianakis
/wiki/Bobby_Collins_(comedian)	Bobby Collins
/wiki/Ashley_Tisdale	Ashley Tisdale
/wiki/Ed_Byrne_(comedian)	Ed Byrne
/wiki/Ed_Wynn	Ed Wynn
/wiki/Jon_Daly_(comedian)	Jon Daly
/wiki/Mike_Myers	Mike Myers
/wiki/Lewis_Schaffer	Lewis Schaffer
/wiki/James_Thurber	James Thurber
/wiki/Lloyd_Hamilton	Lloyd Hamilton
/wiki/Jordan_Klepper	Jordan Klepper
/wiki/Smith_and_Dale	Joe Smith
/wiki/Bill_Kirchenbauer	Bill Kirchenbauer
/wiki/Larry_Joe_Campbell	Larry Joe Campbell
/wiki/Donald_O%27Connor	Donald O'Connor
/wiki/Sam_Kinison	Sam Kinison
/wiki/W._C._Fields	W. C. Fields
/wiki/Ryan_Stout	Ryan Stout
/wiki/List_of_musical_comedians	List of musical comedians
/wiki/Henry_Normal	Henry Normal
/wiki/Bob_and_Ray	Bob and Ray
/wiki/List_of_Puerto_Rican_comedians	List of Puerto Rican comedians
/wiki/Daniel_Kitson	Daniel Kitson
/wiki/Jay_Leno	Jay Leno
/wiki/Emma_Stone	Emma Stone
/wiki/Wally_Brown	Wally Brown
/wiki/Art_Paul_Schlosser	Art Paul Schlosser
/wiki/Thomas_Lennon_(actor)	Thomas Lennon
/wiki/Jonathan_Kite	Jonathan Kite
/wiki/Artie_Lange	Artie Lange
/wiki/Jason_Segel	Jason Segel
/wiki/Ray_Combs	Ray Combs
/wiki/Jessica_Williams_(actress)	Jessica Williams
/wiki/Andy_Richter	Andy Richter
/wiki/Bill_Nye	Bill Nye
/wiki/Robin_Harris	Robin Harris
/wiki/Nick_DiPaolo	Nick DiPaolo
/wiki/Phil_Hartman	Phil Hartman
/wiki/Mike_Harding	Mike Harding
/wiki/Mitch_Fatel	Mitch Fatel
/wiki/Jerry_Sadowitz	Jerry Sadowitz
/wiki/Brent_Morin	Brent Morin
/wiki/Mark_Dolan	Mark Dolan
/wiki/Spike_Milligan	Spike Milligan
/wiki/Richard_Cheese	Richard Cheese
/wiki/Henry_Naylor	Henry Naylor
/wiki/Patton_Oswalt	Patton Oswalt
/wiki/Gilbert_Gottfried	Gilbert Gottfried
/wiki/Victor_Moore	Victor Moore
/wiki/Noel_Fielding	Noel Fielding
/wiki/Bobcat_Goldthwait	Bobcat Goldthwait
/wiki/Christopher_Walken	Christopher Walken
/wiki/Frank_Kelly	Frank Kelly
/wiki/Bob_Monkhouse	Bob Monkhouse
/wiki/Dudley_Moore	Dudley Moore
/wiki/Kate_Micucci	Kate Micucci
/wiki/Simon_Fanshawe	Simon Fanshawe
/wiki/Cheri_Oteri	Cheri Oteri
/wiki/Hugh_Laurie	Hugh Laurie
/wiki/Cheech_and_Chong	Cheech and Chong
/wiki/Johnny_Carson	Johnny Carson
/wiki/Jack_Rosenthal	Jack Rosenthal
/wiki/Jeff_Richards_(comedian)	Jeff Richards
/wiki/David_Cross	David Cross
/wiki/Wayne_Knight	Wayne Knight
/wiki/Jacques_Tati	Jacques Tati
/wiki/Andy_Griffith	Andy Griffith
/wiki/Steve_Coogan	Steve Coogan
/wiki/Brett_Gelman	Brett Gelman
/wiki/Max_Wall	Max Wall
/wiki/Mark_Lowry	Mark Lowry
/wiki/Graham_Linehan	Graham Linehan
/wiki/Saturday_Night_Live	Saturday Night Live
/wiki/Tom_Kennedy_(actor)	Tom Kennedy
/wiki/Dave_Gorman	Dave Gorman
/wiki/Dave_Attell	Dave Attell
/wiki/Waen_Shepherd	Waen Shepherd
/wiki/Melissa_McCarthy	Melissa McCarthy
/wiki/Terry_Jones	Terry Jones
/wiki/Willie_Rushton	Willie Rushton
/wiki/John_Lutz	John Lutz
/wiki/Kevin_Brown_(actor)	Kevin Brown
/wiki/Zach_Woods	Zach Woods
/wiki/Lyda_Roberti	Lyda Roberti
/wiki/The_Whitest_Kids_U%27Know	The Whitest Kids U'Know
/wiki/George_Roper	George Roper
/wiki/Maya_Rudolph	Maya Rudolph
/wiki/Red_Skelton	Red Skelton
/wiki/Larry_Murphy_(actor)	Larry Murphy
/wiki/Will_Ferrell	Will Ferrell
/wiki/Moe_Howard	Moe Howard
/wiki/Steven_Wright	Steven Wright
/wiki/Chris_Morris_(satirist)	Chris Morris
/wiki/Whoopi_Goldberg	Whoopi Goldberg
/wiki/Rhys_Darby	Rhys Darby
/wiki/Roscoe_%22Fatty%22_Arbuckle	Roscoe "Fatty" Arbuckle
/wiki/Yakov_Smirnoff	Yakov Smirnoff
/wiki/Tom_Poston	Tom Poston
/wiki/Vic_Reeves	Vic Reeves
/wiki/Jo_Koy	Jo Koy
/wiki/David_Wain	David Wain
/wiki/Horatio_Sanz	Horatio Sanz
/wiki/Rhona_Cameron	Rhona Cameron
/wiki/J%C3%BCrgen_Becker	Jürgen Becker
/wiki/Tommy_Trinder	Tommy Trinder
/wiki/Vicki_Lawrence	Vicki Lawrence
/wiki/The_Amazing_Johnathan	The Amazing Johnathan
/wiki/Sam_Levenson	Sam Levenson
/wiki/Dai_Henwood	Dai Henwood
/wiki/Tim_Meadows	Tim Meadows
/wiki/John_Oliver_(entertainer)	John Oliver
/wiki/Bea_Arthur	Bea Arthur
/wiki/Johnny_Vegas	Johnny Vegas
/wiki/Penn_Jillette	Penn Jillette
/wiki/Victoria_Jackson	Victoria Jackson
/wiki/Andy_Zaltzman	Andy Zaltzman
/wiki/Maria_Bamford	Maria Bamford
/wiki/Sean_Lock	Sean Lock
/wiki/Will_Sasso	Will Sasso
/wiki/Jimmy_Carr	Jimmy Carr
/wiki/Martin_Mull	Martin Mull
/wiki/Fran_Drescher	Fran Drescher
/wiki/Dick_Clement	Dick Clement
/wiki/Craig_Shoemaker	Craig Shoemaker
/wiki/Bill_Hader	Bill Hader
/wiki/Carol_Channing	Carol Channing
/wiki/Natalie_Haynes	Natalie Haynes
/wiki/Rowan_Atkinson	Rowan Atkinson
/wiki/Kathleen_Madigan	Kathleen Madigan
/wiki/Doug_Chappel	Doug Chappel
/wiki/Kenneth_Horne	Kenneth Horne
/wiki/Catherine_Tate	Catherine Tate
/wiki/Gary_Gulman	Gary Gulman
/wiki/Chris_Spencer_(actor)	Chris Spencer
/wiki/Rick_Reynolds	Rick Reynolds
/wiki/Phil_Kay	Phil Kay
/wiki/The_Chaser	The Chaser
/wiki/Seth_Green	Seth Green
/wiki/Mike_Nichols	Mike Nichols
/wiki/Willis_Hall	Willis Hall
/wiki/Dan_Rowan	Dan Rowan
/wiki/Derek_Edwards	Derek Edwards
/wiki/Harry_Worth	Harry Worth
/wiki/Chonda_Pierce	Chonda Pierce
/wiki/Victor_Borge	Victor Borge
/wiki/Chris_Distefano	Chris Distefano
/wiki/Chris_Langham	Chris Langham
/wiki/Jim_Belushi	Jim Belushi
/wiki/Scott_Thompson_(comedian)	Scott Thompson
/wiki/Anders_Holm	Anders Holm
/wiki/Larry_David	Larry David
/wiki/Brian_Regan_(comedian)	Brian Regan
/wiki/Broken_Lizard	Broken Lizard
/wiki/Spike_Feresten	Spike Feresten
/wiki/Jason_Mantzoukas	Jason Mantzoukas
/wiki/Robin_Williams	Robin Williams
/wiki/June_Diane_Raphael	June Diane Raphael
/wiki/Sandra_Bernhard	Sandra Bernhard
/wiki/John_Mulaney	John Mulaney
/wiki/Tony_Randall	Tony Randall
/wiki/Colin_Jost	Colin Jost
/wiki/Brad_Sherwood	Brad Sherwood
/wiki/Mark_Schiff	Mark Schiff
/wiki/Finesse_Mitchell	Finesse Mitchell
/wiki/Marie_Dressler	Marie Dressler
/wiki/Amanda_Crew	Amanda Crew
/wiki/Bill_Bailey	Bill Bailey
/wiki/Barry_Humphries	Barry Humphries
/wiki/Charlie_Manna	Charlie Manna
/wiki/Stephnie_Weir	Stephnie Weir
/wiki/Amy_Schumer	Amy Schumer
/wiki/Wendy_Liebman	Wendy Liebman
/wiki/The_Lonely_Island	The Lonely Island
/wiki/Rags_Ragland	Rags Ragland
/wiki/Henry_Cho	Henry Cho
/wiki/Wallace_Shawn	Wallace Shawn
/wiki/Brett_Butler_(actress)	Brett Butler
/wiki/Yeardley_Smith	Yeardley Smith
/wiki/Leo_Gorcey	Leo Gorcey
/wiki/Terry_Gilliam	Terry Gilliam
/wiki/Ruth_Buzzi	Ruth Buzzi
/wiki/Julia_Louis-Dreyfus	Julia Louis-Dreyfus
/wiki/Lee_Mack	Lee Mack
/wiki/Gerburg_Jahnke	Gerburg Jahnke
/wiki/Dara_%C3%93_Briain	Dara Ó Briain
/wiki/Mary_Lynn_Rajskub	Mary Lynn Rajskub
/wiki/Ken_Jeong	Ken Jeong
/wiki/Anthony_Clark_(actor)	Anthony Clark
/wiki/Jessica_St._Clair	Jessica St. Clair
/wiki/Demetri_Martin	Demetri Martin
/wiki/Jason_Bateman	Jason Bateman
/wiki/Gina_Riley	Gina Riley
/wiki/Rob_Corddry	Rob Corddry
/wiki/Norm_Macdonald	Norm Macdonald
/wiki/Ted_Healy	Ted Healy
/wiki/Matt_Mira	Matt Mira
/wiki/List_of_Canadian_comedians	List of Canadian comedians
/wiki/List_of_Finnish_comedians	List of Finnish comedians
/wiki/Seth_MacFarlane	Seth MacFarlane
/wiki/Rob_Riggle	Rob Riggle
/wiki/Bianca_Kajlich	Bianca Kajlich
/wiki/Andy_Kaufman	Andy Kaufman
/wiki/Lauren_Lapkus	Lauren Lapkus
/wiki/Mark_Russell	Mark Russell
/wiki/Daniel_Dickey	Daniel Dickey
/wiki/List_of_Portuguese_comedians	List of Portuguese comedians
/wiki/Ken_Shimura	Ken Shimura
/wiki/Danny_McBride	Danny McBride
/wiki/Richard_Herring	Richard Herring
/wiki/Sid_Caesar	Sid Caesar
/wiki/Antony_Jay	Antony Jay
/wiki/Bob_Odenkirk	Bob Odenkirk
/wiki/The_Mighty_Boosh	The Mighty Boosh
/wiki/Rich_Fulcher	Rich Fulcher
/wiki/David_Renwick	David Renwick
/wiki/David_Brenner	David Brenner
/wiki/Jackie_Gleason	Jackie Gleason
/wiki/Rik_Mayall	Rik Mayall
/wiki/Christopher_Titus	Christopher Titus
/wiki/Dave_Coulier	Dave Coulier
/wiki/Eric_Wareheim	Eric Wareheim
/wiki/Ritch_Shydner	Ritch Shydner
/wiki/Charlie_Williams_(comedian)	Charlie Williams
/wiki/Gabe_Kaplan	Gabe Kaplan
/wiki/Sam_Simmons_(comedian)	Sam Simmons
/wiki/The_Kids_in_the_Hall	The Kids in the Hall
/wiki/Bernard_Manning	Bernard Manning
/wiki/Jeanne_Robertson	Jeanne Robertson
/wiki/Ken_Marino	Ken Marino
/wiki/Ed_Helms	Ed Helms
/wiki/Colin_Murphy_(comedian)	Colin Murphy
/wiki/Stanley_Unwin_(comedian)	Stanley Unwin
/wiki/Jamie_Denbo	Jamie Denbo
/wiki/Ali_Wong	Ali Wong
/wiki/Kyle_Massey	Kyle Massey
/wiki/Zach_Braff	Zach Braff
/wiki/Rainn_Wilson	Rainn Wilson
/wiki/Bert_Wheeler	Bert Wheeler
/wiki/Damon_Wayans,_Jr.	Damon Wayans, Jr.
/wiki/Vivian_Stanshall	Vivian Stanshall
/wiki/Bill_Engvall	Bill Engvall
/wiki/Sandy_Baron	Sandy Baron
/wiki/Jon_Pertwee	Jon Pertwee
/wiki/Garrett_Morris	Garrett Morris
/wiki/Steve_Agee	Steve Agee
/wiki/Pardis_Parker	Pardis Parker
/wiki/Jonathan_Winters	Jonathan Winters
/wiki/Jamie_Kennedy	Jamie Kennedy
/wiki/Jon_Lovitz	Jon Lovitz
/wiki/Josh_Thomas_(comedian)	Josh Thomas
/wiki/Christa_Miller	Christa Miller
/wiki/Lewis_Black	Lewis Black
/wiki/Ford_Kiernan	Ford Kiernan
/wiki/Dave_Allen_(comedian)	Dave Allen
/wiki/Jim_Gaffigan	Jim Gaffigan
/wiki/Jerry_Lewis	Jerry Lewis
/wiki/Christopher_Guest	Christopher Guest
/wiki/Steve_Rossi	Steve Rossi
/wiki/Bert_Williams	Bert Williams
/wiki/Tom_Papa	Tom Papa
/wiki/Larry_Fine	Larry Fine
/wiki/Martin_Starr	Martin Starr
/wiki/Paul_Tonkinson	Paul Tonkinson
/wiki/Paul_Merton	Paul Merton
/wiki/Craig_Anton	Craig Anton
/wiki/Sofia_Vergara	Sofia Vergara
/wiki/Conan_O%27Brien	Conan O'Brien
/wiki/The_Comic_Strip	The Comic Strip
/wiki/Matt_Braunger	Matt Braunger
/wiki/Michael_McDonald_(comedian)	Michael McDonald
/wiki/Jack_McBrayer	Jack McBrayer
/wiki/John_Hodgman	John Hodgman
/wiki/Sandi_Toksvig	Sandi Toksvig
/wiki/Kel_Mitchell	Kel Mitchell
/wiki/Danitra_Vance	Danitra Vance
/wiki/Shawn_Wayans	Shawn Wayans
/wiki/Jerry_Van_Dyke	Jerry Van Dyke
/wiki/Laura_Kightlinger	Laura Kightlinger
/wiki/Ted_Chippington	Ted Chippington
/wiki/Greg_Warren_(comedian)	Greg Warren
/wiki/Rodney_Dangerfield	Rodney Dangerfield
/wiki/Mike_Pollock	Mike Pollock
/wiki/Flight_of_the_Conchords	Flight of the Conchords
/wiki/Mo_Collins	Mo Collins
/wiki/Ana_Gasteyer	Ana Gasteyer
/wiki/Joan_Sims	Joan Sims
/wiki/Jack_E._Leonard	Jack E. Leonard
/wiki/Soupy_Sales	Soupy Sales
/wiki/Jason_Ritter	Jason Ritter
/wiki/Jamie_Foxx	Jamie Foxx
/wiki/Paul_Lynde	Paul Lynde
/wiki/Kyle_Cease	Kyle Cease
/wiki/Jim_David	Jim David
/wiki/Cem_Y%C4%B1lmaz	Cem Yılmaz
/wiki/Sean_Hayes_(actor)	Sean Hayes
/wiki/Shelley_Berman	Shelley Berman
/wiki/Russell_Peters	Russell Peters
/wiki/Otis_Harlan	Otis Harlan
/wiki/Rebel_Wilson	Rebel Wilson
/wiki/Harpo_Marx	Harpo Marx
/wiki/Danny_Thomas	Danny Thomas
/wiki/Whitney_Cummings	Whitney Cummings
/wiki/Johnny_Lever	Johnny Lever
/wiki/Charles_Grodin	Charles Grodin
/wiki/Doug_Stanhope	Doug Stanhope
/wiki/Jim_Varney	Jim Varney
/wiki/Tyler_Perry	Tyler Perry
/wiki/Jenny_McCarthy	Jenny McCarthy
/wiki/Luke_Ski	Luke Ski
/wiki/Reggie_Watts	Reggie Watts
/wiki/%22Weird_Al%22_Yankovic	"Weird Al" Yankovic
/wiki/Carrot_Top	Carrot Top
/wiki/Wayne_and_Shuster	Wayne and Shuster
/wiki/S._J._Perelman	S. J. Perelman
/wiki/Julian_Barratt	Julian Barratt
/wiki/Moshe_Kasher	Moshe Kasher
/wiki/Kapil_Sharma_(comedian)	Kapil Sharma
/wiki/Charlie_Callas	Charlie Callas
/wiki/Dermot_Morgan	Dermot Morgan
/wiki/Michael_Palin	Michael Palin
/wiki/Rondell_Sheridan	Rondell Sheridan
/wiki/Russell_Kane	Russell Kane
/wiki/Kathryn_Hahn	Kathryn Hahn
/wiki/Janey_Godley	Janey Godley
/wiki/Eddie_Quillan	Eddie Quillan
/wiki/Louis_C.K.	Louis C.K.
/wiki/Brian_Doyle-Murray	Brian Doyle-Murray
/wiki/Thelma_Todd	Thelma Todd
/wiki/Paul_Stewart_(actor)	Paul Stewart
/wiki/Alison_Brie	Alison Brie
/wiki/Jami_Gong	Jami Gong
/wiki/Rob_Paulsen	Rob Paulsen
/wiki/Bill_Hicks	Bill Hicks
/wiki/David_Koechner	David Koechner
/wiki/Aubrey_Plaza	Aubrey Plaza
/wiki/James_Gregory_(comedian)	James Gregory
/wiki/Joey_Bishop	Joey Bishop
/wiki/Mary_Walsh_(actress)	Mary Walsh
/wiki/The_Goons	The Goons
/wiki/Mark_Thomas	Mark Thomas
/wiki/Kreisiraadio	Kreisiraadio
/wiki/Cedric_The_Entertainer	Cedric The Entertainer
/wiki/James_Corden	James Corden
/wiki/Tig_Notaro	Tig Notaro
/wiki/Hannah_Hart	Hannah Hart
/wiki/Adam_Carolla	Adam Carolla
/wiki/Simon_Nye	Simon Nye
/wiki/Mo_Gaffney	Mo Gaffney
/wiki/Humour	humour
/wiki/Richard_Lewis_(comedian)	Richard Lewis
/wiki/Christian_Finnegan	Christian Finnegan
/wiki/Bill_Cosby	Bill Cosby
/wiki/Ty_Burrell	Ty Burrell
/wiki/Anne_Meara	Anne Meara
/wiki/Roy_Walker_(comedian)	Roy Walker
/wiki/Pat_Paulsen	Pat Paulsen
/wiki/Martin_Sargent	Martin Sargent
/wiki/Chris_Farley	Chris Farley
/wiki/Zero_Mostel	Zero Mostel
/wiki/List_of_Dutch_comedians	List of Dutch comedians
/wiki/Andy_Kindler	Andy Kindler
/wiki/Billy_Gardell	Billy Gardell
/wiki/Beth_Lapides	Beth Lapides
/wiki/Arden_Myrin	Arden Myrin
/wiki/John_Keister_(comedian)	John Keister
/wiki/Avery_Schreiber	Avery Schreiber
/wiki/Lee_Evans_(comedian)	Lee Evans
/wiki/Jo_Caulfield	Jo Caulfield
/wiki/Craig_Ferguson	Craig Ferguson
/wiki/Edgar_Bergen	Edgar Bergen
/wiki/Jeremy_Hotz	Jeremy Hotz
/wiki/Lisa_Lampanelli	Lisa Lampanelli
/wiki/Rob_Huebel	Rob Huebel
/wiki/Scotland_the_What%3F	Scotland the What?
/wiki/Larry_Semon	Larry Semon
/wiki/Goldie_Hawn	Goldie Hawn
/wiki/Matt_Lucas	Matt Lucas
/wiki/Laurel_and_Hardy	Laurel and Hardy
/wiki/John_Sullivan_(writer)	John Sullivan
/wiki/Luba_Goy	Luba Goy
/wiki/Fred_Armisen	Fred Armisen
/wiki/Bill_Maher	Bill Maher
/wiki/Groucho_Marx	Groucho Marx
/wiki/Navin_Prabhakar	Navin Prabhakar
/wiki/Paul_Shaffer	Paul Shaffer
/wiki/Jen_Kirkman	Jen Kirkman
/wiki/Gallagher_(comedian)	Gallagher
/wiki/Hal_Sparks	Hal Sparks
/wiki/Terry_Sweeney	Terry Sweeney
/wiki/Ruth_Draper	Ruth Draper
/wiki/Vanessa_Bayer	Vanessa Bayer
/wiki/Doug_Lawrence	Doug Lawrence
/wiki/Jessica_Holmes	Jessica Holmes
/wiki/Nick_Kroll	Nick Kroll
/wiki/Stewart_Francis	Stewart Francis
/wiki/William_Frawley	William Frawley
/wiki/Patrick_Warburton	Patrick Warburton
/wiki/Paget_Brewster	Paget Brewster
/wiki/Jay_Thomas	Jay Thomas
/wiki/Michael_Keaton	Michael Keaton
/wiki/Eric_Morecambe	Eric Morecambe
/wiki/Boothby_Graffoe_(comedian)	Boothby Graffoe
/wiki/Dan_Mintz	Dan Mintz
/wiki/David_Mitchell_(comedian)	David Mitchell
/wiki/Buddy_Hackett	Buddy Hackett
/wiki/Sohail_Ahmed	Sohail Ahmed
/wiki/Greg_Hemphill	Greg Hemphill
/wiki/Ted_Ray_(comedian)	Ted Ray
/wiki/Stephen_Lynch_(musician)	Stephen Lynch
/wiki/Riki_Lindhome	Riki Lindhome
/wiki/List_of_comedy_films	List of comedy films
/wiki/Colin_Mochrie	Colin Mochrie
/wiki/Eddie_Murphy	Eddie Murphy
/wiki/Richard_Murdoch	Richard Murdoch
/wiki/Robert_Ben_Garant	Robert Ben Garant
/wiki/Kenneth_Williams	Kenneth Williams
/wiki/David_L._Cook	David L. Cook
/wiki/Matthew_McConaughey	Matthew McConaughey
/wiki/Jay_Mohr	Jay Mohr
/wiki/Jud_Strunk	Jud Strunk
/wiki/Bob_Elliott_(comedian)	Bob Elliott
/wiki/The_Comedy_Store_Players	The Comedy Store Players
/wiki/Gummo_Marx	Gummo Marx
/wiki/Omid_Djalili	Omid Djalili
/wiki/Mike_Lawrence_(comedian)	Mike Lawrence
/wiki/Don_Rickles	Don Rickles
/wiki/Harold_Ritz	Harry Ritz
/wiki/Robin_Duke	Robin Duke
/wiki/Smosh	Smosh
/wiki/Sinbad_(entertainer)	Sinbad
/wiki/Dan_Nainan	Dan Nainan
/wiki/Jerry_Stiller	Jerry Stiller
/wiki/Adam_Goldberg	Adam Goldberg
/wiki/Edward_Everett_Horton	Edward Everett Horton
/wiki/Jon_Stewart	Jon Stewart
/wiki/Pauline_Quirke	Pauline Quirke
/wiki/Dustin_Diamond	Dustin Diamond
/wiki/Ahmed_Ahmed	Ahmed Ahmed
/wiki/Clark_Duke	Clark Duke
/wiki/Bill_Dana_(comedian)	Bill Dana
/wiki/Lonny_Ross	Lonny Ross
/wiki/April_Richardson	April Richardson
/wiki/Will_Smith_(comedian)	Will Smith
/wiki/Taran_Killam	Taran Killam
/wiki/Paul_Reiser	Paul Reiser
/wiki/Graham_Fellowes	Graham Fellowes
/wiki/Matt_Stone	Matt Stone
/wiki/Charlie_Chaplin	Charlie Chaplin
/wiki/Barbara_Jo_Allen	Barbara Jo Allen
/wiki/Dick_Martin_(comedian)	Dick Martin
/wiki/Eugene_Mirman	Eugene Mirman
/wiki/Totie_Fields	Totie Fields
/wiki/Damon_Wayans	Damon Wayans
/wiki/Arthur_Askey	Arthur Askey
/wiki/Jason_Byrne_(comedian)	Jason Byrne
/wiki/Jack_Burns	Jack Burns
/wiki/Ben_Bailey	Ben Bailey
/wiki/Jeff_Dunham	Jeff Dunham
/wiki/Stefan_Raab	Stefan Raab
/wiki/Surname	surname
/wiki/Rob_Little	Rob Little
/wiki/Rowland_Rivron	Rowland Rivron
/wiki/Comedian	comedian
/wiki/Joe_Rogan	Joe Rogan
/wiki/Barunka_O%27Shaughnessy	Barunka O'Shaughnessy
/wiki/Reginald_D_Hunter	Reginald D Hunter
/wiki/Mark_McKinney	Mark McKinney
/wiki/Topher_Grace	Topher Grace
/wiki/John_Byner	John Byner
/wiki/Bridget_Everett	Bridget Everett
/wiki/Les_Charlots	Les Charlots
/wiki/Paul_Rudd	Paul Rudd
/wiki/Echo_Kellum	Echo Kellum
/wiki/Jimmy_Ritz_(comedian)	Jimmy Ritz
/wiki/Tony_Gardner	Tony Gardner
/wiki/Leigh_Francis	Leigh Francis
/wiki/Hamish_Blake	Hamish Blake
/wiki/Russell_Howard	Russell Howard
/wiki/Dov_Davidoff	Dov Davidoff
/wiki/Masashi_Tashiro	Masashi Tashiro
/wiki/Papa_CJ	Papa CJ
/wiki/Amy_Poehler	Amy Poehler
/wiki/Drew_Carey	Drew Carey
/wiki/Kevin_James	Kevin James
/wiki/Kevin_Pollak	Kevin Pollak
/wiki/Scott_Innes	Scott Innes
/wiki/Mort_Sahl	Mort Sahl
/wiki/Chris_O%27Dowd	Chris O'Dowd
/wiki/Tim_Conway	Tim Conway
/wiki/Jane_Leeves	Jane Leeves
/wiki/Kim_Coles	Kim Coles
/wiki/Ron_Funches	Ron Funches
/wiki/David_Walliams	David Walliams
/wiki/Garfunkel_and_Oates	Garfunkel and Oates
/wiki/Michael_%22Atters%22_Attree	Michael "Atters" Attree
/wiki/David_Schwimmer	David Schwimmer
/wiki/Se%C3%A1n_Cullen	Seán Cullen
/wiki/Carol_Leifer	Carol Leifer
/wiki/Simon_Munnery	Simon Munnery
/wiki/Kate_McKinnon	Kate McKinnon
/wiki/Simon_Pegg	Simon Pegg
/wiki/Baba_Ali	Baba Ali
/wiki/Jack_Dee	Jack Dee
/wiki/Dave_Spikey	Dave Spikey
/wiki/Simon_Amstell	Simon Amstell
/wiki/John_Pinette	John Pinette
/wiki/Shemp_Howard	Shemp Howard
/wiki/George_Lopez	George Lopez
/wiki/Charley_Chase	Charley Chase
/wiki/Graham_Kennedy	Graham Kennedy
/wiki/Jonah_Ray	Jonah Ray
/wiki/Rachael_Harris	Rachael Harris
/wiki/Kristen_Schaal	Kristen Schaal
/wiki/Matt_LeBlanc	Matt LeBlanc
/wiki/Alex_Zane	Alex Zane
/wiki/Mack_Sennett	Mack Sennett
/wiki/Brandon_Mendelson	Brandon Mendelson
/wiki/Robert_Klein	Robert Klein
/wiki/Ardal_O%27Hanlon	Ardal O'Hanlon
/wiki/Jason_Biggs	Jason Biggs
/wiki/Allan_Havey	Allan Havey
/wiki/Tom_Arnold_(actor)	Tom Arnold
/wiki/Harry_Secombe	Harry Secombe
/wiki/Nigel_Planer	Nigel Planer
/wiki/Theodore_Gottlieb	Theodore Gottlieb
/wiki/Richard_Digance	Richard Digance
/wiki/Jerry_Minor	Jerry Minor
/wiki/Johnny_Speight	Johnny Speight
/wiki/Mel_Brooks	Mel Brooks
/wiki/Tim_and_Eric	Tim and Eric
/wiki/List_of_Japanese_comedians	List of Japanese comedians
/wiki/Tim_Hawkins	Tim Hawkins
/wiki/Jean_Dujardin	Jean Dujardin
/wiki/Jimmie_Walker	Jimmie Walker
/wiki/Jason_Sudeikis	Jason Sudeikis
/wiki/Alex_Reymundo	Alex Reymundo
/wiki/Esmonde_and_Larbey	Esmonde and Larbey
/wiki/Carroll_O%27Connor	Carroll O'Connor
/wiki/Julia_Sweeney	Julia Sweeney
/wiki/Billy_T._James	Billy T. James
/wiki/Stanley_Baxter	Stanley Baxter
/wiki/Pete_Holmes	Pete Holmes
/wiki/Ian_Gomez	Ian Gomez
/wiki/Angus_Sampson	Angus Sampson
/wiki/Siw_Anita_Andersen	Siw Anita Andersen
/wiki/Colin_Quinn	Colin Quinn
/wiki/Kathy_Griffin	Kathy Griffin
/wiki/Phill_Jupitus	Phill Jupitus
/wiki/Don_Ferguson_(actor)	Don Ferguson
/wiki/Hannibal_Buress	Hannibal Buress
/wiki/David_Nobbs	David Nobbs
/wiki/Jason_Alexander	Jason Alexander
/wiki/The_Frat_Pack	The Frat Pack
/wiki/Paul_F._Tompkins	Paul F. Tompkins
/wiki/Josie_Long	Josie Long
/wiki/Galton_and_Simpson	Galton and Simpson
/wiki/James_Adomian	James Adomian
/wiki/Phil_Silvers	Phil Silvers
/wiki/Kristen_Wiig	Kristen Wiig
/wiki/Matt_Davis_(comedian)	Matt Davis
/wiki/Ayelet_the_Kosher_Komic	Ayelet the Kosher Komic
/wiki/Paul_McCullough	Paul McCullough
/wiki/Kal_Penn	Kal Penn
/wiki/Charo	Charo
/wiki/The_Ritz_Brothers	The Ritz Brothers
/wiki/Mathew_Horne	Mathew Horne
/wiki/Nick_Thune	Nick Thune
/wiki/Maulik_Pancholy	Maulik Pancholy
/wiki/Gina_Yashere	Gina Yashere
/wiki/Tony_Law	Tony Law
/wiki/Tracy_Morgan	Tracy Morgan
/wiki/Jon_Reep	Jon Reep
/wiki/Jeff_Foxworthy	Jeff Foxworthy
/wiki/Jemaine_Clement	Jemaine Clement
/wiki/Loni_Love	Loni Love
/wiki/Retta	Retta
/wiki/Tim_Allen	Tim Allen
/wiki/Marty_Feldman	Marty Feldman
/wiki/BJ_Novak	BJ Novak
/wiki/Randall_Park	Randall Park
/wiki/Jack_Black	Jack Black
/wiki/List_of_Italian_comedians	List of Italian comedians
/wiki/Jim_Florentine	Jim Florentine
/wiki/Paul_Brittain	Paul Brittain
/wiki/Mike_Epps	Mike Epps
/wiki/Dave_Hughes	Dave Hughes
/wiki/Matthew_Perry	Matthew Perry
/wiki/Michael_J._Nelson	Michael J. Nelson
/wiki/Jackie_Mason	Jackie Mason
/wiki/Jimmy_Pardo	Jimmy Pardo
/wiki/Kenan_Thompson	Kenan Thompson
/wiki/Laraine_Newman	Laraine Newman
/wiki/Olivia_Munn	Olivia Munn
/wiki/Keenen_Ivory_Wayans	Keenen Ivory Wayans
/wiki/Tony_Danza	Tony Danza
/wiki/Peter_Tinniswood	Peter Tinniswood
/wiki/Beyond_the_Fringe	Beyond the Fringe
/wiki/Rob_Deering	Rob Deering
/wiki/JB_Smoove	JB Smoove
/wiki/David_Alan_Grier	David Alan Grier
/wiki/Ray_Goulding	Ray Goulding
/wiki/Martha_Raye	Martha Raye
/wiki/Al_Read	Al Read
/wiki/Jon_Lajoie	Jon Lajoie
/wiki/Rosie_Tran	Rosie Tran
/wiki/Dan_Aykroyd	Dan Aykroyd
/wiki/Laurence_Clark_(comedian)	Laurence Clark (comedian)
/wiki/Tim_Thomerson	Tim Thomerson
/wiki/Richard_Gautier	Richard Gautier
/wiki/Bob_Newhart	Bob Newhart
/wiki/Randy_and_Jason_Sklar	Randy and Jason Sklar
/wiki/Trey_Parker	Trey Parker
/wiki/Betty_Marsden	Betty Marsden
/wiki/Ryan_Higa	Ryan Higa
/wiki/Adam_Ferrara	Adam Ferrara
/wiki/Robert_Wuhl	Robert Wuhl
/wiki/Lenny_Henry	Lenny Henry
/wiki/Jimmy_Perry	Jimmy Perry
/wiki/George_Formby	George Formby
/wiki/Bill_Burr	Bill Burr
/wiki/Adam_Smith	Adam Smith
/wiki/Tom_Green	Tom Green
/wiki/Dave_Willis_(comedian)	Dave Willis
/wiki/Rob_Reiner	Rob Reiner
/wiki/Gabriel_Iglesias	Gabriel Iglesias
/wiki/Tim_Minchin	Tim Minchin
/wiki/Jimmy_Fallon	Jimmy Fallon
/wiki/Jim_J._Bullock	Jim J. Bullock
/wiki/Paul_Rodriguez	Paul Rodriguez
/wiki/Curly_Howard	Curly Howard
/wiki/Sarah_Kendall	Sarah Kendall
/wiki/Billy_Eichner	Billy Eichner
/wiki/Walter_Catlett	Walter Catlett
/wiki/Rob_Brydon	Rob Brydon
/wiki/Peter_Helliar	Peter Helliar
/wiki/Bobby_Lee	Bobby Lee
/wiki/Chic_Johnson	Chic Johnson
/wiki/Jennifer_Saunders	Jennifer Saunders
/wiki/Richard_Jeni	Richard Jeni
/wiki/Eddie_Izzard	Eddie Izzard
/wiki/Tom_Rhodes	Tom Rhodes
/wiki/Linda_Smith_(comedian)	Linda Smith
/wiki/Robert_Webb	Robert Webb
/wiki/Ashton_Kutcher	Ashton Kutcher
/wiki/Freddie_Prinze	Freddie Prinze
/wiki/Dick_Shawn	Dick Shawn
/wiki/Jay_Jason	Jay Jason
/wiki/Henry_Winkler	Henry Winkler
/wiki/Sarah_Millican	Sarah Millican
/wiki/Carl_Barron	Carl Barron
/wiki/Ellen_Page	Ellen Page
/wiki/Vince_Vaughn	Vince Vaughn
/wiki/Ellie_Kemper	Ellie Kemper
/wiki/Michael_O%27Donoghue	Michael O'Donoghue
/wiki/Bobby_Clark_(comedian)	Bobby Clark
/wiki/Harvey_Korman	Harvey Korman
/wiki/Michael_Che	Michael Che
/wiki/List_of_British_comedians	List of British comedians
/wiki/Abbott_and_Costello	Abbott and Costello
/wiki/Keith_Waterhouse	Keith Waterhouse
/wiki/Damien_Fahey	Damien Fahey
/wiki/Adam_Sandler	Adam Sandler
/wiki/Michael_Showalter	Michael Showalter
/wiki/Will_Friedle	Will Friedle
/wiki/The_Umbilical_Brothers	The Umbilical Brothers
/wiki/Dada_Kondke	Dada Kondke
/wiki/Jorma_Taccone	Jorma Taccone
/wiki/Iliza_Shlesinger	Iliza Shlesinger
/wiki/Upright_Citizens_Brigade	Upright Citizens Brigade
/wiki/Charlie_Drake	Charlie Drake
/wiki/Joe_DeRita	Joe DeRita
/wiki/Jay_Chandrasekhar	Jay Chandrasekhar
/wiki/Armstrong_and_Miller	Armstrong and Miller
/wiki/Carla_Lane	Carla Lane
/wiki/Richard_Dawson	Richard Dawson
/wiki/Kumail_Nanjiani	Kumail Nanjiani
/wiki/Ronnie_Corbett	Ronnie Corbett
/wiki/Tommy_Chong	Tommy Chong
/wiki/Alex_Borstein	Alex Borstein
/wiki/Dylan_Moran	Dylan Moran
/wiki/Todd_Glass	Todd Glass
/wiki/Seann_William_Scott	Seann William Scott
/wiki/ZaSu_Pitts	ZaSu Pitts
/wiki/Kevin_McDonald	Kevin McDonald
/wiki/Alex_Agnew	Alex Agnew
/wiki/Stephen_Colbert	Stephen Colbert
/wiki/Hugh_Herbert	Hugh Herbert
/wiki/Not_Ready_for_Prime-Time_Players	Not Ready for Prime-Time Players
/wiki/Hamish_and_Andy	Hamish and Andy
/wiki/Nina_Conti	Nina Conti
/wiki/Janeane_Garofalo	Janeane Garofalo
/wiki/Harry_Hill	Harry Hill
/wiki/Stewart_Lee	Stewart Lee
/wiki/Art_Carney	Art Carney
/wiki/Anna_Russell	Anna Russell
/wiki/Jo_Brand	Jo Brand
/wiki/John_Henton	John Henton
/wiki/Rose_Marie	Rose Marie
/wiki/Jerrod_Carmichael	Jerrod Carmichael
/wiki/Jeff_Garlin	Jeff Garlin
/wiki/Kerri_Kenney-Silver	Kerri Kenney-Silver
/wiki/Chris_Sugden	Chris Sugden
/wiki/Abby_Elliott	Abby Elliott
/wiki/Alec_Baldwin	Alec Baldwin
/wiki/Justin_Long	Justin Long
/wiki/Frank_Caliendo	Frank Caliendo
/wiki/Benny_Hill	Benny Hill
/wiki/Robert_Woolsey	Robert Woolsey
/wiki/Les_Dennis	Les Dennis
/wiki/Wheeler_and_Woolsey	Wheeler and Woolsey
/wiki/List_of_Mexican_comedians	List of Mexican comedians
/wiki/Dave_Chappelle	Dave Chappelle
/wiki/Khalid_Abbas_Dar	Khalid Abbas Dar
/wiki/Stephen_Chow	Stephen Chow
/wiki/W._S._Gilbert	W. S. Gilbert
/wiki/Rick_Mercer	Rick Mercer
/wiki/Pat_Condell	Pat Condell
/wiki/Eli_Roth	Eli Roth
/wiki/Arthur_Simeon	Arthur Simeon
/wiki/Mitchell_and_Webb	Mitchell and Webb
/wiki/William_Shatner	William Shatner
/wiki/Chelsea_Peretti	Chelsea Peretti
/wiki/Keith_Malley	Keith Malley
/wiki/Andy_Clyde	Andy Clyde
/wiki/Harold_Ramis	Harold Ramis
/wiki/Bill_Murray	Bill Murray
/wiki/Andy_de_la_Tour	Andy de la Tour
/wiki/Greg_London	Greg London
/wiki/Danny_Kaye	Danny Kaye
/wiki/Adam_Hills	Adam Hills
/wiki/Charlie_Ruggles	Charlie Ruggles
/wiki/Owen_Wilson	Owen Wilson
/wiki/Jon_Richardson_(comedian)	Jon Richardson
/wiki/Howie_Mandel	Howie Mandel
/wiki/Tom_Lehrer	Tom Lehrer
/wiki/Matt_Morgan_(comedian)	Matt Morgan
/wiki/Kyle_Kinane	Kyle Kinane
/wiki/George_Burns	George Burns
/wiki/Harry_Shearer	Harry Shearer
/wiki/Joey_Forman	Joey Forman
/wiki/Kelsey_Grammer	Kelsey Grammer
/wiki/Flip_Wilson	Flip Wilson
/wiki/Neil_Mullarkey	Neil Mullarkey
/wiki/Richard_Schull	Richard Schull
/wiki/Eddie_Ifft	Eddie Ifft
/wiki/Ernie_Kovacs	Ernie Kovacs
/wiki/Chris_Hardwick	Chris Hardwick
/wiki/Gus_Schilling	Gus Schilling
/wiki/Garrison_Keillor	Garrison Keillor
/wiki/Julian_Clary	Julian Clary
/wiki/Scott_Capurro	Scott Capurro
/wiki/John_Bunny	John Bunny
/wiki/George_Segal	George Segal
/wiki/Don_Novello	Don Novello
/wiki/Amir_Blumenfeld	Amir Blumenfeld
/wiki/Max_Miller_(comedian)	Max Miller
/wiki/Ray_Romano	Ray Romano
/wiki/Rove_McManus	Rove McManus
/wiki/Natasha_Leggero	Natasha Leggero
/wiki/Huntz_Hall	Huntz Hall
/wiki/Jim_Jefferies_(comedian)	Jim Jefferies
/wiki/Henning_Wehn	Henning Wehn
/wiki/Jane_Lynch	Jane Lynch
/wiki/Mamrie_Hart	Mamrie Hart
/wiki/Larry_Wilmore	Larry Wilmore
/wiki/Dave_Foley	Dave Foley
/wiki/Jonathan_Ross	Jonathan Ross
/wiki/Martin_Short	Martin Short
/wiki/Tony_Hawks	Tony Hawks
/wiki/James_Franco	James Franco
/wiki/Bradley_Walsh	Bradley Walsh
/wiki/Bo_Burnham	Bo Burnham
/wiki/Shaun_Micallef	Shaun Micallef
/wiki/Dave_Thomas_(actor)	Dave Thomas
/wiki/Paula_Pell	Paula Pell
/wiki/Al_Madrigal	Al Madrigal
/wiki/Denny_Willis	Denny Willis
/wiki/Billy_Connolly	Billy Connolly
/wiki/Redd_Foxx	Redd Foxx
/wiki/Dominic_Dierkes	Dominic Dierkes
/wiki/Smothers_Brothers	Smothers Brothers
/wiki/D._L._Hughley	D. L. Hughley
/wiki/Reeves_and_Mortimer	Reeves and Mortimer
/wiki/David_Groh	David Groh
/wiki/Joe_Flaherty	Joe Flaherty
/wiki/Cloris_Leachman	Cloris Leachman
/wiki/Elayne_Boosler	Elayne Boosler
/wiki/Jeremy_Lloyd	Jeremy Lloyd
/wiki/Daniel_Tosh	Daniel Tosh
/wiki/Tracey_Ullman	Tracey Ullman
/wiki/Chris_Tucker	Chris Tucker
/wiki/Kevin_Nealon	Kevin Nealon
/wiki/Lenny_Bruce	Lenny Bruce
/wiki/Jim_Nabors	Jim Nabors
/wiki/Chesney_and_Wolfe	Chesney and Wolfe
/wiki/Mystro_Clark	Mystro Clark
/wiki/Ant_%26_Dec	Ant & Dec
/wiki/Dustin_Gee	Dustin Gee
/wiki/Tommy_Cooper	Tommy Cooper
/wiki/Marijuana_Logues	Marijuana Logues
/wiki/Negin_Farsad	Negin Farsad
/wiki/Donald_Glover	Donald Glover
/wiki/Kurt_Braunohler	Kurt Braunohler
/wiki/Dennis_Miller	Dennis Miller
/wiki/Penn_%26_Teller	Penn & Teller
/wiki/Wayne_Brady	Wayne Brady
/wiki/David_Race	David Race
/wiki/Diane_Keaton	Diane Keaton
/wiki/The_Little_Rascals	The Little Rascals
/wiki/Will_Rogers	Will Rogers
/wiki/Ted_Danson	Ted Danson
/wiki/Craig_Charles	Craig Charles
/wiki/Steve_Byrne	Steve Byrne
/wiki/Jackie_Vernon_(comedian)	Jackie Vernon
/wiki/Rachel_Chagall	Rachel Chagall
/wiki/Lucas_Cruikshank	Lucas Cruikshank
/wiki/Allan_Sherman	Allan Sherman
/wiki/Bret_McKenzie	Bret McKenzie
/wiki/Ruby_Wax	Ruby Wax
/wiki/Dat_Phan	Dat Phan
/wiki/Lindsay_Sloane	Lindsay Sloane
/wiki/David_Croft_(TV_producer)	David Croft
/wiki/Robert_Smigel	Robert Smigel
/wiki/Dane_Cook	Dane Cook
/wiki/Chevy_Chase	Chevy Chase
/wiki/List_of_German_comedians	List of German comedians
/wiki/Adam_McKay	Adam McKay
/wiki/List_of_humorists	List of humorists
/wiki/Ken_Dodd	Ken Dodd
/wiki/Caroline_Rhea	Caroline Rhea
/wiki/Jessica_Delfino	Jessica Delfino
/wiki/Joel_Hodgson	Joel Hodgson
/wiki/Roy_Clarke	Roy Clarke
/wiki/Royal_Canadian_Air_Farce	Royal Canadian Air Farce
/wiki/Laurie_Elliot	Laurie Elliot
/wiki/Freddie_Frinton	Freddie Frinton
/wiki/Kyle_Mooney	Kyle Mooney
/wiki/John_Moloney_(comedian)	John Moloney
/wiki/Elizabeth_Marrero	Elizabeth Marrero
/wiki/Morey_Amsterdam	Morey Amsterdam
/wiki/Jack_Lemmon	Jack Lemmon
/wiki/Rodney_Carrington	Rodney Carrington
/wiki/Ivor_Dembina	Ivor Dembina
/wiki/Steve_Punt	Steve Punt
/wiki/Colleen_Ballinger	Colleen Ballinger
/wiki/Jeremy_Hardy	Jeremy Hardy
/wiki/Leon_Schuster	Leon Schuster
/wiki/Harold_Lloyd	Harold Lloyd
/wiki/David_Letterman	David Letterman
/wiki/Jenna_Marbles	Jenna Marbles
/wiki/Sean_Hughes_(comedian)	Sean Hughes
/wiki/Adele_Givens	Adele Givens
/wiki/Jay_Pharoah	Jay Pharoah
/wiki/Duncan_Norvelle	Duncan Norvelle
/wiki/Charlie_McDonnell	Charlie McDonnell
/wiki/John_Caparulo	John Caparulo
/wiki/Paul_Hogan	Paul Hogan
/wiki/Jordan_Peele	Jordan Peele
/wiki/Ricky_Gervais	Ricky Gervais
/wiki/Kevin_Meaney	Kevin Meaney
/wiki/Joe_Pasquale	Joe Pasquale
/wiki/Mickey_Katz	Mickey Katz
/wiki/Milton_Berle	Milton Berle
/wiki/Joe_Avati	Joe Avati
/wiki/Larry_Storch	Larry Storch
/wiki/Archie_Campbell	Archie Campbell
/wiki/Robert_Newman_(comedian)	Robert Newman
/wiki/Anthony_Jeselnik	Anthony Jeselnik
/wiki/The_Three_Stooges	The Three Stooges
/wiki/Carl_Reiner	Carl Reiner
/wiki/Mark_Steel	Mark Steel
/wiki/Kai_Tier	Kai Tier
/wiki/Jane_Curtin	Jane Curtin
/wiki/Frankie_Pace	Frankie Pace
/wiki/Ryan_Drummond	Ryan Drummond
/wiki/Karl_Pilkington	Karl Pilkington
/wiki/Adam_DeVine	Adam DeVine
/wiki/Steve_Carell	Steve Carell
/wiki/Seth_Meyers	Seth Meyers
/wiki/Imran_Yusuf	Imran Yusuf
/wiki/Grace_Helbig	Grace Helbig
/wiki/Nick_Cannon	Nick Cannon
/wiki/Vince_Barnett	Vince Barnett
/wiki/Greg_Giraldo	Greg Giraldo
/wiki/Michael_Fenton_Stevens	Michael Fenton Stevens
/wiki/Lena_Dunham	Lena Dunham
/wiki/Frank_Gorshin	Frank Gorshin
/wiki/Jerry_Clower	Jerry Clower
/wiki/John_Belushi	John Belushi
/wiki/Chris_Parnell	Chris Parnell
/wiki/Neal_Brennan	Neal Brennan
/wiki/Jan_McInnis	Jan McInnis
/wiki/Mike_Henry_(voice_actor)	Mike Henry
/wiki/Dom_Irrera	Dom Irrera
/wiki/Jerry_Trainor	Jerry Trainor
/wiki/James_Postlethwaite	James Postlethwaite
/wiki/Jon_Favreau	Jon Favreau
/wiki/Louis_Nye	Louis Nye
/wiki/Robert_Schimmel	Robert Schimmel
/wiki/Dennis_Wolfberg	Dennis Wolfberg
/wiki/Paul_Nardizzi	Paul Nardizzi
/wiki/Howard_Stern	Howard Stern
/wiki/Steve_Allen	Steve Allen
/wiki/Swami_X	Swami X
/wiki/Judy_Greer	Judy Greer
/wiki/Isabel_Fay	Isabel Fay
/wiki/John_Ratzenberger	John Ratzenberger
/wiki/Laura_Solon	Laura Solon
/wiki/Craig_Robinson_(actor)	Craig Robinson
/wiki/Affion_Crockett	Affion Crockett
/wiki/John_Ritter	John Ritter
/wiki/Barry_Took	Barry Took
/wiki/U%C4%9Fur_R%C4%B1fat_Karlova	Uğur Rıfat Karlova
/wiki/Joe_Piscopo	Joe Piscopo
/wiki/Jimmy_Brogan	Jimmy Brogan
/wiki/Brother_Dave_Gardner	Brother Dave Gardner
/wiki/Ben_Turpin	Ben Turpin
/wiki/Morecambe_and_Wise	Morecambe and Wise
/wiki/Paul_Mooney_(comedian)	Paul Mooney
/wiki/Rita_Rudner	Rita Rudner
/wiki/Magda_Szubanski	Magda Szubanski
/wiki/Estelle_Getty	Estelle Getty
/wiki/El_Brendel	El Brendel
/wiki/John_Goodman	John Goodman
/wiki/David_Spade	David Spade
/wiki/Sandra_Bullock	Sandra Bullock
/wiki/Aziz_Ansari	Aziz Ansari
/wiki/Edgar_Kennedy	Edgar Kennedy
/wiki/Arj_Barker	Arj Barker
/wiki/Ryan_Stiles	Ryan Stiles
/wiki/Fred_Allen	Fred Allen
/wiki/Sommore	Sommore
/wiki/John_Hegley	John Hegley
/wiki/Wil_Anderson	Wil Anderson
/wiki/Al_Murray	Al Murray
/wiki/Dean_Martin	Dean Martin
/wiki/Andrew_Maxwell	Andrew Maxwell
/wiki/Roseanne_Barr	Roseanne Barr
/wiki/Pete_and_Dud	Pete and Dud
/wiki/Jason_Manford	Jason Manford
/wiki/Jason_Jones_(actor)	Jason Jones
/wiki/Michael_Chiklis	Michael Chiklis
/wiki/Stephen_Rannazzisi	Stephen Rannazzisi
/wiki/Alexei_Sayle	Alexei Sayle
/wiki/Seth_Morris	Seth Morris
/wiki/Ed_McMahon	Ed McMahon
/wiki/Blake_Anderson	Blake Anderson
/wiki/Tariq_Teddy	Tariq Teddy
/wiki/Betty_White	Betty White
/wiki/Ray_Peacock	Ray Peacock
/wiki/Lindy_West	Lindy West
/wiki/Beck_Bennett	Beck Bennett
/wiki/Enrico_Colantoni	Enrico Colantoni
/wiki/Richard_Belzer	Richard Belzer
/wiki/Ruth_Wallis	Ruth Wallis
/wiki/Paul_Provenza	Paul Provenza
/wiki/Slappy_White	Slappy White
/wiki/Rich_Vos	Rich Vos
/wiki/Gr%C3%B6%C3%BBp_X	Gröûp X
/wiki/Kate_Walsh_(actress)	Kate Walsh
/wiki/Eric_McCormack	Eric McCormack
/wiki/Pat_Shortt	Pat Shortt
/wiki/Jim_Norton_(American_comedian)	Jim Norton
/wiki/T.J._Miller	T.J. Miller
/wiki/Nikki_Glaser	Nikki Glaser
/wiki/Bonzo_Dog_Doo-Dah_Band	The Bonzo Dog Doo-Dah Band
/wiki/Danny_DeVito	Danny DeVito
/wiki/Sacha_Baron_Cohen	Sacha Baron Cohen
/wiki/Bud_Abbott	Bud Abbott
/wiki/Murtaza_Hassan	Murtaza Hassan
/wiki/Mo%27Nique	Mo'Nique
/wiki/Wally_Vernon	Wally Vernon
/wiki/Anjelah_Johnson	Anjelah Johnson
/wiki/Jillian_Bell	Jillian Bell
/wiki/Slim_Summerville	Slim Summerville
/wiki/Jackie_Kashian	Jackie Kashian
/wiki/Denis_Leary	Denis Leary
/wiki/Stan_Freberg	Stan Freberg
/wiki/Jason_John_Whitehead	Jason John Whitehead
/wiki/Gilda_Radner	Gilda Radner
/wiki/John_Leguizamo	John Leguizamo
/wiki/Mike_Hayley	Mike Hayley
/wiki/Rachel_Dratch	Rachel Dratch
/wiki/Linda_Robson	Linda Robson
/wiki/Dick_Emery	Dick Emery
/wiki/W._Kamau_Bell	W. Kamau Bell
/wiki/Leslie_Jones_(comedian)	Leslie Jones
/wiki/Lano_and_Woodley	Lano and Woodley
/wiki/John_C._Reilly	John C. Reilly
/wiki/Hannah_Gadsby	Hannah Gadsby
/wiki/Bob_Saget	Bob Saget
/wiki/Max_Boyce	Max Boyce
/wiki/Trevor_Noah	Trevor Noah
/wiki/No%C3%ABl_Wells	Noël Wells
/wiki/Stephen_Grant_(comedian)	Stephen Grant
/wiki/Denis_Norden	Denis Norden
/wiki/Sklar_Brothers	Sklar Brothers
/wiki/Bruce_Mahler	Bruce Mahler
/wiki/John_Morgan_(comedian)	John Morgan
/wiki/Tim_Heidecker	Tim Heidecker
/wiki/Frank_Skinner	Frank Skinner
/wiki/Ben_Blue	Ben Blue
/wiki/Chico_Marx	Chico Marx
/wiki/Dick_Gregory	Dick Gregory
/wiki/John_Cleese	John Cleese
/wiki/Albert_Ritz	Al Ritz
/wiki/Todd_Barry	Todd Barry
/wiki/Glenn_Wool	Glenn Wool
/wiki/Valerie_Harper	Valerie Harper
/wiki/Jim_Rash	Jim Rash
/wiki/Jimmy_Dore	Jimmy Dore
/wiki/Brad_Garrett	Brad Garrett
/wiki/Andy_Samberg	Andy Samberg
/wiki/Debra_Messing	Debra Messing
/wiki/Rip_Taylor	Rip Taylor
/wiki/Dickie_Henderson	Dickie Henderson
/wiki/Mike_Ward_(comedian)	Mike Ward
/wiki/Severn_Darden	Severn Darden
/wiki/Nancy_Cartwright	Nancy Cartwright
/wiki/Russell_Gilbert	Russell Gilbert
/wiki/Andy_Parsons	Andy Parsons
/wiki/Marx_Brothers	Marx Brothers
/wiki/Stan_Laurel	Stan Laurel
/wiki/Guy_Pratt	Guy Pratt
/wiki/Greg_Walloch	Greg Walloch
/wiki/Roy_Hudd	Roy Hudd
/wiki/Matt_Besser	Matt Besser
/wiki/Chris_D%27Elia	Chris D'Elia
/wiki/Jasper_Carrott	Jasper Carrott
/wiki/Rex_Navarette	Rex Navarette
/wiki/Zack_Pearlman	Zack Pearlman
/wiki/Henry_Rollins	Henry Rollins
/wiki/Joan_Rivers	Joan Rivers
/wiki/Mitch_Hedberg	Mitch Hedberg
/wiki/Peter_F._Dailey	Peter F. Dailey
/wiki/Judy_Graubart	Judy Graubart
/wiki/Neil_Hamburger	Neil Hamburger
/wiki/Richard_Lane_(actor)	Richard Lane
/wiki/Brooks_Wheelan	Brooks Wheelan
/wiki/Barney_Williams_(actor)	Barney Williams
/wiki/George_Carlin	George Carlin
/wiki/Lennon_Parham	Lennon Parham
/wiki/Seth_Rogen	Seth Rogen
/wiki/Jan_Hooks	Jan Hooks
/wiki/Jos%C3%A9_S%C3%A1nchez_Mota	José Sánchez Mota
/wiki/Jack_Paar	Jack Paar
/wiki/Skip_Hinnant	Skip Hinnant
/wiki/Neil_Innes	Neil Innes
/wiki/George_Gobel	George Gobel
/wiki/Tony_Rosato	Tony Rosato
/wiki/Dick_Van_Dyke	Dick Van Dyke
/wiki/Mike_O%27Brien_(actor)	Mike O'Brien
/wiki/Doon_Mackichan	Doon Mackichan
/wiki/Jessica_Chaffin	Jessica Chaffin
/wiki/Margaret_Smith_(comedian)	Margaret Smith
/wiki/Deon_Cole	Deon Cole
/wiki/Dan_Castellaneta	Dan Castellaneta
/wiki/Amy_Anderson_(comedian)	Amy Anderson
/wiki/Tom_Lenk	Tom Lenk
/wiki/Lucille_Ball	Lucille Ball
/wiki/Andrea_Martin	Andrea Martin
/wiki/Estonia	Estonia
/wiki/Judy_Tenuta	Judy Tenuta
/wiki/John_Milhiser	John Milhiser
/wiki/Tim_Reid	Tim Reid
/wiki/Woody_Allen	Woody Allen
/wiki/Brendon_Small	Brendon Small
/wiki/Lucy_Montgomery_(actor)	Lucy Montgomery
/wiki/Rick_Moranis	Rick Moranis
/wiki/Mike_Birbiglia	Mike Birbiglia
/wiki/Tom_Kenny	Tom Kenny
/wiki/Rhod_Gilbert	Rhod Gilbert
/wiki/Joey_Bragg	Joey Bragg
/wiki/Ellen_DeGeneres	Ellen DeGeneres
/wiki/Sara_Schaefer	Sara Schaefer
/wiki/List_of_Australian_comedians	List of Australian comedians
/wiki/Thomas_Vitale	Thomas Vitale
/wiki/Norman_Wisdom	Norman Wisdom
/wiki/David_Steinberg	David Steinberg
/wiki/Jack_Klugman	Jack Klugman
/wiki/Carl_Hurley	Carl Hurley
/wiki/Brother_Theodore	Brother Theodore
/wiki/Monty_Python	Monty Python
/wiki/Mel_Blanc	Mel Blanc
/wiki/Graeme_Garden	Graeme Garden
/wiki/Punt_and_Dennis	Punt and Dennis
/wiki/Keegan-Michael_Key	Keegan-Michael Key
/wiki/Scott_Adsit	Scott Adsit
/wiki/Anh_Do	Anh Do
/wiki/Pigmeat_Markham	Pigmeat Markham
/wiki/Yvette_Nicole_Brown	Yvette Nicole Brown
/wiki/Graham_Elwood	Graham Elwood
/wiki/Ronnie_Schell	Ronnie Schell
/wiki/Josh_Meyers_(actor)	Josh Meyers
/wiki/Tony_Slattery	Tony Slattery
/wiki/List_of_Norwegian_comedians	List of Norwegian comedians
/wiki/Steve_Steen	Steve Steen
/wiki/Rusty_Warren	Rusty Warren
/wiki/Rich_Hall	Rich Hall
/wiki/The_League_of_Gentlemen	The League of Gentlemen
/wiki/Alan_Carr	Alan Carr
/wiki/Michael_Patrick_King	Michael Patrick King
/wiki/Graham_Chapman	Graham Chapman
/wiki/Mitch_Mullany	Mitch Mullany
/wiki/Rich_Little	Rich Little
/wiki/Margaret_Cho	Margaret Cho
/wiki/Tina_Fey	Tina Fey
/wiki/Aasif_Mandvi	Aasif Mandvi
/wiki/Costaki_Economopoulos	Costaki Economopoulos
/wiki/Ian_La_Frenais	Ian La Frenais
/wiki/Patrice_O%27Neal	Patrice O'Neal
/wiki/Joe_Lipari	Joe Lipari
/wiki/Patricia_Heaton	Patricia Heaton
/wiki/Felicia_Michaels	Felicia Michaels
/wiki/Christina_Pazsitzky	Christina Pazsitzky
/wiki/Rosie_O%27Donnell	Rosie O'Donnell
/wiki/Simon_Helberg	Simon Helberg
/wiki/Comedy	comedy
/wiki/Eric_Sykes	Eric Sykes
/wiki/Wanda_Sykes	Wanda Sykes
/wiki/Stephen_Fry	Stephen Fry
/wiki/Billy_Van	Billy Van
/wiki/Marty_Allen_(comedian)	Marty Allen
/wiki/Amy_Sedaris	Amy Sedaris
/wiki/Nasir_Chinyoti	Nasir Chinyoti
/wiki/Bert_Newton	Bert Newton
/wiki/Joel_McHale	Joel McHale
/wiki/Kristina_Wong	Kristina Wong
/wiki/Leslie_Nielsen	Leslie Nielsen
/wiki/Ashley_Williams_(actress)	Ashley Williams
/wiki/Roy_Castle	Roy Castle
/wiki/Pat_Cooper	Pat Cooper
/wiki/Cheech_Marin	Cheech Marin
/wiki/Guy_Torry	Guy Torry
/wiki/Adam_Pally	Adam Pally
/wiki/Carlos_Alazraqui	Carlos Alazraqui
/wiki/Burns_and_Allen	Burns and Allen
/wiki/Rowan_and_Martin	Rowan and Martin
/wiki/Melissa_Rauch	Melissa Rauch
/wiki/Rick_Overton	Rick Overton
/wiki/Malcolm_Hardee	Malcolm Hardee
/wiki/Steve_Rizzo	Steve Rizzo
/wiki/Cliff_Nazarro	Cliff Nazarro
/wiki/Don_Knotts	Don Knotts
/wiki/Little_Britain	Little Britain
/wiki/Brown_and_Carney	Brown and Carney
/wiki/Frank_Muir	Frank Muir
/wiki/Max_Silvestri	Max Silvestri
/wiki/Phyllis_Diller	Phyllis Diller
/wiki/Roy_Rene	Roy Rene
/wiki/Jeff_Green_(comedian)	Jeff Green
/wiki/Nicole_Sullivan	Nicole Sullivan
/wiki/Jimmy_Ouyang	Jimmy Ouyang
/wiki/Billy_Gilbert	Billy Gilbert
/wiki/Frank_Randle	Frank Randle
/wiki/Nick_Frost	Nick Frost
/wiki/Cam_Folker	Cam Folker
/wiki/Erinn_Hayes	Erinn Hayes
/wiki/Ted_Knight	Ted Knight
/wiki/Andrew_Dice_Clay	Andrew "Dice" Clay
/wiki/Katherine_Lynch	Katherine Lynch
/wiki/Kevin_Kline	Kevin Kline
/wiki/Steve_Landesberg	Steve Landesberg
/wiki/Jeff_Dye	Jeff Dye
/wiki/Alan_Carney	Alan Carney
/wiki/Richard_Ayoade	Richard Ayoade
/wiki/Oliver_Hardy	Oliver Hardy
/wiki/Neil_Delamere	Neil Delamere
/wiki/Brendon_Walsh	Brendon Walsh
/wiki/Michael_Moore	Michael Moore
/wiki/Ross_Shafer	Ross Shafer
/wiki/Amanullah	Amanullah
/wiki/Jason_Narvy	Jason Narvy
/wiki/Aisha_Tyler	Aisha Tyler
/wiki/Pamela_Stephenson	Pamela Stephenson
/wiki/Nick_Offerman	Nick Offerman
/wiki/Henny_Youngman	Henny Youngman
/wiki/Chris_Rock	Chris Rock
/wiki/Shane_Dawson	Shane Dawson
/wiki/Bill_Oddie	Bill Oddie
/wiki/Larry_the_Cable_Guy	Larry the Cable Guy
/wiki/Tommy_Tiernan	Tommy Tiernan
/wiki/Wil_Shriner	Wil Shriner
/wiki/Judah_Friedlander	Judah Friedlander
/wiki/Tony_Hancock	Tony Hancock
/wiki/Luke_Wilson	Luke Wilson
/wiki/Kirstie_Alley	Kirstie Alley
/wiki/Nat_Faxon	Nat Faxon
/wiki/Matt_Groening	Matt Groening
/wiki/Shane_Dundas	Shane Dundas
/wiki/Lea_DeLaria	Lea DeLaria
/wiki/Michael_Richards	Michael Richards
/wiki/Ed_Asner	Ed Asner
/wiki/Robert_Kelly_(comedian)	Robert Kelly
/wiki/Marc_Maron	Marc Maron
/wiki/Harry_Enfield	Harry Enfield
/wiki/Jim_Carrey	Jim Carrey
/wiki/Brian_Miner	Brian Miner
/wiki/Jan_Murray	Jan Murray
/wiki/Barry_Rothbart	Barry Rothbart
/wiki/Richard_Hearne	Richard Hearne
/wiki/Frankie_Boyle	Frankie Boyle
/wiki/Louie_Anderson	Louie Anderson
/wiki/Ron_Sparks_(comedian)	Ron Sparks
/wiki/Ben_Stiller	Ben Stiller
/wiki/Red_Buttons	Red Buttons
/wiki/Sugar_Sammy	Sugar Sammy
/wiki/Joe_Robinson_(radio_personality)	Joe Robinson
/wiki/Greg_Fitzsimmons	Greg Fitzsimmons
/wiki/Russell_Brand	Russell Brand
/wiki/Allison_Williams_(actress)	Allison Williams
/wiki/Michael_Legge_(comedian)	Michael Legge
/wiki/Chelsea_Handler	Chelsea Handler
/wiki/Catherine_O%27Hara	Catherine O'Hara
/wiki/Robin_Ince	Robin Ince
/wiki/Emo_Philips	Emo Philips
/wiki/Charles_Hawtrey_(stage_actor)	Charles Hawtrey
/wiki/Leon_Errol	Leon Errol
/wiki/Richard_Pryor	Richard Pryor
/wiki/Hugh_Dennis	Hugh Dennis
/wiki/Patsy_Rowlands	Patsy Rowlands
/wiki/Wayne_Federman	Wayne Federman
/wiki/Judd_Apatow	Judd Apatow
/wiki/Liz_Torres	Liz Torres
/wiki/Howard_Read	Howard Read
/wiki/John_Candy	John Candy
/wiki/Eric_Idle	Eric Idle
/wiki/Jake_Johnson	Jake Johnson
/wiki/Damali_Ayo	Damali Ayo
/wiki/Alan_King_(comedian)	Alan King
/wiki/Bobby_Mair	Bobby Mair
/wiki/Stella_(comedy_group)	Stella
/wiki/Brian_Posehn	Brian Posehn
/wiki/Robert_Downey,_Jr.	Robert Downey, Jr.
/wiki/Greg_Behrendt	Greg Behrendt
/wiki/The_Minnesota_Wrecking_Crew	The Minnesota Wrecking Crew
/wiki/Jim_Breuer	Jim Breuer
/wiki/Pauline_McLynn	Pauline McLynn
/wiki/Joe_Penner	Joe Penner
/wiki/Martin_and_Lewis	Martin and Lewis
/wiki/Michael_Patrick_Jann	Michael Patrick Jann
/wiki/Jack_Handey	Jack Handey
/wiki/Deryck_Guyler	Deryck Guyler
/wiki/Chris_Elliott	Chris Elliott
/wiki/Andy_Lee_(comedian)	Andy Lee
/wiki/Shecky_Greene	Shecky Greene
/wiki/Tom_Price_(actor)	Tom Price
/wiki/List_of_Indian_comedians	List of Indian comedians
/wiki/Brian_Haley	Brian Haley
/wiki/Orlando_Jones	Orlando Jones
/wiki/Judd_Hirsch	Judd Hirsch
/wiki/Lesley_Joseph	Lesley Joseph
/wiki/Jesse_Joyce	Jesse Joyce
/wiki/Stiller_and_Meara	Stiller and Meara
/wiki/Michael_Ian_Black	Michael Ian Black
/wiki/Bob_Nelson_(comedian)	Bob Nelson
/wiki/Candy_Palmater	Candy Palmater
/wiki/Dan_Cummins	Dan Cummins
/wiki/Thomas_Middleditch	Thomas Middleditch
/wiki/Lily_Tomlin	Lily Tomlin
/wiki/Victoria_Wood	Victoria Wood
/wiki/Paul_Whitehouse	Paul Whitehouse
/wiki/Hank_Azaria	Hank Azaria
/wiki/Nasim_Pedrad	Nasim Pedrad
/wiki/Steve_Martin	Steve Martin
/wiki/Jay_Baruchel	Jay Baruchel
/wiki/Jeff_B._Davis	Jeff B. Davis
/wiki/Matt_Walsh_(comedian)	Matt Walsh
/wiki/Josh_Duhamel	Josh Duhamel
/wiki/Clark_and_McCullough	Clark and McCullough
/wiki/Dave_Mordal	Dave Mordal
/wiki/The_Grumbleweeds	The Grumbleweeds
/wiki/Harald_Schmidt	Harald Schmidt
/wiki/Mike_Warnke	Mike Warnke
/wiki/Mike_Wozniak	Mike Wozniak
/wiki/Josh_Gad	Josh Gad
/wiki/Sue_Perkins	Sue Perkins
/wiki/Janine_Brito	Janine Brito
/wiki/List_of_stand-up_comedians	List of stand-up comedians
/wiki/Greg_Thomey	Greg Thomey
/wiki/John_Bishop_(comedian)	John Bishop
/wiki/Andrew_Daly	Andrew Daly
/wiki/Bobby_Moynihan	Bobby Moynihan
/wiki/Charlie_Murphy	Charlie Murphy
/wiki/Smith_and_Dale	Smith and Dale
/wiki/Steve_Hughes	Steve Hughes
/wiki/Rob_Schneider	Rob Schneider
/wiki/Joe_E._Brown	Joe E. Brown
/wiki/Bob_Hope	Bob Hope
/wiki/Ant_(comedian)	Ant
/wiki/Steve_Harvey	Steve Harvey
/wiki/Dawn_French	Dawn French
/wiki/Doug_Benson	Doug Benson
/wiki/Peter_Cook	Peter Cook
/wiki/Gillian_Jacobs	Gillian Jacobs
/wiki/Cardis_Cardell_Willis	Cardis Cardell Willis
/wiki/Casey_Wilson	Casey Wilson
/wiki/Megan_Mullally	Megan Mullally
/wiki/Jason_Love_(comedian)	Jason Love
/wiki/Chris_Diamantopoulos	Chris Diamantopoulos
/wiki/Ken_Goodwin_(comedian)	Ken Goodwin
/wiki/Jimmy_Kimmel	Jimmy Kimmel
/wiki/Joanna_Lumley	Joanna Lumley
/wiki/Jane_Turner	Jane Turner
/wiki/Norm_Crosby	Norm Crosby
/wiki/Stephen_Merchant	Stephen Merchant
/wiki/Polly_Moran	Polly Moran
/wiki/Felicia_Day	Felicia Day
/wiki/Marlon_Wayans	Marlon Wayans
/wiki/Ray_Stevens	Ray Stevens
/wiki/Zeppo_Marx	Zeppo Marx
/wiki/Steve_Zahn	Steve Zahn
/wiki/Tim_Vine	Tim Vine
/wiki/Ryan_Reynolds	Ryan Reynolds
/wiki/Cecily_Strong	Cecily Strong
/wiki/Peter_Sellers	Peter Sellers
/wiki/Shaun_Majumder	Shaun Majumder
/wiki/Bob_Marley_(comedian)	Bob Marley
/wiki/Dr._Demento	Dr. Demento
/wiki/Professor_Irwin_Corey	Professor Irwin Corey
/wiki/Ralphie_May	Ralphie May
/wiki/Ronnie_Barker	Ronnie Barker
/wiki/Katt_Williams	Katt Williams
/wiki/Dax_Shepard	Dax Shepard
/wiki/Neil_Patrick_Harris	Neil Patrick Harris
/wiki/Ole_Olsen_(comedian)	Ole Olsen
/wiki/Noel_Murphy_(comedian)	Noel Murphy
/wiki/Bernie_Mac	Bernie Mac
/wiki/Rudy_Ray_Moore	Rudy Ray Moore
/wiki/Pert_Kelton	Pert Kelton
/wiki/Eugenio_Derbez	Eugenio Derbez
/wiki/Corinne_Grant	Corinne Grant
/wiki/Kevin_Hart_(actor)	Kevin Hart
/wiki/Joe_Torry	Joe Torry
/wiki/Craig_Kilborn	Craig Kilborn
/wiki/Earl_Okin	Earl Okin
/wiki/Nicole_Arbour	Nicole Arbour
/wiki/Arnold_Stang	Arnold Stang
/wiki/Josh_Sneed	Josh Sneed
/wiki/Will_Arnett	Will Arnett
/wiki/Nipsey_Russell	Nipsey Russell
/wiki/Jack_Benny	Jack Benny
/wiki/Lorenzo_Music	Lorenzo Music
/wiki/Armando_Iannucci	Armando Iannucci
/wiki/Mary_Tyler_Moore	Mary Tyler Moore
/wiki/Paula_Poundstone	Paula Poundstone
/wiki/Hari_Kondabolu	Hari Kondabolu
/wiki/Lou_Costello	Lou Costello
/wiki/Justine_Ezarick	Justine Ezarick
/wiki/Homer_and_Jethro	Homer and Jethro
/wiki/Minnie_Pearl	Minnie Pearl
/wiki/Alan_Davies	Alan Davies
/wiki/Sasheer_Zamata	Sasheer Zamata
/wiki/Carol_Burnett	Carol Burnett
/wiki/Nick_Hancock	Nick Hancock
/wiki/Don_Hornsby	Don Hornsby
/wiki/Eugene_Levy	Eugene Levy
/wiki/Jenny_Slate	Jenny Slate
/wiki/Lavell_Crawford	Lavell Crawford
/wiki/Sanjay_Dutt	Sanjay Dutt
/wiki/Jake_Johannsen	Jake Johannsen
/wiki/Lisa_Kudrow	Lisa Kudrow
/wiki/List_of_United_States_stand-up_comedians	List of United States stand-up comedians
/wiki/Vaughn_Meader	Vaughn Meader
/wiki/List_of_New_York_Improv_comedians	List of New York Improv comedians
/wiki/Patsy_Kelly	Patsy Kelly
/wiki/Peter_Kelamis	Peter Kelamis
/wiki/Phil_Nichol	Phil Nichol
/wiki/Raven-Symon%C3%A9	Raven-Symoné
/wiki/Martin_Lawrence	Martin Lawrence
/wiki/Samantha_Bee	Samantha Bee
/wiki/Lamorne_Morris	Lamorne Morris
/wiki/Will_Hay	Will Hay
/wiki/Christine_Taylor	Christine Taylor
/wiki/The_Firesign_Theatre	The Firesign Theatre
/wiki/Scott_Aukerman	Scott Aukerman
/wiki/Freeman_Gosden	Freeman Gosden
/wiki/Andy_Dick	Andy Dick
/wiki/Danny_Bhoy	Danny Bhoy
/wiki/Franklin_Pangborn	Franklin Pangborn
/wiki/Dana_Gould	Dana Gould
/wiki/Garry_Shandling	Garry Shandling
/wiki/Louis_Ramey	Louis Ramey
/wiki/Joseph_Gordon-Levitt	Joseph Gordon-Levitt
/wiki/George_Wendt	George Wendt
/wiki/Sarah_Silverman	Sarah Silverman
/wiki/Akiva_Schaffer	Akiva Schaffer
/wiki/Michael_Mittermeier	Michael Mittermeier
/wiki/Joe_Lo_Truglio	Joe Lo Truglio
/wiki/Aidy_Bryant	Aidy Bryant
/wiki/Takeshi_Kitano	Takeshi Kitano
/wiki/Ron_White	Ron White
/wiki/Alan_Brough	Alan Brough
/wiki/Jon_Heder	Jon Heder
/wiki/Sarah_Burns	Sarah Burns
/wiki/Graham_Norton	Graham Norton
/wiki/Jon_Kenny	Jon Kenny
/wiki/Terry-Thomas	Terry-Thomas
/wiki/Kevin_Spacey	Kevin Spacey
/wiki/Don_McMillan	Don McMillan
/wiki/Greg_Proops	Greg Proops
/wiki/Arthur_Mathews_(writer)	Arthur Mathews
/wiki/Moms_Mabley	Moms Mabley
/wiki/Chris_Kattan	Chris Kattan
/wiki/Sebastian_Maniscalco	Sebastian Maniscalco
/wiki/Zooey_Deschanel	Zooey Deschanel
/wiki/Dana_Carvey	Dana Carvey
/wiki/Helen_Atkinson-Wood	Helen Atkinson-Wood
/wiki/Billy_Crystal	Billy Crystal
/wiki/Gene_Wilder	Gene Wilder
/wiki/Rob_Delaney	Rob Delaney
/wiki/Nathan_Lane	Nathan Lane
/wiki/Harland_Williams	Harland Williams
/wiki/Donald_Faison	Donald Faison
/wiki/Al_Franken	Al Franken
/wiki/Hale_and_Pace	Hale and Pace
/wiki/Daniel_Sloss	Daniel Sloss
/wiki/Bill_Bellamy	Bill Bellamy
