/wiki/Professor_X	Professor X
/wiki/Mercury_(Marvel_Comics)	Mercury
/wiki/N%27astirh	N'astirh
/wiki/Firestar	Firestar
/wiki/Hydra_(Marvel_Comics)	Hydra
/wiki/Wild_Child_(comics)	Wild Child
/wiki/Graymalkin_Industries	Graymalkin Industries
/wiki/X-Men:_First_Class	X-Men: First Class
/wiki/Westchester_County	Westchester County
/wiki/Blindfold_(comics)	Blindfold
/wiki/Lifeguard_(comics)	Lifeguard
/wiki/X-Men:_Messiah_Complex	Messiah Complex
/wiki/Oxford_University	Oxford University
/wiki/Banshee_(comics)	Banshee
/wiki/Hypnosis	Hypnosis
/wiki/Dark_Avengers	Dark Avengers
/wiki/Quentin_Quire	Quentin Quire
/wiki/Fantomex	Fantomex
/wiki/Savage_Land	Savage Land
/wiki/Scott_Lobdell	Scott Lobdell
/wiki/Kitty_Pryde	Kitty Pryde
/wiki/Mesmero	Mesmero
/wiki/Karl_Lykos	Karl Lykos
/wiki/Dazzler	Dazzler
/wiki/Onslaught_Saga	Onslaught
/wiki/Lilandra	Lilandra
/wiki/The_Hand_(comics)	The Hand
/wiki/Ororo_Munroe	Ororo Munroe
/wiki/Registration_acts_(comics)	Mutant Registration Act
/wiki/Catatonic	catatonic
/wiki/Latin_honors	honors
/wiki/Astonishing_X-Men	Astonishing X-Men
/wiki/Slipstream_(comics)	Slipstream
/wiki/Psychosomatic	psychosomatic
/wiki/Matsu%27o_Tsurayaba	Matsu'o Tsurayaba
/wiki/X-Statix	X-Statix
/wiki/Elsie-Dee	Elsie-Dee
/wiki/Ord_(comics)	Ord
/wiki/Generation_X_(comics)	Generation X
/wiki/Greeks	Greek
/wiki/Stan_Lee	Lee, Stan
/wiki/X-Men	X-Men
/wiki/Deathbird	Deathbird
/wiki/Sebastian_Shaw_(comics)	Sebastian Shaw
/wiki/Changeling_(Marvel_Comics)	Changeling
/wiki/Gentle_(comics)	Gentle
/wiki/Husk_(comics)	Husk
/wiki/Hellion	Hellion
/wiki/Northstar	Northstar
/wiki/House_of_M	House of M
/wiki/List_of_X-Men_comics	X-Men comics
/wiki/Ariel_(comics)	Ariel
/wiki/S-Men	S-Men
/wiki/X-Men_in_other_media	X-Men in other media
/wiki/Thunderbird_(Neal_Shaara)	Thunderbird (Neal Shaara)
/wiki/Maggott	Maggott
/wiki/Providence_(comics)	Providence
/wiki/Asteroid_M	Asteroid M
/wiki/Limited_series	limited series
/wiki/Warlock_(New_Mutants)	Warlock
/wiki/Australia	Australia
/wiki/Cerebro	Cerebro
/wiki/Moira_MacTaggert	Moira MacTaggert
/wiki/Dog_Logan	Dog Logan
/wiki/Cipher_(comics)	Cipher
/wiki/Lockheed_(comics)	Lockheed
/wiki/Danielle_Moonstar	Moonstar
/wiki/X-Cutioner	X-Cutioner
/wiki/Longshot	Longshot
/wiki/Apocalypse_(comics)	Apocalypse
/wiki/Gorgon_(Tomi_Shishido)	The Gorgon
/wiki/Marvel_Anime	Marvel Anime
/wiki/Hellions	Hellions
/wiki/Nick_Fury	Nick Fury
/wiki/Sage_(comics)	Sage
/wiki/Shadow_King	Shadow King
/wiki/Ink_(comics)	Ink
/wiki/BusinessWeek	BusinessWeek
/wiki/Morlocks_(comics)	Morlocks
/wiki/Legion_(Marvel_Comics)	Legion
/wiki/Wizard_(magazine)	Wizard
/wiki/Moira_MacTaggert	Dr. Moira MacTaggert
/wiki/Amiko_Kobayashi	Amiko Kobayashi
/wiki/Sway_(comics)	Sway
/wiki/Baron_Wolfgang_von_Strucker	Baron Wolfgang von Strucker
/wiki/Beast_(comics)	Beast
/wiki/Sunfire_(comics)	Sunfire
/wiki/5_Ronin	5 Ronin
/wiki/Polaris_(comics)	Polaris
/wiki/Martial_arts	martial arts
/wiki/Nimrod_(comics)	Nimrod
/wiki/Telepath	telepath
/wiki/Sauron_(comics)	Sauron
/wiki/Israel	Israel
/wiki/William_Stryker	William Stryker
/wiki/Fantastic_Four	Fantastic Four
/wiki/Marvel_Animated_Features	Marvel Animated Features
/wiki/Steven_Lang_(comics)	Steven Lang
/wiki/Logan_(comics)	Logan
/wiki/H.A.M.M.E.R.	H.A.M.M.E.R.
/wiki/Nightcrawler_(comics)	Nightcrawler
/wiki/Marauders_(comics)	Marauders
/wiki/Brood_(comics)	Brood
/wiki/Elektra_(comics)	Elektra
/wiki/Starjammers	Starjammers
/wiki/Juggernaut_(comics)	Juggernaut
/wiki/AXIS_(comics)	AXIS
/wiki/Silver_Fox_(comics)	Silver Fox
/wiki/Department_H	Department H
/wiki/Mariko_Yashida	Mariko Yashida
/wiki/Anthropology	Anthropology
/wiki/Before_the_Fantastic_Four:_Ben_Grimm_and_Logan	Before the Fantastic Four: Ben Grimm and Logan
/wiki/Sublime_(Marvel_Comics)	Sublime
/wiki/Acolytes_(comics)	Acolytes
/wiki/First_appearance	First appearance
/wiki/Origin_(comics)	Origin
/wiki/Scarlet_Witch	Scarlet Witch
/wiki/M%27Kraan_Crystal	M'Kraan Crystal
/wiki/Cable_(comics)	Cable
/wiki/Paraplegia	paraplegic
/wiki/X-Mansion	ancestral mansion
/wiki/Professor_X_(disambiguation)	Professor X (disambiguation)
/wiki/Astonishing_Spider-Man_%26_Wolverine	Astonishing Spider-Man & Wolverine
/wiki/Iceman_(comics)	Iceman
/wiki/Blackbird_(comics)	Blackbird
/wiki/Carlos_Pacheco	Carlos Pacheco
/wiki/Wendigo_(comics)	Wendigo
/wiki/Alternative_versions_of_Wolverine	Alternative versions
/wiki/Joseph_Pisani	Pisani, Joseph
/wiki/Cairo	Cairo
/wiki/Spore_(comics)	Spore
/wiki/India	India
/wiki/Scotland	Scottish
/wiki/Supervillain	supervillain
/wiki/Jack_Kirby	Jack Kirby
/wiki/Skrull	Skrull
/wiki/Len_Wein	Len Wein
/wiki/Armor_(comics)	Armor
/wiki/Infinity_Gem	Infinity Gem
/wiki/Wolverine_(character)	Wolverine
/wiki/Joseph_(comics)	Joseph
/wiki/Omega_Red	Omega Red
/wiki/D%27Ken	D'Ken
/wiki/Operation:_Zero_Tolerance	Operation: Zero Tolerance
/wiki/Joe_Madureira	Joe Madureira
/wiki/Sentience	sentience
/wiki/Astral_projection	Astral projection
/wiki/Vulcan_(Marvel_Comics)	Vulcan
/wiki/Haifa	Haifa
/wiki/Brotherhood_of_Mutants	Brotherhood of Mutants
/wiki/Surge_(comics)	Surge
/wiki/United_States	United States
/wiki/Shi%27ar_Imperium	Shi'ar Imperium
/wiki/X-Factor_(comics)	X-Factor
/wiki/Ed_Brubaker	Ed Brubaker
/wiki/Alpha_Flight	Alpha Flight
/wiki/Rockslide_(comics)	Rockslide
/wiki/Blink_(comics)	Blink
/wiki/Thunderbird_(comics)	Thunderbird (John Proudstar)
/wiki/Death_of_Wolverine	Death of Wolverine
/wiki/Stryfe	Stryfe
/wiki/X-Mansion	X-Mansion
/wiki/Secret_Invasion	Secret Invasion
/wiki/James_McAvoy	James McAvoy
/wiki/Martin_Luther_King,_Jr.	Martin Luther King, Jr.
/wiki/Professor_X_in_other_media	Professor X in other media
/wiki/Genesis_(comics)	Genesis
/wiki/Excalibur_(comics)	Excalibur
/wiki/Cloak_and_Dagger_(comics)	Cloak and Dagger
/wiki/Lady_Mastermind	Lady Mastermind
/wiki/Selene_(comics)	Selene
/wiki/Simulated_reality	simulated reality
/wiki/X-Men:_Days_of_Future_Past	X-Men: Days of Future Past
/wiki/E_Is_for_Extinction	E Is for Extinction
/wiki/Gabrielle_Haller	Gabrielle Haller
/wiki/Danger_Room	Danger Room
/wiki/Gambit_(comics)	Gambit
/wiki/Black_Tom_Cassidy	Black Tom Cassidy
/wiki/Inventor	inventor
/wiki/Decimation_(comics)	Decimation
/wiki/Wolverine:_Weapon_X	Wolverine: Weapon X
/wiki/Cyber_(comics)	Cyber
/wiki/Magma_(comics)	Magma
/wiki/New_York	New York
/wiki/Chimera_(comics)	Chimera
/wiki/Robert_Kelly_(comics)	Robert Kelly
/wiki/Anthropologist	anthropologist
/wiki/Wanda_Maximoff	Wanda Maximoff
/wiki/Nuke_(Marvel_Comics)	Nuke
/wiki/X-Terminators	X-Terminators
/wiki/Mumbai	Mumbai
/wiki/Shiva_(Marvel_Comics)	Shiva
/wiki/Crossover_(comics)	crossover
/wiki/Sabretooth_(comics)	Sabretooth
/wiki/Forge_(comics)	Forge
/wiki/Psylocke	Psylocke
/wiki/Anole_(comics)	Anole
/wiki/Legacy_Virus	techno-organic virus
/wiki/Xorn	Shen Xorn
/wiki/Albert_(comics)	Albert
/wiki/Brent_Jackson	Brent Jackson
/wiki/Weapon_Plus	Weapon Plus
/wiki/Graydon_Creed	Graydon Creed
/wiki/Telepathy	Telepathy
/wiki/Mister_X_(Marvel_Comics)	Mister X
/wiki/Amelia_Voght	Amelia Voght
/wiki/Predator_X_(comics)	Predator X
/wiki/Wolverine_in_other_media	In other media
/wiki/M_(comics)	M
/wiki/Mimic_(comics)	Mimic
/wiki/Mister_Sinister	Mister Sinister
/wiki/Team_X_(comics)	Team X
/wiki/Muir_Island	Muir Island
/wiki/Old_Man_Logan	Old Man Logan
/wiki/X-Men:_Second_Coming	Second Coming
/wiki/Deadly_Genesis	Deadly Genesis
/wiki/Master_Mold	Master Mold
/wiki/Domino_(comics)	Domino
/wiki/Romulus_(comics)	Romulus
/wiki/Piotr_Rasputin	Piotr Rasputin
/wiki/Shadowcat_(comics)	Shadowcat's
/wiki/Korean_War	Korean War
/wiki/Physics	physics
/wiki/Bishop_(comics)	Bishop
/wiki/Marvel_Comics_Presents	Marvel Comics Presents
/wiki/Lady_Deathstrike	Lady Deathstrike
/wiki/Jubilee_(comics)	Jubilee
/wiki/Deadpool	Deadpool
/wiki/Yul_Brynner	Yul Brynner
/wiki/Graduate_school	graduate school
/wiki/Sugar_Man	Sugar Man
/wiki/S.H.I.E.L.D.	S.H.I.E.L.D.
/wiki/Hulk_(comics)	Hulk
/wiki/Biophysics	Biophysics
/wiki/Cerebro%27s_X-Men	impostor X-Men
/wiki/Elixir_(comics)	Elixir
/wiki/Reavers_(comics)	Reavers
/wiki/Xorn	Xorn
/wiki/Magik_(comics)	Magik
/wiki/Dark_Phoenix	Dark Phoenix
/wiki/Namor	Namor
/wiki/Ultimate_Wolverine	Ultimate Wolverine
/wiki/Telekinesis	telekinesis
/wiki/Nasty_Boys	Nasty Boys
/wiki/Autistic	autistic
/wiki/Callisto_(comics)	Callisto
/wiki/Mumbai	Bombay
/wiki/Pembroke_College,_Oxford	Pembroke College
/wiki/Lucifer_(Marvel_Comics)	Lucifer
/wiki/Phoenix_Force_(comics)	Phoenix Force
/wiki/Harvard_University	Harvard University
/wiki/Grotesk_(comics)	Grotesk
/wiki/Petra_(comics)	Petra
/wiki/Sentience	sentient
/wiki/New_York_City	New York City
/wiki/Aurora_(comics)	Aurora
/wiki/Malcolm_Colcord	Malcolm Colcord
/wiki/Genius	genius
/wiki/Proteus_(Marvel_Comics)	Proteus
/wiki/Karima_Shapandar	Karima Shapandar
/wiki/Spiral_(comics)	Spiral
/wiki/X-Force	X-Force
/wiki/Cameron_Hodge	Cameron Hodge
/wiki/Cypher_(Marvel_Comics)	Cypher
/wiki/The_Wolverine_(film)	The Wolverine
/wiki/Marvel_Comics	Marvel Comics
/wiki/Shadow-X	Shadow-X
/wiki/Dark_Phoenix_Saga	Dark Phoenix Saga
/wiki/Marvel_Universe	Marvel Universe
/wiki/New_X-Men	New X-Men
/wiki/Krakoa	Krakoa
/wiki/Corsair_(comics)	Corsair
/wiki/Genetics	Genetics
/wiki/Mutation	mutations
/wiki/Warpath_(comics)	Warpath
/wiki/Weapon_X	Weapon X
/wiki/Gauntlet_(Inhuman)	Gauntlet
/wiki/Eidetic_memory	eidetic memory
/wiki/Mystique_(comics)	Mystique
/wiki/Pietro_Maximoff	Pietro
/wiki/Rogue_(comics)	Rogue
/wiki/Marrow_(comics)	Marrow
/wiki/Ego_the_Living_Planet	Ego the Living Planet
/wiki/Columbia_University	Columbia University
/wiki/Emma_Frost	Emma Frost
/wiki/Fenris_(comics)	Fenris
/wiki/Quicksilver_(comics)	Quicksilver
/wiki/Doctor_Strange	Doctor Strange
/wiki/Robert_Kelly_(comics)	Senator Kelly
/wiki/Moira_MacTaggert	Moira Kinross
/wiki/Graymalkin	Graymalkin
/wiki/Doctorate	doctorates
/wiki/Yukio_(comics)	Yukio
/wiki/Magneto_(comics)	Magneto
/wiki/Phalanx_(comics)	Phalanx
/wiki/Mojo_(comics)	Mojo
/wiki/Joanna_Cargill	Joanna Cargill
/wiki/Patrick_Stewart	Patrick Stewart
/wiki/Daken	Daken
/wiki/Crossmore	Crossmore
/wiki/U-Men_(comics)	U-Men
/wiki/Dark_Reign_(comics)	Dark Reign
/wiki/Fastball_Special	Fastball Special
/wiki/Hope_Summers_(comics)	Hope
/wiki/World_War_Hulk	World War Hulk
/wiki/The_New_Avengers_(comics)	New Avengers
/wiki/Black_Bolt	Black Bolt
/wiki/Doctor_Nemesis	Doctor Nemesis
/wiki/Hepzibah_(comics)	Hepzibah
/wiki/Stacy_X	Stacy X
/wiki/Savage_Wolverine	Savage Wolverine
/wiki/Bastion_(comics)	Bastion
/wiki/Thunderbird_(comics)	Thunderbird
/wiki/Friends_of_Humanity	Friends of Humanity
/wiki/X-Corporation	X-Corporation
/wiki/New_Mutants	New Mutants
/wiki/Elektra_and_Wolverine:_The_Redeemer	Elektra and Wolverine: The Redeemer
/wiki/Revanche	Revanche
/wiki/Ogun_(comics)	Ogun
/wiki/Abraham_Cornelius	Abraham Cornelius
/wiki/Non-playable_character	non-playable character
/wiki/Silver_Samurai	Silver Samurai
/wiki/Wolverine:_Snikt!	Wolverine: Snikt!
/wiki/Adjunct_Professor	Adjunct Professor
/wiki/Prodigy_(David_Alleyne)	Prodigy
/wiki/Madelyne_Pryor	Madelyne Pryor
/wiki/X-Men:_The_Twelve	The Twelve
/wiki/Avalon_(Marvel_Comics)	Avalon
/wiki/Cadre_K	Cadre K
/wiki/Wolverine_and_the_X-Men_(TV_series)	Wolverine and the X-Men
/wiki/Avengers_vs._X-Men	Avengers vs. X-Men
/wiki/Jean_Grey	Jean Grey
/wiki/X-Babies	X-Babies
/wiki/Aaron_Lopresti	Aaron Lopresti
/wiki/Kitty_Pryde_and_Wolverine	Kitty Pryde and Wolverine
/wiki/Avengers_(comics)	Avengers
/wiki/Roughouse	Roughouse
/wiki/Externals	Externals
/wiki/Multiple_personality_disorder	multiple personality disorder
/wiki/Purifiers	Purifiers
/wiki/Mutant_Liberation_Front	Mutant Liberation Front
/wiki/Xorn	Kuan-Yin Xorn
/wiki/Bigotry	bigotry
/wiki/Uncanny_X-Men	The X-Men
/wiki/Project_Wideawake	Project Wideawake
/wiki/Dark_Beast	Dark Beast
/wiki/London,_England	London
/wiki/John_Romita_Sr.	John Romita Sr.
/wiki/Crimson_Dawn	Crimson Dawn
/wiki/Children_of_the_Vault	Children of the Vault
/wiki/Arcade_(Marvel_Comics)	Arcade
/wiki/Alternative_versions_of_Professor_X	Alternative versions of Professor X
/wiki/Bloodscream	Bloodscream
/wiki/Pressure_points	pressure points
/wiki/Genetics	genetics
/wiki/Savage_Land_Mutates	Savage Land Mutates
/wiki/Sunspot_(comics)	Sunspot
/wiki/Wolverine:_Manifest_Destiny	Wolverine: Manifest Destiny
/wiki/Hellfire_Club_(comics)	Hellfire Club
/wiki/Temple	temple
/wiki/Genosha	Genosha
/wiki/Illuminati_(comics)	the Illuminati
/wiki/Science	scientific
/wiki/Alliance_of_Evil	Alliance of Evil
/wiki/Colossus_(comics)	Colossus
/wiki/Fictional_character	fictional character
/wiki/Massachusetts_Academy_(comics)	Massachusetts Academy
/wiki/Karma_(comics)	Karma
/wiki/Evil_twin	evil twin
/wiki/X-Men_Origins:_Wolverine	X-Men Origins: Wolverine
/wiki/Defenders_(comics)	Defenders
/wiki/Wolf_Cub_(comics)	Wolf Cub
/wiki/Shi%27ar	Shi'ar
/wiki/Legacy_Virus	Legacy Virus
/wiki/Muir_Island_Saga	Muir Island Saga
/wiki/Fred_Duncan_(comics)	Fred Duncan
/wiki/Psychology	Psychology
/wiki/Storm_(Marvel_Comics)	Storm
/wiki/Red_Skull	Red Skull
/wiki/Native_(comics)	The Native
/wiki/X-23	X-23
/wiki/Exodus_(comics)	Exodus
/wiki/Nitro_(comics)	Nitro
/wiki/Sentinel_(comics)	Sentinels
/wiki/Pixie_(X-Men)	Pixie
/wiki/Stan_Lee	Stan Lee
/wiki/The_Collective_(comics)	the Collective
/wiki/Dust_(comics)	Dust
/wiki/Mastermind_(Jason_Wyngarde)	Mastermind
/wiki/Ultimate_Wolverine_vs._Hulk	Ultimate Wolverine vs. Hulk
/wiki/The_Holocaust	Holocaust
/wiki/X-Corps	X-Corps
/wiki/Chamber_(comics)	Chamber
/wiki/Cyclops_(comics)	Cyclops
/wiki/Cassandra_Nova	Cassandra Nova
/wiki/Psychiatry	Psychiatry
/wiki/Rachel_Summers	Rachel Summers
/wiki/Jean_Grey	Jean
/wiki/Cannonball_(comics)	Cannonball
/wiki/Life_science	life sciences
/wiki/Malcolm_X	Malcolm X
/wiki/X-Men_(film_series)	X-Men film series
/wiki/FBI	FBI
/wiki/Telepathic	telepathic
/wiki/Havok_(comics)	Havok
/wiki/Viper_(Madame_Hydra)	Viper
/wiki/Darwin_(comics)	Darwin
/wiki/Manhattan	Manhattan
/wiki/Adamantium	adamantium
/wiki/Professor_Thorton	Professor Thorton
/wiki/Hate_crime	hate crime
/wiki/American_comic_book	American comic books
/wiki/Technarchy	Technarchy
/wiki/Thomas_Logan	Thomas Logan
/wiki/Layla_Miller	Layla Miller
/wiki/Horsemen_of_Apocalypse	Horsemen of Apocalypse
/wiki/Shingen_Yashida	Shingen Yashida
/wiki/Wolverine:_The_Best_There_Is	Wolverine: The Best There Is
/wiki/Empathy	Empathy
/wiki/Bolivar_Trask	Bolivar Trask
/wiki/Xavier_Protocols	Xavier Protocols
/wiki/Humanity%27s_Last_Stand	Humanity's Last Stand
/wiki/Wolverine:_Origins	Wolverine: Origins
/wiki/Skrull	Skrulls
/wiki/Madripoor	Madripoor
/wiki/Illuminati_(comics)	Illuminati
/wiki/Psionics	psionic powers
/wiki/2001_in_comics	2001
/wiki/Excalibur_(comics)	Genoshan Excalibur
