/wiki/Z	Z
/wiki/Numeric_character_reference	Numeric character reference
/wiki/R	Rr
/wiki/Cyrillic	Cyrillic
/wiki/Inari_Sami_language	Inari Sami
/wiki/Lithuanian_language	Lithuanian
/wiki/Consonant	consonant
/wiki/Voiced_postalveolar_fricative	voiced postalveolar fricative
/wiki/Roman_numerals	Numerals
/wiki/Affricate_consonant	affricate
/wiki/B	Bb
/wiki/French_language	French
/wiki/W	Ww
/wiki/Diacritic	Diacritics
/wiki/Zayin	Zayin
/wiki/J	Jj
/wiki/ISO_basic_Latin_alphabet	ISO basic Latin alphabet
/wiki/Rhotacism	rhotacism
/wiki/Flag_semaphore	Flag semaphore
/wiki/O	Oo
/wiki/Crete	Cretan
/wiki/Finnish_language	Finnish
/wiki/Vulgar_Latin	Vulgar Latin
/wiki/Albanian_language	Albanian
/wiki/Diacritic	diacritics
/wiki/Zayin	zayin
/wiki/Eszett	Eszett
/wiki/ISO/IEC_646	ISO/IEC 646
/wiki/American_English	American English
/wiki/Italian_language	Italian
/wiki/C	Cc
/wiki/Antiqua_(typeface_class)	Antiqua
/wiki/John_Wycliffe	John Wycliffe
/wiki/G	Gg
/wiki/German_language	German
/wiki/International_Phonetic_Alphabet	International Phonetic Alphabet
/wiki/Z_with_swash_tail	Z with swash tail
/wiki/Slovak_language	Slovak
/wiki/Polish_language	Polish
/wiki/Cursive	cursive
/wiki/Occitan_language	Occitan
/wiki/Morse_code	Morse code
/wiki/Swedish_alphabet	Swedish
/wiki/P	Pp
/wiki/Allophone	allophones
/wiki/Oxford_spelling	Oxford spelling of British English
/wiki/Old_Norse	Old Norse
/wiki/Mathematical_alphanumeric_symbols	Mathematical alphanumeric symbols
/wiki/Long_s	long s
/wiki/Danish_language	Danish
/wiki/Indonesian_language	Indonesian
/wiki/Zulu_language	Zulu
/wiki/English_alphabet	English alphabets
/wiki/Andalusia	Andalusian
/wiki/Hepburn_romanization	Hepburn
/wiki/Norwegian_language	Norwegian
/wiki/H	Hh
/wiki/Sibilant	sibilant
/wiki/Theta	theta
/wiki/Classical_Latin	Classical Latin
/wiki/Turkmen_language	Turkmen
/wiki/German_alphabet	German alphabet
/wiki/Yod-coalescence	yod-coalescence
/wiki/Kunrei-shiki_romanization	Kunrei-shiki
/wiki/M	Mm
/wiki/Serbo-Croatian_Language	Serbo-Croatian
/wiki/British_English	British English
/wiki/Old_French	Old French
/wiki/Greek_language	Greek
/wiki/Latvian_language	Latvian
/wiki/English_language	English
/wiki/Letterlike_Symbols	Letterlike Symbols
/wiki/Project_Gutenberg	Project Gutenberg
/wiki/Integer	integers
/wiki/Minimal_pair	minimal pair
/wiki/E	Ee
/wiki/Ze_(Cyrillic)	Ze
/wiki/Tatar_language	Tatar
/wiki/Z_with_stroke	variant with a stroke
/wiki/Eta	eta
/wiki/Koine_Greek	koine
/wiki/Unicode	Unicode
/wiki/International_maritime_signal_flags	Signal flag
/wiki/Palaeography	Palaeography
/wiki/Breton_language	Breton
/wiki/Swahili_language	Swahili
/wiki/Icelandic_language	Icelandic
/wiki/N	Nn
/wiki/Turkish_language	Turkish
/wiki/George_Eliot	George Eliot
/wiki/English_alphabet	modern English alphabet
/wiki/ASCII	ASCII
/wiki/Latin_America	Latin American
/wiki/Zeta	zeta
/wiki/Shona_language	Shona
/wiki/Phoenician_alphabet	Phoenician alphabet
/wiki/Hungarian_language	Hungarian
/wiki/Igbo_language	Igbo
/wiki/ISO_basic_Latin_alphabet	ISO basic
Latin alphabet
/wiki/Basic_English	Basic English
/wiki/Gothic_minuscule	Gothic minuscules
/wiki/F	Ff
/wiki/Phoenician_alphabet	Phoenician
/wiki/L	Ll
/wiki/Punctuation	Punctuation
/wiki/Loanword	loanwords
/wiki/Blackletter	Blackletter
/wiki/K	Kk
/wiki/Pinyin	pinyin
/wiki/EBCDIC	EBCDIC
/wiki/Upsilon	upsilon
/wiki/Semitic_symbol	Semitic symbol
/wiki/Oxford_University_Press	Oxford University Press
/wiki/Czech_language	Czech
/wiki/U	Uu
/wiki/Etruscan_language	Etruscan
/wiki/X	Xx
/wiki/Voiced_alveolar_sibilant	voiced alveolar
/wiki/Zeta	Zeta
/wiki/English_orthography	English orthography
/wiki/Vietnamese_language	Vietnamese
/wiki/Romanian_language	Romanian
/wiki/T	Tt
/wiki/Azerbaijani_language	Azerbaijani
/wiki/Athens	Athens
/wiki/Sleep	sleeping
/wiki/Braille_pattern_dots-1356	dots-1356
/wiki/UTF-8	UTF-8
/wiki/Dutch_language	Dutch
/wiki/Northern_Sami	Northern Sami
/wiki/Snoring	snoring
/wiki/D	Dd
/wiki/Y	Yy
/wiki/S	Ss
/wiki/Voiced_dental_sibilant	voiced dental sibilant
/wiki/Mathematics	mathematics
/wiki/Oxford_English_Dictionary	Oxford English Dictionary
/wiki/Q	Qq
/wiki/French_language	Modern French
/wiki/Braille	Braille
/wiki/List_of_Latin-script_letters	List of letters
/wiki/Z_(disambiguation)	Z (disambiguation)
/wiki/Letter_(alphabet)	letter
/wiki/Polish_language	Polish language
/wiki/Standard_Chinese	Standard Chinese
/wiki/A	Aa
/wiki/Portuguese_language	Portuguese
/wiki/Adam_Bede	Adam Bede
/wiki/Zed_(disambiguation)	Zed
/wiki/Zee_(disambiguation)	Zee
/wiki/Hussite	Hussite
/wiki/Japanese_language	Japanese
/wiki/I	Ii
/wiki/V	Vv
/wiki/Spanish_language	Spanish
