/wiki/James_Cook	James Cook
/wiki/The_Sydney_Morning_Herald	The Sydney Morning Herald
/wiki/Alexander_von_Middendorff	Middendorff
/wiki/Saint_Helena	Saint Helena
/wiki/HMS_Endeavour	HMS Endeavour
/wiki/John_Watts_(Royal_Navy_officer)	John Watts
/wiki/Edward_Waring	Edward Waring
/wiki/Valerian_Albanov	Albanov
/wiki/Georgy_Sedov	Sedov
/wiki/HMS_Discovery_(1874)	HMS Discovery
/wiki/Taymyr_(icebreaker)	Taymyr
/wiki/New_Swabia	New Swabia
/wiki/Robert_McClure	McClure
/wiki/A_%26_C_Black	A & C Black
/wiki/Sadko_(icebreaker)	Sadko
/wiki/Haberdasher	haberdasher
/wiki/Otto_Schmidt	Schmidt
/wiki/George_Nares	Nares
/wiki/David_Legge_Brainard	Brainard
/wiki/Royal_Society	Fellow of the Royal Society
/wiki/Thomas_Marmaduke	Marmaduke
/wiki/John_Webber	John Webber
/wiki/South_Magnetic_Pole	South Magnetic Pole
/wiki/Naddodd	Naddodd
/wiki/Royal_Observatory,_Greenwich	Royal Observatory, Greenwich
/wiki/James_Cook_University_Hospital	James Cook University Hospital
/wiki/James_Hall_(explorer)	J. Hall
/wiki/Hugh_Willoughby	Willoughby
/wiki/Benjamin_Wilson_(painter)	Benjamin Wilson
/wiki/Thomas_Hutchins_(naturalist)	Thomas Hutchins
/wiki/Ernest_Shackleton	Ernest Shackleton
/wiki/The_Argus_(Melbourne)	The Argus
/wiki/Samuel_Wallis	Samuel Wallis
/wiki/Hermitage_Bay	Hermitage Bay
/wiki/Alaska	Alaska
/wiki/Fortress_of_Louisbourg	Fortress of Louisbourg
/wiki/Philip_Carteret	Carteret, Philip
/wiki/Far_Eastern_Party	Far Eastern Party
/wiki/St._Lawrence,_Newfoundland_and_Labrador	Great St. Lawrence
/wiki/Mikhail_Somov	Somov
/wiki/Kauai	Kauai
/wiki/John_Walsh_(scientist)	John Walsh
/wiki/Douglas_Mawson	Mawson
/wiki/Artur_Chilingarov	Chilingarov
/wiki/100_Greatest_Britons	100 Greatest Britons
/wiki/Charles_Wilkes	Wilkes
/wiki/Sydney_Parkinson	Sydney Parkinson
/wiki/Richard_Hough	Hough, Richard
/wiki/Arved_Fuchs	A. Fuchs
/wiki/Challenger_expedition	Challenger expedition
/wiki/Archipelago	archipelago
/wiki/Merchant_navy	merchant navy
/wiki/Vasily_Chichagov	Chichagov
/wiki/Europeans	Europeans
/wiki/Second_voyage_of_James_Cook	Second voyage of James Cook
/wiki/Lono	Lono
/wiki/Glyndwr_Williams	Williams, Glyndwr
/wiki/Peter_Woulfe	Peter Woulfe
/wiki/Joseph_Priestley	Joseph Priestley
/wiki/Cape_of_Good_Hope	Cape of Good Hope
/wiki/USS_Vincennes_(1826)	USS Vincennes
/wiki/Ivan_Fyodorov_(navigator)	I. Fyodorov
/wiki/Benjamin_Franklin	Franklin, Benjamin
/wiki/Cooktown,_Queensland	Cooktown, Queensland
/wiki/HMS_Endeavour	HMS Endeavour
/wiki/Captain_Cook_Memorial_Museum	Captain Cook Memorial Museum
/wiki/Krassin_(1917_icebreaker)	Krassin
/wiki/Cook_(crater)	Cook crater
/wiki/William_Speirs_Bruce	Bruce
/wiki/BC_Geographical_Names	BC Geographical Names
/wiki/HMS_Pembroke_(1757)	HMS Pembroke
/wiki/Norse_colonization_of_the_Americas	Norse colonization of the Americas
/wiki/Endeavour_River	Endeavour River
/wiki/Tupaia_(navigator)	Tupaia
/wiki/Francis_Leopold_McClintock	McClintock
/wiki/John_Cunningham_(explorer)	Cunningham
/wiki/Shirase_Nobu	Shirase
/wiki/James_Cook_Collection:_Australian_Museum	James Cook Collection: Australian Museum
/wiki/Stewart_Park_Middlesbrough	Stewart Park
/wiki/William_Scoresby	Scoresby
/wiki/Pacific_Islander	Pacific Islander
/wiki/Tony_Horwitz	Horwitz, Tony
/wiki/Captain_Cook,_Hawaii	Captain Cook, Hawaii
/wiki/Jean-Andr%C3%A9_Deluc	Jean-André Deluc
/wiki/Blue_plaque	Blue plaque
/wiki/Herman_Sp%C3%B6ring,_Jr.	Herman Spöring
/wiki/SY_Aurora	SY Aurora
/wiki/Navigator	Navigators
/wiki/First_voyage_of_James_Cook	First voyage of James Cook
/wiki/European_and_American_voyages_of_scientific_exploration	European and American voyages of scientific exploration
/wiki/Frederick_Cook	F. Cook
/wiki/Nuclear-powered_icebreaker	Nuclear-powered icebreakers
/wiki/George_Back	Back
/wiki/HMS_Discovery_(1789)	HMS Discovery (1789)
/wiki/Dmitry_Ovtsyn	Ovtsyn
/wiki/Johann_Zoffany	Johann Zoffany
/wiki/Navigation	navigation
/wiki/George_Francis_Lyon	Lyon
/wiki/Amundsen%27s_South_Pole_expedition	Amundsen's South Pole expedition
/wiki/Greenwich	Greenwich
/wiki/John_Canton	John Canton
/wiki/Mangazeya	Mangazeya
/wiki/Benjamin_Thompson	Benjamin Thompson
/wiki/John_Huxham	John Huxham
/wiki/HMS_Adventure_(1771)	HMS Adventure
/wiki/John_Davis_(sealer)	Davis
/wiki/Lars_Christensen	Christensen
/wiki/Carsten_Borchgrevink	Borchgrevink
/wiki/Australia	Australia
/wiki/Exploration_of_the_Pacific	Exploration of the Pacific
/wiki/Robert_Bylot	Bylot
/wiki/Transit_of_Venus	transit of Venus
/wiki/Nevil_Maskelyne	Nevil Maskelyne
/wiki/Hubert_Wilkins	Wilkins
/wiki/Northern_Canada	Northern Canada
/wiki/Australasian_Antarctic_Expedition	Australasian Antarctic Expedition
/wiki/Great_Northern_Expedition	Great Northern Expedition
/wiki/Wikisource	Wikisource
/wiki/Alexander_Kuchin	Kuchin
/wiki/David_Nelson_(botanical_collector)	David Nelson
/wiki/Oscar_Wisting	Wisting
/wiki/Vladimir_Rusanov	Rusanov
/wiki/Julius_von_Payer	Payer
/wiki/First_Nations	First Nations
/wiki/Isaac_Smith_(Royal_Navy_officer)	Isaac Smith
/wiki/James_Trevenen	James Trevenen
/wiki/Arktika_2007	Arktika 2007
/wiki/William_Herschel	William Herschel
/wiki/James_Cook_Collection:_Australian_Museum	James Cook Collection:
/wiki/HMS_Erebus_(1826)	HMS Erebus
/wiki/Alexander_Dalrymple	Alexander Dalrymple
/wiki/Imperial_Trans-Antarctic_Expedition	Imperial Trans-Antarctic Expedition
/wiki/Charles_Clerke	Clerke, Charles
/wiki/Fyodor_Matisen	Matisen
/wiki/Hugh_Palliser	Hugh Palliser
/wiki/HMS_Resolution_(1771)	HMS Resolution
/wiki/USS_Skate_(SSN-578)	USS Skate
/wiki/Gaspar_Corte-Real	G. Corte-Real
/wiki/Longitude	longitude
/wiki/Matthew_Raper	Matthew Raper
/wiki/Captain_Cook_(disambiguation)	Captain Cook (disambiguation)
/wiki/Henry_Parkyns_Hoppner	Hoppner
/wiki/Agent-General	Agent-General
/wiki/Operation_Windmill	Operation Windmill
/wiki/Charles_Hutton	Charles Hutton
/wiki/Able_seaman_(rank)#Royal_Navy	able seaman
/wiki/Thornaby-on-Tees	Thornaby-on-Tees
/wiki/Richard_E._Byrd	Byrd
/wiki/Georges_Lecointe_(explorer)	Lecointe
/wiki/Charles_Green_(astronomer)	Charles Green
/wiki/Isaac_Israel_Hayes	Hayes
/wiki/Swedish_Antarctic_Expedition	Swedish Antarctic Expedition
/wiki/RV_Belgica_(1884)	Belgica
/wiki/William_Hodges	William Hodges
/wiki/Captain_Arturo_Prat_Base	Captain Arturo Prat Base
/wiki/Scottish_National_Antarctic_Expedition	Scottish Antarctic Expedition
/wiki/Botany	botanist
/wiki/Jean-Baptiste_Charcot	Charcot
/wiki/The_Seven_Daughters_of_Eve	The Seven Daughters of Eve
/wiki/Stepney#Stepney_Historical_Trust	Stepney Historical Trust
/wiki/BIBSYS	BIBSYS
/wiki/USS_Nautilus_(SSN-571)	USS Nautilus
/wiki/Fortune_Bay	Fortune Bay
/wiki/Charles_Clerke	Clerke
/wiki/Koch_(boat)	Koch boats
/wiki/Frederick_William_Beechey	Beechey
/wiki/George_W._De_Long	De Long
/wiki/Carl_Anton_Larsen	C. A. Larsen
/wiki/Kealakekua_Bay	Kealakekua Bay
/wiki/Orcadas_Base	Orcadas Base
/wiki/Southern_Ocean	Southern Ocean
/wiki/Polaris_expedition	Polaris
/wiki/Nimrod_(ship)	Nimrod
/wiki/Dmitry_Laptev	D. Laptev
/wiki/Algebra	algebra
/wiki/Copley_Medal	Copley Gold Medal
/wiki/HMS_Grenville_(1754)	HMS Grenville
/wiki/Torres_Strait	Torres Strait
/wiki/Michael_Barne	Barne
/wiki/Possession_Island_(Queensland)	Possession Island
/wiki/Polheim	Polheim
/wiki/Daniel_Solander	Daniel Solander
/wiki/East_End_of_London	East End of London
/wiki/Great_Britain_in_the_Seven_Years%27_War	Great Britain in the Seven Years' War
/wiki/USS_Advance_(1847)	USS Advance
/wiki/Melbourne_University_Publishing	Melbourne University Press
/wiki/Scurvy	scurvy
/wiki/Captain_(Royal_Navy)	Captain
/wiki/Sheldon_Dibble	Dibble, Sheldon
/wiki/Umberto_Nobile	Nobile
/wiki/Early_United_States_commemorative_coins	Early United States commemorative coins
/wiki/Third_voyage_of_James_Cook	Third voyage of James Cook
/wiki/Circumnavigation	circumnavigation
/wiki/Quadrant_(instrument)	quadrant
/wiki/Tahiti	Tahiti
/wiki/Georgy_Ushakov	Ushakov
/wiki/Boatswain	boatswain
/wiki/Yukon	Yukon
/wiki/1769_Transit_of_Venus_observed_from_Tahiti	observations of the Venus Transit
/wiki/Helmer_Hanssen	Helmer
/wiki/Pytheas	Pytheas
/wiki/William_Smith_(mariner)	Smith
/wiki/Joseph_Banks	Banks, Joseph
/wiki/Easby_Moor	Easby Moor
/wiki/Barneo	Barneo
/wiki/Lords_Commissioners_of_the_Admiralty	First Lord of the Admiralty
/wiki/Antoni_Boles%C5%82aw_Dobrowolski	Dobrowolski
/wiki/Brig	brig
/wiki/Coppermine_Expedition_of_1819%E2%80%9322	Coppermine Expedition
/wiki/Botanical_name	botanical name
/wiki/Second_Grinnell_Expedition	2nd Grinnell Expedition
/wiki/Plains_of_Abraham	Plains of Abraham
/wiki/Drifting_ice_station	"North Pole" manned drifting ice stations
/wiki/Ross_Sea_party_1914%E2%80%9316	Ross Sea party
/wiki/Quest_(ship)	Quest
/wiki/Degree_(angle)	degrees
/wiki/Lord_Charles_Cavendish	Charles Cavendish
/wiki/Latitude	latitude
/wiki/Charles_Blagden	Charles Blagden
/wiki/HMS_Discovery_(1774)	HMS Discovery
/wiki/McMurdo_Station	McMurdo Station
/wiki/Discovery_Hut	Discovery Hut
/wiki/Nimrod_Expedition	Nimrod Expedition
/wiki/Farthest_South	Farthest South
/wiki/Omai	Omai
/wiki/Wally_Herbert	Herbert
/wiki/Quadrant_(magazine)	Quadrant
/wiki/Antarctic_Circle	Antarctic Circle
/wiki/Francis_Crozier	Crozier
/wiki/Hay%E2%80%93Herbert_Treaty	Hay–Herbert Treaty
/wiki/Seven_Years%27_War	Seven Years' War
/wiki/Greenland	Greenland
/wiki/Mark_Shevelev	Shevelev
/wiki/Colonial_and_Indian_Exhibition	Colonial and Indian Exhibition
/wiki/South_Pole	South Pole
/wiki/Erik_the_Red	Erik the Red
/wiki/St_Paul%27s_Church,_Shadwell	St Paul's Church, Shadwell
/wiki/Willem_Barentsz	Barentsz
/wiki/Samuel_Johnson	Samuel Johnson
/wiki/Arktika_(icebreaker)	NS Arktika
/wiki/Maria_Pronchishcheva	M. Pronchishcheva
/wiki/Sn%C3%A6bj%C3%B6rn_Galti	Galti
/wiki/Henry_Cavendish	Henry Cavendish
/wiki/Cartography	cartography
/wiki/Battle_of_Quebec_(1775)	siege of Quebec
/wiki/Bay_d%27Espoir	Bay of Despair
/wiki/Larcum_Kendall	Larcum Kendall
/wiki/Endurance_(1912_ship)	Endurance
/wiki/Pomors	Pomors
/wiki/Fridtjof_Nansen	Nansen
/wiki/SS_Chelyuskin	Chelyuskin
/wiki/RRS_Discovery	Discovery
/wiki/Alfred_Ritscher	Ritscher
/wiki/Scotia_(barque)	Scotia
/wiki/Quebec_City	Quebec City
/wiki/Ivan_Papanin	Papanin
/wiki/Navigation	navigational
/wiki/Larcum_Kendall#K1	Larcum Kendall's K1
/wiki/Ednam	Ednam
/wiki/Master%27s_mate	mate
/wiki/Merkury_Vagin	Vagin
/wiki/The_Nautical_Almanac	Nautical Almanac
/wiki/Lawrence_Oates	Oates
/wiki/Frederick_Cook	Cook
/wiki/George_Vancouver	George Vancouver
/wiki/Mikhail_Stadukhin	Stadukhin
/wiki/Australian_Dictionary_of_Biography	Australian Dictionary of Biography
/wiki/Nikifor_Begichev	Begichev
/wiki/Northwest_Passage	Northwest Passage
/wiki/Maquinna	Maquinna
/wiki/HMS_Bounty	HMS Bounty
/wiki/Ernest_Shackleton	Shackleton
/wiki/Marshall_David_Sahlins	Sahlins, Marshall David
/wiki/Edward_Bransfield	Bransfield
/wiki/George_Atwood	George Atwood
/wiki/James_Booth_Lockwood	Lockwood
/wiki/Arctic_Ocean	Ocean
/wiki/Mikhail_Lavrov	Lavrov
/wiki/Australian_places_named_by_James_Cook	Australian places named by James Cook
/wiki/Marine_chronometer	marine chronometer
/wiki/Svyataya_Anna	Sv. Anna
/wiki/McClure_Arctic_Expedition	McClure Expedition
/wiki/Jules_Dumont_d%27Urville	Dumont d'Urville
/wiki/Benjamin_Morrell	Morrell
/wiki/Geometry	geometry
/wiki/Godske_Lindenov	Lindenov
/wiki/William_Lewis_(scientist)	William Lewis
/wiki/NASA	NASA
/wiki/Ing%C3%B3lfr_Arnarson	Arnarson
/wiki/Ashley_Chadbourne_McKinley	McKinley
/wiki/Master%27s_mate	master's mate
/wiki/Otto_Sverdrup	Sverdrup
/wiki/Mercator_Cooper	Cooper
/wiki/Jens_Munk	Munk
/wiki/Georgy_Brusilov	Brusilov
/wiki/Dictionary_of_New_Zealand_Biography	Dictionary of New Zealand Biography
/wiki/Cape_Foulweather	Cape Foulweather
/wiki/Frank_Wild	Wild
/wiki/Lake_Vostok	Lake Vostok
/wiki/Claes_Oldenburg	Claes Oldenburg
/wiki/Khariton_Laptev	Kh. Laptev
/wiki/Kingdom_of_Hawaii	Kingdom of Hawaii
/wiki/Fyodor_Minin	Minin
/wiki/Humphrey_Gilbert	Gilbert
/wiki/James_Rennell	James Rennell
/wiki/HMS_Terror_(1813)	HMS Terror
/wiki/Georgy_Baydukov	Baydukov
/wiki/Strait_of_Juan_de_Fuca	Strait of Juan de Fuca
/wiki/HMS_Resolute_(1850)	HMS Resolute
/wiki/Fram	Fram
/wiki/Nathaniel_Palmer	Palmer
/wiki/HMS_Adventure_(1771)	HMS Adventure
/wiki/HMS_Blossom_(1806)	HMS Blossom
/wiki/HMS_Fury_(1814)	HMS Fury
/wiki/Master_(naval)	master
/wiki/Commonwealth_Trans-Antarctic_Expedition	Commonwealth Trans-Antarctic Expedition
/wiki/House_of_Lords	House of Lords
/wiki/Pyotr_Pakhtusov	Pakhtusov
/wiki/William_Taylor_(Royal_Navy_officer)	William Taylor
/wiki/Albert_Hastings_Markham	Markham
/wiki/Rae%E2%80%93Richardson_Arctic_Expedition	Rae–Richardson Expedition
/wiki/Brendan	Brendan
/wiki/Burial_at_sea	burial at sea
/wiki/BBC	BBC
/wiki/Joseph_Billings	Billings
/wiki/George_Newnes	George Newnes
/wiki/Alistair_Mackay	Mackay
/wiki/Isaac_Schlossbach	Schlossbach
/wiki/History_of_Antarctica	History
/wiki/Joseph_Ren%C3%A9_Bellot	Bellot
/wiki/Vega_Expedition	Vega Expedition
/wiki/James_King_(Royal_Navy_officer)	King, James
/wiki/Aeneas_Mackintosh	Mackintosh
/wiki/Backstaff	backstaff
/wiki/Yermak_(1898_icebreaker)	Yermak
/wiki/State_Library_of_New_South_Wales	State Library of New South Wales
/wiki/Pole_of_inaccessibility	Pole of inaccessibility
/wiki/USS_Porpoise_(1836)	USS Porpoise
/wiki/Otto_von_Kotzebue	Kotzebue
/wiki/SS_Southern_Cross_(1886)	Southern Cross
/wiki/Framheim	Framheim
/wiki/The_Death_of_Captain_James_Cook_(Zoffany)	The Death of Captain James Cook (Zoffany)
/wiki/British_Arctic_Expedition	British Arctic Expedition
/wiki/Vasili_Pronchishchev	V. Pronchishchev
/wiki/Ernst_Krenkel	Krenkel
/wiki/William_Bligh	William Bligh
/wiki/RRS_Charles_Darwin	RRS Charles Darwin
/wiki/Henry_Robertson_Bowers	Bowers
/wiki/Iceland	Iceland
/wiki/Frank_McLynn	McLynn, Frank
/wiki/Old_Style_and_New_Style_dates	Old style date
/wiki/Copley_Medal	Copley Medallists
/wiki/Captain_Cook_Birthplace_Museum	Captain Cook Birthplace Museum
/wiki/Hjalmar_Johansen	Johansen
/wiki/Marshall_Sahlins	Marshall Sahlins
/wiki/Henry_Frederick_Stephenson	Stephenson
/wiki/Erich_von_Drygalski	Drygalski
/wiki/Edward_Delaval	Edward Delaval
/wiki/John_Mudge	John Mudge
/wiki/Ethnography	ethnographic
/wiki/John_Hunter_(surgeon)	John Hunter
/wiki/National_Archives_of_Australia	National Archives of Australia
/wiki/Richard_Collinson	Collinson
/wiki/Auckland_Libraries	Auckland Libraries
/wiki/Wilhelm_Filchner	Filchner
/wiki/Royal_Navy	Royal Navy
/wiki/Henry_Kellett	Kellett
/wiki/Roseberry_Topping	Roseberry Topping
/wiki/Henry_Larsen_(explorer)	H. Larsen
/wiki/St_Kilda,_Victoria	St Kilda, Victoria
/wiki/James_King_(Royal_Navy_officer)	James King
/wiki/Barking	Barking
/wiki/Hawaiian_Islands	Sandwich Islands
/wiki/Greenwich_Hospital,_London	Greenwich Hospital
/wiki/Disembowelment	disembowelled
/wiki/Hjalmar_Riiser-Larsen	Riiser-Larsen
/wiki/Antarctica	Antarctica
/wiki/Lincoln_Ellsworth	Ellsworth
/wiki/Bering_Strait	Bering Strait
/wiki/Farthest_North	Farthest North
/wiki/International_Plant_Names_Index	International Plant Names Index
/wiki/Bernt_Balchen	Balchen
/wiki/John_Goodricke	John Goodricke
/wiki/Nathaniel_Portlock	Nathaniel Portlock
/wiki/Apollo_Command/Service_Module	Command/Service Module
/wiki/Edward_Adrian_Wilson	Wilson
/wiki/Bawley_Point,_New_South_Wales	Bawley Point
/wiki/Tobias_Furneaux	Tobias Furneaux
/wiki/Jackie_Ronne	E. Ronne
/wiki/Viking_expansion	Vikings
/wiki/HMS_Grenville_(1754)	HMS Grenville
/wiki/Vostok_Station	Vostok Station
/wiki/Horatio_Thomas_Austin	Austin
/wiki/Karl_Weyprecht	Weyprecht
/wiki/Australian_Museum	Australian Museum
/wiki/William_Parry_(explorer)	Parry
/wiki/Midshipman	midshipmen
/wiki/Harvest_festival	harvest festival
/wiki/Pacific_Islander	Pacific Peoples
/wiki/Whitby	Whitby
/wiki/John_Gore_(seaman)	John Gore
/wiki/Post-captain	post-captain
/wiki/Peter_Warren_Dease	Dease
/wiki/Ferdinand_von_Wrangel	Wrangel
/wiki/Admiralty	Admiralty
/wiki/Ralph_Plaisted	Plaisted
/wiki/Rhyming_slang	rhyming slang
/wiki/Fyodor_Matyushkin	Matyushkin
/wiki/Andrey_Kapitsa	Kapitsa
/wiki/Konstantin_Badygin	Badygin
/wiki/Alexander_Mackenzie_(explorer)	Mackenzie
/wiki/Amundsen%E2%80%93Scott_South_Pole_Station	Amundsen–Scott South Pole Station
/wiki/Yakov_Permyakov	Permyakov
/wiki/Burin_Peninsula	Burin Peninsula
/wiki/James_Clark_Ross	J. C. Ross
/wiki/Eduard_Toll	Toll
/wiki/Fox_(ship)	Fox
/wiki/Bryan_Sykes	Bryan Sykes
/wiki/List_of_sea_captains	List of sea captains
/wiki/Brush_Island	Brush Island
/wiki/John_Murray_(oceanographer)	Murray
/wiki/Vanuatu	Vanuatu
/wiki/Hawaiian_Islands	Hawaiian Islands
/wiki/Siberian_Cossacks	Siberian Cossacks
/wiki/Trinity_House	Trinity House
/wiki/RRS_James_Cook	RRS James Cook
/wiki/Reinhold_Messner	Messner
/wiki/Gunnbj%C3%B6rn_Ulfsson	Ulfsson
/wiki/Hawaii	Hawaiian
/wiki/Stepan_Makarov	Makarov
/wiki/Charles_Kana%27ina	Charles Kana'ina
/wiki/Jesse_Ramsden	Jesse Ramsden
/wiki/John_Harrison	John Harrison
/wiki/Austro-Hungarian_North_Pole_Expedition	Austro-Hungarian Expedition
/wiki/Charles_R._Burton	Burton
/wiki/Yevgeny_Tolstikov	Tolstikov
/wiki/Lunar_distance_(navigation)	lunar distance
/wiki/James_Boswell	James Boswell
/wiki/Gauss_(ship)	Gauss
/wiki/Feather_cloak	feather cloak
/wiki/Georg_Forster	Georg Forster
/wiki/James_King_(Royal_Navy_officer)	Captain James King
/wiki/Saint_Lawrence_River	Saint Lawrence River
/wiki/Vladimir_Wiese	Wiese
/wiki/Jason_(ship)	Jason
/wiki/Franklin%27s_lost_expedition	Franklin's lost expedition
/wiki/Elisha_Kane	Kane
/wiki/Roald_Amundsen	Amundsen
/wiki/Battle_of_the_Plains_of_Abraham	Battle of the Plains of Abraham
/wiki/Middlesbrough	Middlesbrough
/wiki/Landscape_art	landscape paintings
/wiki/North_Magnetic_Pole	North Magnetic Pole
/wiki/Johann_Reinhold_Forster	Johann Reinhold Forster
/wiki/List_of_botanists_by_author_abbreviation	author abbreviation
/wiki/Edward_Augustus_Inglefield	Inglefield
/wiki/New_South_Wales	New South Wales
/wiki/Anatoly_Sagalevich	Sagalevich
/wiki/John_Hellins	John Hellins
/wiki/Robert_Peary	Peary
/wiki/Ivan_Lyakhov	Lyakhov
/wiki/John_Hawkesworth_(book_editor)	Hawkesworth, John
/wiki/Mirny_Station	Mirny
/wiki/Papar	Papar
/wiki/Avgust_Tsivolko	Tsivolko
/wiki/Edward_Riou	Edward Riou
/wiki/Richard_Chancellor	Chancellor
/wiki/James_Weddell	Weddell
/wiki/USGS	USGS
/wiki/Andrew_Kippis	Kippis, Andrew
/wiki/Arctic	Arctic
/wiki/George_Shuckburgh-Evelyn	George Shuckburgh-Evelyn
/wiki/John_Pringle	John Pringle
/wiki/Edward_Charles_Howard	Edward Charles Howard
/wiki/USS_Jeannette_(1878)	USS Jeannette
/wiki/Terra_Australis	Terra Australis
/wiki/Edmund_Hillary	Hillary
/wiki/Japanese_Antarctic_Expedition	Japanese Antarctic Expedition
/wiki/Mutiny	mutiny
/wiki/Benjamin_Franklin	Benjamin Franklin
/wiki/HM_Bark_Endeavour_Replica	Endeavour replica
/wiki/Middle_Ages	Middle Ages
/wiki/Apollo_15	Apollo 15
/wiki/Henry_Hudson	Hudson
/wiki/St_Andrew%27s_Street,_Cambridge	St Andrew's Street, Cambridge
/wiki/Adolphus_Greely	Greely
/wiki/John_Richardson_(naturalist)	J. Richardson
/wiki/Gananath_Obeyesekere	Obeyesekere, Gananath
/wiki/Yakov_Sannikov	Sannikov
/wiki/George_Dixon_(Royal_Navy_officer)	George Dixon
/wiki/OCLC	OCLC
/wiki/John_Montagu,_4th_Earl_of_Sandwich	fourth Earl of Sandwich
/wiki/Cadwalader_Ringgold	Ringgold
/wiki/HMS_Challenger_(1858)	HMS Challenger
/wiki/Kanekapolei	Kanekapolei
/wiki/Vostok_(sloop-of-war)	Vostok
/wiki/John_Dollond	John Dollond
/wiki/Eric_Marshall	Marshall
/wiki/Lady_Franklin_Bay_Expedition	Lady Franklin Bay Expedition
/wiki/International_Date_Line	International Date Line
/wiki/John_Smeaton	John Smeaton
/wiki/Otto_Nordenskj%C3%B6ld	O. Nordenskjöld
/wiki/Makahiki	Makahiki
/wiki/Cronulla_sand_dunes,_Kurnell_Peninsula	Kurnell Peninsula
/wiki/Samuel_Wallis	Wallis, Samuel
/wiki/Pole_of_Inaccessibility_(Antarctic_research_station)	Pole of Inaccessibility Station
/wiki/British_Antarctic_Survey	British Antarctic Survey
/wiki/Alexander_Kolchak	Kolchak
/wiki/John_Franklin	Franklin
/wiki/Pourquoi-Pas_(1908)	Pourquoi-Pas
/wiki/Henryk_Arctowski	Arctowski
/wiki/St._Roch_(ship)	St. Roch
/wiki/Yevgeny_Fyodorov	E. Fyodorov
/wiki/Kahuna	Kahuna
/wiki/Nansen%27s_Fram_expedition	1st Fram expedition
/wiki/Kurbat_Ivanov	Ivanov
/wiki/Antarctic_Treaty_System	Antarctic Treaty System
/wiki/Jakarta	Jakarta
/wiki/Cooks%27_Cottage	Cooks' Cottage
/wiki/A._Sibiryakov_(icebreaker)	Sibiryakov
/wiki/Rudolf_Samoylovich	Samoylovich
/wiki/Fyodor_Litke	Litke
/wiki/Half_dollar_(United_States_coin)	half dollar
/wiki/Edgar_Evans	E. Evans
/wiki/Brusilov_Expedition	Brusilov Expedition
/wiki/The_National_Archives_(United_Kingdom)	the UK National Archives
/wiki/Nootka_Sound	Nootka Sound
/wiki/LibriVox	LibriVox
/wiki/David_Scott_Cowper	Cowper
/wiki/Nuu-chah-nulth_people	Nuu-chah-nulth
/wiki/Joris_Carolus	Carolus
/wiki/John_Rymill	Rymill
/wiki/Native_Hawaiians	Hawaiians
/wiki/Belgian_Antarctic_Expedition	Belgian Antarctic Expedition
/wiki/John_Byron	Byron, John
/wiki/Sea_otter	sea otter
/wiki/John_Ledyard	John Ledyard
/wiki/Sverre_Hassel	Hassel
/wiki/Malayo-Polynesian_languages	Malayo-Polynesian languages
/wiki/Vaygach_(icebreaker)	Vaygach
/wiki/Yorkshire	Yorkshire
/wiki/Samuel_Vince	Samuel Vince
/wiki/HMS_Pembroke_(1757)	Pembroke (1757)
/wiki/HMS_Resolution_(1771)	HMS Resolution
/wiki/Continent	continent
/wiki/William_Morgan_(actuary)	William Morgan
/wiki/HMS_Hecla_(1815)	HMS Hecla
/wiki/Project_Gutenberg	Project Gutenberg
/wiki/HMS_Alert_(1856)	HMS Alert
/wiki/George_III_of_the_United_Kingdom	King George III
/wiki/Finn_Ronne	F. Ronne
/wiki/Copley_Medal	Copley Medal
/wiki/North_Pole	North Pole
/wiki/Henry_Roberts_(Royal_Navy_officer)	Henry Roberts
/wiki/Vitus_Bering	Bering
/wiki/United_States_Exploring_Expedition	United States Exploring Expedition
/wiki/Deptford	Deptford
/wiki/Tupolev_ANT-25	ANT-25
/wiki/Terra_Nova_(ship)	Terra Nova
/wiki/Shackleton%E2%80%93Rowett_Expedition	Shackleton–Rowett Expedition
/wiki/Christian_IV%27s_expeditions_to_Greenland	Christian IV's expeditions
/wiki/Semyon_Dezhnev	Dezhnev
/wiki/Fedot_Alekseyevich_Popov	Popov
/wiki/Aoraki/Mount_Cook	Aoraki/Mount Cook
/wiki/Alii_Aimoku_of_Hawaii	King of Hawaiʻi
/wiki/John_Rae_(explorer)	Rae
/wiki/Operation_Deep_Freeze	Operation Deep Freeze
/wiki/43rd_parallel_north	43° north
/wiki/New_Zealand	New Zealand
/wiki/Nikolai_Kolomeitsev	Kolomeitsev
/wiki/Gweagal	Gweagal
/wiki/Jamaica	Jamaica
/wiki/Great_Barrier_Reef	Great Barrier Reef
/wiki/Alan_Moorehead	Moorehead, Alan
/wiki/Norfolk_Island	Norfolk Island
/wiki/HMS_Eagle_(1745)	HMS Eagle
/wiki/Heroic_Age_of_Antarctic_Exploration	Heroic Age
/wiki/Adrien_de_Gerlache	de Gerlache
/wiki/Vancouver_Island	Vancouver Island
/wiki/Captain_Cook_Birthplace_Museum	Birthplace Museum
/wiki/Walrus	walrus
/wiki/Clerke_Rocks	Clerke Rocks
/wiki/Soviet_Antarctic_Expedition	Soviet Antarctic Expeditions
/wiki/Ronne_Antarctic_Research_Expedition	Ronne Expedition
/wiki/Breadfruit	breadfruit
/wiki/Sun	Sun
/wiki/William_Lashly	Lashly
/wiki/Alta_California	Alta California
/wiki/Mount_Cook_(Saint_Elias_Mountains)	Mount Cook
/wiki/Hawaii_(island)	'Hawaii Island'
/wiki/Edward_Belcher	Belcher
/wiki/William_Hewson_(surgeon)	William Hewson
/wiki/Pole_of_Cold	Pole of Cold
/wiki/Carsten_Richardson	C. Richardson
/wiki/Cook_Islands	Cook Islands
/wiki/Joseph_Banks	Joseph Banks
/wiki/The_Vache	The Vache
/wiki/John_Gore_(Royal_Navy_captain)	Gore, John
/wiki/Alexander_Vasilyevich_Belyakov	Belyakov
/wiki/Antarctic	Antarctic
/wiki/French_Antarctic_Expedition	French Antarctic Expeditions
/wiki/Moon	moon
/wiki/Pyotr_Anjou	Anjou
/wiki/Easter_Island	Easter Island
/wiki/Charles_Scribner%27s_Sons	Charles Scribner's Sons
/wiki/John_Cleveley_the_Younger	John Cleveley the Younger
/wiki/Vilhjalmur_Stefansson	Stefansson
/wiki/Wapping	Wapping
/wiki/HMS_Eagle_(1745)	HMS Eagle
/wiki/Charles_Clerke	Charles Clerke
/wiki/Operation_Tabarin	Operation Tabarin
/wiki/National_Maritime_Museum	National Maritime Museum
/wiki/Great_Ayton	Great Ayton
/wiki/Edgeworth_David	David
/wiki/Gar%C3%B0ar_Svavarsson	Svavarsson
/wiki/Lieutenant_(navy)	lieutenant
/wiki/Georg_Forster	Forster, Georg
/wiki/Maud_(ship)	Maud
/wiki/John_Cawte_Beaglehole	Beaglehole, John Cawte
/wiki/Newfoundland_(island)	Newfoundland
/wiki/San_Telmo_(ship)	San Telmo
/wiki/Mikhail_Gvozdev	Gvozdev
/wiki/Alessandro_Volta	Alessandro Volta
/wiki/George_J._Dufek	Dufek
/wiki/HMS_Thunderer_(1760)	HMS Thunderer
/wiki/Christ%27s_College,_Cambridge	Christ's College, Cambridge
/wiki/Botany_Bay	Botany Bay
/wiki/Alexander_Konrad	Konrad
/wiki/William_Baffin	Baffin
/wiki/Martin_Frobisher	Frobisher
/wiki/Vanessa_Collingridge	Collingridge, Vanessa
/wiki/National_Library_of_Australia	National Library of Australia
/wiki/Aleksei_Chirikov	Chirikov
/wiki/James_Cook_University	James Cook University
/wiki/Mikhail_Lazarev	Lazarev
/wiki/Allen_Young	Young
/wiki/Knud_Rasmussen	Rasmussen
/wiki/David_Samwell	David Samwell
/wiki/Alexey_Tryoshnikov	Tryoshnikov
/wiki/Space_Shuttle_Endeavour	Space Shuttle Endeavour
/wiki/Gerald_Ketchum	Ketchum
/wiki/James_Cook_(disambiguation)	James Cook (disambiguation)
/wiki/Zarya_(polar_ship)	Zarya
/wiki/Matvei_Gedenschtrom	Gedenschtrom
/wiki/Alexander_Buchan_(artist)	Alexander Buchan
/wiki/Internet_Archive	Internet Archive
/wiki/James_Wolfe	General Wolfe
/wiki/Vivian_Fuchs	V. Fuchs
/wiki/Mir_(submersible)	Mir submersibles
/wiki/William_Bayly	William Bayly
/wiki/Robert_Bartlett_(explorer)	Bartlett
/wiki/Richard_Kirwan	Richard Kirwan
/wiki/River_Tyne	Tyne
/wiki/Government_of_New_South_Wales	Government of New South Wales
/wiki/Hawaiian_Islands	Hawaiian Archipelago
/wiki/Yakov_Gakkel	Gakkel
/wiki/Charles_Hatchett	Charles Hatchett
/wiki/Jonas_Poole	Poole
/wiki/Kidnapping_of_Kalani%CA%BB%C5%8Dpu%CA%BBu_by_Captain_James_Cook	Kidnapping of Kalaniʻōpuʻu by Captain James Cook
/wiki/William_Hamilton_(diplomat)	William Hamilton
/wiki/Tobias_Furneaux	Furneaux
/wiki/Cape_Horn	Cape Horn
/wiki/William_Roy	William Roy
/wiki/Boris_Vilkitsky	Vilkitsky
/wiki/Operation_Highjump	Operation Highjump
/wiki/Miguel_Corte-Real	M. Corte-Real
/wiki/Cook_Strait	Cook Strait
/wiki/Indigenous_Australians	indigenous Australians
/wiki/Norge_(airship)	Airship Norge
/wiki/Maria_Klenova	Klenova
/wiki/Aviaarktika	Aviaarktika
/wiki/Baltic_Sea	Baltic Sea
/wiki/John_Ellis_(naturalist)	John Ellis
/wiki/Cook_Inlet	Cook Inlet
/wiki/LIBRIS	SELIBR
/wiki/Albert_P._Crary	Crary
/wiki/Tom_Crean_(explorer)	Crean
/wiki/Trigonometry	trigonometry
/wiki/Townsville	Townsville
/wiki/Louis_Palander	Palander
/wiki/HMS_Investigator_(1848)	HMS Investigator
/wiki/Staithes	Staithes
/wiki/John_Cabot	Cabot
/wiki/Surveying	surveying
/wiki/Alan_Villiers	Villiers, Alan
/wiki/Death_of_Cook	Death of Cook
/wiki/Jameson_Adams	Adams
/wiki/Kalaimanokaho%CA%BBowaha	Kalaimanokahoʻowaha
/wiki/South_Georgia_and_the_South_Sandwich_Islands	South Sandwich Islands
/wiki/Ilya_Perfilyev	Perfilyev
/wiki/William_Kennedy_(explorer)	Kennedy
/wiki/Danish_colonization_of_the_Americas	Danish colonization
/wiki/The_Death_of_Captain_James_Cook_(Zoffany)	The Death of Captain James Cook, 14 February 1779
/wiki/Nikolay_Urvantsev	Urvantsev
/wiki/Ranulph_Fiennes	Fiennes
/wiki/Pyotr_Shirshov	Shirshov
/wiki/Hans_Egede	Egede
/wiki/Anthony_de_la_Roch%C3%A9	Anthony de la Roché
/wiki/Valery_Chkalov	Chkalov
/wiki/Stepan_Malygin	Malygin
/wiki/Pocket_watch	pocket watch
/wiki/HMS_Griper_(1813)	HMS Griper
/wiki/New_Caledonia	New Caledonia
/wiki/Voyage_of_the_James_Caird	James Caird
/wiki/William_Brownrigg	William Brownrigg
/wiki/Astronomy	astronomy
/wiki/Cape_Ray	Cape Ray
/wiki/Thomas_Simpson_(explorer)	Simpson
/wiki/Vladimir_Voronin_(captain)	Voronin
/wiki/Olav_Bjaaland	Bjaaland
/wiki/Royal_Society	Royal Society
/wiki/Marton,_Middlesbrough	Marton
/wiki/Nathaniel_Dance-Holland	Nathaniel Dance-Holland
/wiki/Robert_Falcon_Scott	Scott
/wiki/HM_Bark_Endeavour	HM Bark Endeavour
/wiki/Noble_savage	noble savage
/wiki/Airship_Italia	Airship Italia
/wiki/Transglobe_Expedition	Transglobe Expedition
/wiki/List_of_places_named_after_Captain_James_Cook	List of places named after Captain James Cook
/wiki/Shadwell	Shadwell
