/wiki/Walt_Disney	Walt Disney
/wiki/The_Little_Mermaid_II:_Return_to_the_Sea	The Little Mermaid II: Return to the Sea
/wiki/Animation_Magazine	Animation Magazine
/wiki/ESPN	ESPN
/wiki/Disney%27s_Grand_Californian_Hotel_%26_Spa	Grand Californian Hotel
/wiki/The_Walt_Disney_Family_Museum	The Walt Disney Family Museum
/wiki/Alexandre_Mnouchkine	Alexandre Mnouchkine
/wiki/Thurl_Ravenscroft	Thurl Ravenscroft
/wiki/Disney_Store	Disney Store
/wiki/Who_Killed_Cock_Robin%3F_(1935_film)	Who Killed Cock Robin?
/wiki/Glendale,_California	Glendale, California
/wiki/Find_a_Grave	Find a Grave
/wiki/Walt_Disney_Pictures	Walt Disney Pictures
/wiki/Sidney_Lumet	Sidney Lumet
/wiki/Shoeshine_(film)	Shoeshine
/wiki/Peggy_Ann_Garner	Peggy Ann Garner
/wiki/Winter_(1930_film)	Winter
/wiki/The_March_of_Time	The March of Time
/wiki/Disneynature	Disneynature
/wiki/Mulan_(1998_film)	Mulan
/wiki/Walt_Disney_Creative_Entertainment	Walt Disney Creative Entertainment
/wiki/Palm_Springs,_California	Palm Springs, California
/wiki/Albert_R._Broccoli	Albert R. Broccoli
/wiki/So_Dear_to_My_Heart	So Dear to My Heart
/wiki/Conrad_Nagel	Conrad Nagel
/wiki/Alice_Comedies	Alice Comedies
/wiki/Serge_Silberman	Serge Silberman
/wiki/Bolt_(2008_film)	Bolt
/wiki/Gena_Rowlands	Gena Rowlands
/wiki/El_Terrible_Toreador	El Terrible Toreador
/wiki/Gordon_Jennings	Gordon Jennings
/wiki/Albert_E._Smith_(producer)	Albert E. Smith
/wiki/Three_Orphan_Kittens	Three Orphan Kittens
/wiki/Margaret_O%27Brien	Margaret O'Brien
/wiki/Donald_Duck	Donald Duck
/wiki/Walt_Disney_anthology_television_series	Walt Disney anthology television series
/wiki/Alex_North	Alex North
/wiki/Alice_in_Wonderland_(1951_film)	Alice in Wonderland
/wiki/Lucille_Ball	Lucille Ball
/wiki/Roger_Mobley	Roger Mobley
/wiki/Marvel_Studios	Marvel Studios
/wiki/Jacques_Dutronc	Jacques Dutronc
/wiki/Anthony_Hopkins	Anthony Hopkins
/wiki/Ralph_Bellamy	Ralph Bellamy
/wiki/Nine_Old_Men	Nine Old Men
/wiki/Columbia_Pictures	Columbia Pictures
/wiki/Toy_Story	Toy Story
/wiki/Claude_Rich	Claude Rich
/wiki/Jacques_Tati	Jacques Tati
/wiki/Yiddish_language	Yiddish
/wiki/Bureau_of_Aeronautics	Bureau of Aeronautics
/wiki/Bob_Hope	Bob Hope
/wiki/Irish-Canadian	Irish-Canadian
/wiki/Cinderella_III:_A_Twist_in_Time	Cinderella III: A Twist in Time
/wiki/Jack_L._Warner	Jack L. Warner
/wiki/Elia_Kazan	Elia Kazan
/wiki/Jack_Wrather	Jack Wrather
/wiki/Lady_and_the_Tramp_II:_Scamp%27s_Adventure	Lady and the Tramp II: Scamp's Adventure
/wiki/David_O._Selznick	David O. Selznick
/wiki/Return_to_Never_Land	Return to Never Land
/wiki/Tinker_Bell_and_the_Great_Fairy_Rescue	Tinker Bell and the Great Fairy Rescue
/wiki/Television_Hall_of_Fame	Television Hall of Fame
/wiki/Three_Little_Wolves_(film)	Three Little Wolves
/wiki/Mickey%27s_Twice_Upon_a_Christmas	Mickey's Twice Upon a Christmas
/wiki/Playful_Pan	Playful Pan
/wiki/Charles_Aznavour	Charles Aznavour
/wiki/Buddy_Adler	Buddy Adler
/wiki/Sam_Spiegel	Sam Spiegel
/wiki/Paul_Pressler	Paul Pressler
/wiki/70mm	70mm
/wiki/The_Reluctant_Dragon_(film)	The Reluctant Dragon
/wiki/David_Hilberman	David Hilberman
/wiki/Pickaninny	pickaninny
/wiki/Moana_(2016_film)	Moana
/wiki/Buster_Keaton	Buster Keaton
/wiki/Bicycle_Thieves	The Bicycle Thief
/wiki/The_Country_Cousin	The Country Cousin
/wiki/Elizabeth_Taylor	Elizabeth Taylor
/wiki/King_Neptune_(film)	King Neptune
/wiki/Richard_Fleischer	Richard Fleischer
/wiki/Kirk_Douglas	Kirk Douglas
/wiki/Hal_B._Wallis	Hal B. Wallis
/wiki/Recess:_All_Growed_Down	Recess: All Growed Down
/wiki/Norman_Jewison	Norman Jewison
/wiki/Dumbo	Dumbo
/wiki/Disneyland_Records	Disneyland Records
/wiki/Lyudmila_Karachkina	Lyudmila Karachkina
/wiki/Pooh%27s_Grand_Adventure:_The_Search_for_Christopher_Robin	Pooh's Grand Adventure: The Search for Christopher Robin
/wiki/Eddie_Cantor	Eddie Cantor
/wiki/Ren%C3%A9_Goscinny	René Goscinny
/wiki/Raimu	Raimu
/wiki/John_Wayne	John Wayne
/wiki/Robert_B._Sherman	Robert B. Sherman
/wiki/William_J._Tuttle	William J. Tuttle
/wiki/Tinker_Bell_(film)	Tinker Bell
/wiki/Hercules:_Zero_to_Hero	Hercules: Zero to Hero
/wiki/Burbank,_California	Burbank
/wiki/Rashomon	Rashomon
/wiki/Santa%27s_Workshop_(film)	Santa's Workshop
/wiki/Greta_Garbo	Greta Garbo
/wiki/Animatronic	Animatronic
/wiki/Zootopia	Zootopia
/wiki/Tangled	Tangled
/wiki/Joe_Grant	Joe Grant
/wiki/House_Un-American_Activities_Committee	House Un-American Activities Committee
/wiki/The_Pirate_Fairy	The Pirate Fairy
/wiki/Ingrid_Bergman	Ingrid Bergman
/wiki/Technicolor	Technicolor
/wiki/Gene_Kelly	Gene Kelly
/wiki/Walt_Disney_Studios_Home_Entertainment	Home Entertainment
/wiki/Jean_Marais	Jean Marais
/wiki/Antisemitism	antisemitic
/wiki/Herbert_Ryman	Herbert Ryman
/wiki/UTV_Software_Communications	UTV Software Communications
/wiki/Traditional_animation	traditional hand-drawn animated
/wiki/Harrison_Ford	Harrison Ford
/wiki/Kansas_City_Times	Kansas City Times
/wiki/Anaheim_walk_of_stars	Anaheim walk of stars
/wiki/Robert_Redford	Robert Redford
/wiki/Fred_Harman	Fred Harman
/wiki/Gargoyles_the_Movie:_The_Heroes_Awaken	Gargoyles the Movie: The Heroes Awaken
/wiki/Roy_E._Disney	Roy E. Disney
/wiki/DMOZ	DMOZ
/wiki/Snow_White_and_the_Seven_Dwarfs	Snow White and the Seven Dwarfs
/wiki/Sierra_Nevada_(US)	Sierra Nevada
/wiki/Monsieur_Vincent	Monsieur Vincent
/wiki/Robert_F._Boyle	Robert F. Boyle
/wiki/Len_Cariou	Len Cariou
/wiki/William_Garity	William Garity
/wiki/Diana_Ross	Diana Ross
/wiki/Disney_Renaissance	Disney Renaissance
/wiki/Al_Michaels	Al Michaels
/wiki/Disney%27s_Fastpass	Fastpass
/wiki/The_Kansas_City_Star	The Kansas City Star
/wiki/Computer_animation	computer animated
/wiki/Adventures_by_Disney	Adventures by Disney
/wiki/Pixar	Pixar
/wiki/Judith_Estrin	Judith Estrin
/wiki/Buena_Vista_(brand)	Buena Vista
/wiki/William_Nicholas_Selig	William Nicholas Selig
/wiki/Merbabies	Merbabies
/wiki/Harold_Russell	Harold Russell
/wiki/Jeremy_Irons	Jeremy Irons
/wiki/Brother_Bear	Brother Bear
/wiki/G%C3%A9rard_Oury	Gérard Oury
/wiki/Bob_Iger	Bob Iger
/wiki/Greg_Emmer	Greg Emmer
/wiki/Walter_Mirisch	Walter Mirisch
/wiki/Amusement_park	amusement park
/wiki/Margaret_Booth	Margaret Booth
/wiki/The_Many_Adventures_of_Winnie_the_Pooh	The Many Adventures of Winnie the Pooh
/wiki/Academy_of_Motion_Picture_Arts_and_Sciences	Academy of Motion Picture Arts and Sciences
/wiki/Downtown_Disney	Downtown Disney
/wiki/Al_Pacino	Al Pacino
/wiki/Ralph_Morgan	Ralph Morgan
/wiki/Julius_the_Cat	Julius the Cat
/wiki/Orlando,_Florida	Orlando
/wiki/Quentin_Tarantino	Quentin Tarantino
/wiki/Ernst_Lubitsch	Ernst Lubitsch
/wiki/Lullaby_Land_(film)	Lullaby Land
/wiki/Goofy	Goofy
/wiki/The_Big_Bad_Wolf_(film)	The Big Bad Wolf
/wiki/Willy_Schaeffler	Willy Schaeffler
/wiki/David_Brown_(producer)	David Brown
/wiki/Johnny_Depp	Johnny Depp
/wiki/Frank_Sinatra	Frank Sinatra
/wiki/Mighty_Ducks_the_Movie:_The_First_Face-Off	Mighty Ducks the Movie: The First Face-Off
/wiki/Disney_Theatrical_Group	Disney Theatrical Group
/wiki/Silver_Lake,_Los_Angeles	Silver Lake district
/wiki/Father_Noah%27s_Ark	Father Noah's Ark
/wiki/Ralph_Block	Ralph Block
/wiki/Buena_Vista_Distribution	Buena Vista Distribution
/wiki/Billy_Wilder	Billy Wilder
/wiki/German-American	German
/wiki/The_Clock_Store	The Clock Store
/wiki/Arctic_Antics	Arctic Antics
/wiki/Peter_O%27Toole	Peter O'Toole
/wiki/The_Goddess_of_Spring	The Goddess of Spring
/wiki/B%27nai_B%27rith	B'nai B'rith
/wiki/Cynthia_Harriss	Cynthia Harriss
/wiki/Motion_Picture_%26_Television_Fund	Motion Picture Relief Fund
/wiki/Gene_Hackman	Gene Hackman
/wiki/The_Gallopin%27_Gaucho	The Gallopin' Gaucho
/wiki/Kenneth_Grahame	Kenneth Grahame
/wiki/The_Blade_(Toledo)	The Blade
/wiki/Bell_%26_Howell	Bell & Howell Company
/wiki/Samurai_I:_Musashi_Miyamoto	Samurai I: Musashi Miyamoto
/wiki/Groucho_Marx	Groucho Marx
/wiki/Ed_Grier	Ed Grier
/wiki/Robin_Hood_(1973_film)	Robin Hood
/wiki/Alain_Poir%C3%A9	Alain Poiré
/wiki/Friz_Freleng	Friz Freleng
/wiki/Walt_Disney_(film)	Walt Disney (2015 PBS film)
/wiki/Old_Yeller_(1957_film)	Old Yeller
/wiki/Museum_of_Modern_Art	Museum of Modern Art Department of Film
/wiki/EPCOT_Center	EPCOT Center
/wiki/Judy_Garland	Judy Garland
/wiki/Woodland_Caf%C3%A9	Woodland Café
/wiki/Marcel_Pagnol	Marcel Pagnol
/wiki/Beauty_and_the_Beast_(1991_film)	Beauty and the Beast
/wiki/Disney_family	Disney family
/wiki/Felix_the_Cat	Felix the Cat
/wiki/Christian-Jaque	Christian-Jaque
/wiki/The_Opry_House	The Opry House
/wiki/Snow_White	Snow White
/wiki/Kate_Winslet	Kate Winslet
/wiki/Major_film_studios	major film studios
/wiki/Fusion_(TV_channel)	Fusion
/wiki/NASA	NASA
/wiki/Kansas_City_Art_Institute	Kansas City Art Institute
/wiki/Ivan_R._Dee	Dee, Ivan R.
/wiki/California_Institute_of_the_Arts	California Institute of the Arts
/wiki/ABC_Entertainment	ABC Entertainment Group
/wiki/World%27s_fair	world's fair
/wiki/Orin_C._Smith	Orin C. Smith
/wiki/Appeal_to_Reason_(newspaper)	Appeal to Reason
/wiki/Richard_D._Zanuck	Richard D. Zanuck
/wiki/Honorary_C%C3%A9sar	Honorary César
/wiki/League_of_Nations	League of Nations
/wiki/Hollywood_Walk_of_Fame	Hollywood Walk of Fame
/wiki/Robert_Mitchum	Robert Mitchum
/wiki/Hayao_Miyazaki	Hayao Miyazaki
/wiki/Secret_of_the_Wings	Secret of the Wings
/wiki/Belle%27s_Magical_World	Belle's Magical World
/wiki/Dinosaur_(film)	Dinosaur
/wiki/Tom_Hanks	Tom Hanks
/wiki/Theme_park	theme park
/wiki/The_Little_Mermaid_(1989_film)	The Little Mermaid
/wiki/Recess:_School%27s_Out	Recess: School's Out
/wiki/Mickey_Mouse	Voice of Mickey Mouse
/wiki/Leroy_%26_Stitch	Leroy & Stitch
/wiki/Der_Fuehrer%27s_Face	Der Fuehrer's Face
/wiki/Jon_Whiteley	Jon Whiteley
/wiki/Clint_Eastwood	Clint Eastwood
/wiki/20th_Century_Fox	20th Century-Fox Film Corporation
/wiki/Ub_Iwerks	Ub Iwerks
/wiki/CFO	CFO
/wiki/Jean_Hersholt	Jean Hersholt
/wiki/Walt_Disney_(disambiguation)	Walt Disney (disambiguation)
/wiki/Trade_union	labor union
/wiki/Darry_Cowl	Darry Cowl
/wiki/Disney_Media_Networks	Media Networks
/wiki/Happiest_Homecoming_on_Earth	Happiest Homecoming on Earth
/wiki/Beauty_and_the_Beast:_The_Enchanted_Christmas	Beauty and the Beast: The Enchanted Christmas
/wiki/Marcello_Mastroianni	Marcello Mastroianni
/wiki/Los_Angeles_Conservatory_of_Music	Los Angeles Conservatory of Music
/wiki/To_Kill_a_Mockingbird_(film)	To Kill a Mockingbird
/wiki/Brother_Bear_2	Brother Bear 2
/wiki/Society_of_Motion_Picture_and_Television_Engineers	Society of Motion Picture and Television Engineers
/wiki/Lilo_%26_Stitch_2:_Stitch_Has_a_Glitch	Lilo & Stitch 2: Stitch Has a Glitch
/wiki/Michelin	Michelin
/wiki/Ren%C3%A9_Cl%C3%A9ment	René Clément
/wiki/Pat_Powers_(businessman)	Pat Powers
/wiki/Santa_Ana_Freeway	Santa Ana Freeway
/wiki/Rotten_Tomatoes	Rotten Tomatoes
/wiki/Illinois	Illinois
/wiki/County_Kilkenny	County Kilkenny
/wiki/Three_Little_Pigs_(film)	Three Little Pigs
/wiki/The_Little_Mermaid:_Ariel%27s_Beginning	The Little Mermaid: Ariel's Beginning
/wiki/Manuel_B._Gonnet	Manuel B. Gonnet
/wiki/The_Ugly_Duckling_(1939_film)	The Ugly Duckling
/wiki/Tarzan_II	Tarzan II
/wiki/Circulatory_collapse	circulatory collapse
/wiki/Big_Hero_6_(film)	Big Hero 6
/wiki/Edwige_Feuill%C3%A8re	Edwige Feuillère
/wiki/Elias_Disney	Elias Disney
/wiki/La_Plata	La Plata
/wiki/Steve_Martin	Steve Martin
/wiki/Voluntears	Voluntears
/wiki/Once_Upon_a_Halloween	Once Upon a Halloween
/wiki/Technicolor_SA	Technicolor Company
/wiki/The_Three_Little_Pigs_(film)	The Three Little Pigs
/wiki/Hal_Roach	Hal Roach
/wiki/WorldCat	WorldCat
/wiki/Shanghai_Disney_Resort	Shanghai Disney Resort
/wiki/Bambi_II	Bambi II
/wiki/List_of_Disney_theatrical_animated_features	Disney theatrical animated features
/wiki/Joseph_Breen	Joseph Breen
/wiki/Hal_Needham	Hal Needham
/wiki/Walt_Disney_World	Walt Disney World
/wiki/ABC_Owned_Television_Stations	ABC TV Stations
/wiki/Avalanche_Software	Avalanche Software
/wiki/Max_Fleischer	Max Fleischer
/wiki/Robin_Williams	Robin Williams
/wiki/Chain_smoking	chain smoker
/wiki/Charles_Vanel	Charles Vanel
/wiki/Fps_magazine	fps magazine
/wiki/Springer_Science%2BBusiness_Media	Springer Science+Business Media
/wiki/Harry_Warner	Harry Warner
/wiki/Cel	cel
/wiki/Stanford_Research_Institute	Stanford Research Institute
/wiki/Lucasfilm	Lucasfilm
/wiki/Mervyn_LeRoy	Mervyn LeRoy
/wiki/The_Walt_Disney_Company_(India)	The Walt Disney Company (India)
/wiki/Saludos_Amigos	Saludos Amigos
/wiki/Disneyland_Resort	Disneyland Resort
/wiki/Chicken_Little_(2005_film)	Chicken Little
/wiki/Darryl_F._Zanuck	Darryl F. Zanuck
/wiki/Summer_(1930_film)	Summer
/wiki/The_Busy_Beavers	The Busy Beavers
/wiki/Lillian_Disney	Lillian's
/wiki/Edward_G._Robinson	Edward G. Robinson
/wiki/Georges_de_Beauregard	Georges de Beauregard
/wiki/One_Hour_in_Wonderland	One Hour in Wonderland
/wiki/Richard_Wagner	Wagner
/wiki/Blake_Edwards	Blake Edwards
/wiki/Enchanted_(film)	Enchanted
/wiki/Water_Babies_(1935_film)	Water Babies
/wiki/A_Very_Merry_Pooh_Year	A Very Merry Pooh Year
/wiki/Cinderella_II:_Dreams_Come_True	Cinderella II: Dreams Come True
/wiki/Jimmy_MacDonald_(sound_effects_artist)	Jimmy MacDonald
/wiki/Sid_Grauman	Sid Grauman
/wiki/Bugs_Bunny	Bugs Bunny
/wiki/The_Cookie_Carnival	The Cookie Carnival
/wiki/E_ticket	E ticket
/wiki/McFarland_%26_Company	McFarland & Company
/wiki/Chicago,_Illinois	Chicago, Illinois
/wiki/The_Spider_and_the_Fly_(1931_film)	The Spider and the Fly
/wiki/Ingmar_Bergman	Ingmar Bergman
/wiki/Pooh%27s_Heffalump_Movie	Pooh's Heffalump Movie
/wiki/George_Lucas	George Lucas
/wiki/Mickey_Mouse	Mickey Mouse
/wiki/The_Hunchback_of_Notre_Dame_II	The Hunchback of Notre Dame II
/wiki/Disney%27s_PhotoPass	PhotoPass
/wiki/The_Skeleton_Dance	The Skeleton Dance
/wiki/American_Computer_Museum	American Computer Museum
/wiki/Mickey%27s_Magical_Christmas:_Snowed_in_at_the_House_of_Mouse	Mickey's Magical Christmas: Snowed in at the House of Mouse
/wiki/Egyptian_Melodies	Egyptian Melodies
/wiki/Walter_Wanger	Walter Wanger
/wiki/Anouk_Aim%C3%A9e	Anouk Aimée
/wiki/Cock_o%27_the_Walk_(1935_film)	Cock o' the Walk
/wiki/American_Experience	American Experience
/wiki/The_Cat%27s_Out	The Cat's Out
/wiki/Hercules_(1997_film)	Hercules
/wiki/Disneyland_Hotel_(California)	Disneyland Hotel
/wiki/Susan_Arnold	Susan Arnold
/wiki/Disney%E2%80%93ABC_Television_Group	Disney–ABC TV Group
/wiki/Roy_O._Disney	Roy Oliver Disney
/wiki/DisneyToon_Studios	DisneyToon Studios
/wiki/Aladdin_and_the_King_of_Thieves	Aladdin and the King of Thieves
/wiki/James_Earl_Jones	James Earl Jones
/wiki/The_Jungle_Book_(1967_film)	The Jungle Book
/wiki/Mother_Goose_Melodies	Mother Goose Melodies
/wiki/Roy_O._Disney	Roy O. Disney
/wiki/Neal_Gabler	Neal Gabler
/wiki/Yakima_Canutt	Yakima Canutt
/wiki/Ray_Stark	Ray Stark
/wiki/Louis_Mesenkop	Louis Mesenkop
/wiki/NBC_Universal	NBC Universal
/wiki/Alfred_Hitchcock	Alfred Hitchcock
/wiki/The_Golden_Touch_(film)	The Golden Touch
/wiki/Herbert_Kalmus	Herbert Kalmus
/wiki/Maureen_O%27Hara	Maureen O'Hara
/wiki/Joe_Fowler	Joe Fowler
/wiki/Music_Land	Music Land
/wiki/Planes_(film)	Planes
/wiki/Disney_Mobile	Disney Mobile
/wiki/Huron_County,_Ontario	Huron County, Ontario
/wiki/Mickey%27s_House_of_Villains	Mickey's House of Villains
/wiki/Disney.com	Disney Online
/wiki/Retlaw_Enterprises	Retlaw Enterprises
/wiki/RCA	RCA Manufacturing Company
/wiki/Josiane_Balasko	Josiane Balasko
/wiki/East_Coast_of_the_United_States	East Coast
/wiki/Claude_Lanzmann	Claude Lanzmann
/wiki/The_Parent_Trap_(1961_film)	The Parent Trap
/wiki/No%C3%ABl_Coward	Noël Coward
/wiki/Saul_Zaentz	Saul Zaentz
/wiki/Henri_Verneuil	Henri Verneuil
/wiki/Old_King_Cole_(film)	Old King Cole
/wiki/The_Bird_Store	The Bird Store
/wiki/Tarzan_%26_Jane	Tarzan & Jane
/wiki/RKO_Radio_Pictures	RKO Radio Pictures
/wiki/Norton_Disney	Norton Disney
/wiki/Acron,_Florida	Acron, Florida
/wiki/Burbank,_California	Burbank, California
/wiki/John_Chambers_(make-up_artist)	John Chambers
/wiki/Hugh_Grant	Hugh Grant
/wiki/Marc_Davis_(animator)	Marc Davis
/wiki/Wilfred_Jackson	Wilfred Jackson
/wiki/Jean-Luc_Godard	Jean-Luc Godard
/wiki/Hollywood	Hollywood
/wiki/Doris_Day	Doris Day
/wiki/Roger_E._Broggie	Roger E. Broggie
/wiki/Farmyard_Symphony_(film)	Farmyard Symphony
/wiki/The_Three_Caballeros	The Three Caballeros
/wiki/The_Fox_Hunt_(1931_film)	The Fox Hunt
/wiki/List_of_Academy_Awards_for_Walt_Disney	List of Academy Awards for Walt Disney
/wiki/US_Army	US Army
/wiki/Floyd_Norman	Floyd Norman
/wiki/Mother_Goose_Goes_Hollywood	Mother Goose Goes Hollywood
/wiki/Jan_Domela	Jan Domela
/wiki/Richard_Harding_Davis	Richard Harding Davis
/wiki/Disneyland	Disneyland
/wiki/Disney_Publishing_Worldwide	Disney Editions
/wiki/Merian_C._Cooper	Merian C. Cooper
/wiki/Tinker_Bell_and_the_Lost_Treasure	Tinker Bell and the Lost Treasure
/wiki/Bob_Cummings	Bob Cummings
/wiki/B._B._Kahane	B. B. Kahane
/wiki/John_Calley	John Calley
/wiki/Lincoln,_England	Lincoln
/wiki/The_Great_Mouse_Detective	The Great Mouse Detective
/wiki/The_Jungle_Book_2	The Jungle Book 2
/wiki/Carl_Stalling	Carl Stalling
/wiki/Pete%27s_Dragon	Pete's Dragon
/wiki/Disney_Interactive_Studios	Disney Interactive Studios
/wiki/Michael_Kidd	Michael Kidd
/wiki/Mother_Pluto	Mother Pluto
/wiki/Emmy_Award	Emmy Awards
/wiki/MusicBrainz	MusicBrainz
/wiki/Jack_Cutting_(animator)	Jack Cutting
/wiki/Charlie_Chaplin	Charlie Chaplin
/wiki/USA_Today	USA Today
/wiki/The_Aristocats	The Aristocats
/wiki/Lee_de_Forest	Lee de Forest
/wiki/Eli_Wallach	Eli Wallach
/wiki/Forest_Lawn_Memorial_Park_(Glendale)	Forest Lawn Memorial Park
/wiki/Douglas_Fairbanks	Douglas Fairbanks
/wiki/Silly_Symphonies	Silly Symphonies
/wiki/Pirates_of_the_Caribbean_(attraction)	Pirates of the Caribbean
/wiki/DuckTales_the_Movie:_Treasure_of_the_Lost_Lamp	DuckTales the Movie: Treasure of the Lost Lamp
/wiki/Academy_Honorary_Award	Academy Honorary Award
/wiki/Ward_Kimball	Ward and Betty Kimball
/wiki/William_Wyler	William Wyler
/wiki/Hayley_Mills	Hayley Mills
/wiki/Jerome_Robbins	Jerome Robbins
/wiki/Fred_Coe	Fred Coe
/wiki/The_Practical_Pig	The Practical Pig
/wiki/Chicago	Chicago
/wiki/Jackie_Gleason	Jackie Gleason
/wiki/Museum_of_Modern_Art_Department_of_Film	Museum of Modern Art Film Library
/wiki/Jack_Lemmon	Jack Lemmon
/wiki/Red_Skelton	Red Skelton
/wiki/Metro-Goldwyn-Mayer	Metro-Goldwyn-Mayer
/wiki/Leni_Riefenstahl	Leni Riefenstahl
/wiki/Great_Moments_with_Mr._Lincoln	Great Moments with Mr. Lincoln
/wiki/Daniel_J._Bloomberg	Daniel J. Bloomberg
/wiki/List_of_Disney_home_entertainment	Disney home entertainment animated features
/wiki/Nathan_Levinson	Nathan Levinson
/wiki/The_Muppets_Studio	The Muppets Studio
/wiki/Stanley_Kramer	Stanley Kramer
/wiki/Sleeping_Beauty_(1959_film)	Sleeping Beauty
/wiki/Lillian_Gish	Lillian Gish
/wiki/The_Robber_Kitten	The Robber Kitten
/wiki/The_Night_Before_Christmas_(1933_film)	The Night Before Christmas
/wiki/James_Baskett	James Baskett
/wiki/Akira_Kurosawa	Akira Kurosawa
/wiki/Shirley_Temple	Shirley Temple
/wiki/Marceline,_Missouri	Marceline, Missouri
/wiki/Disney_Princess_Enchanted_Tales:_Follow_Your_Dreams	Disney Princess Enchanted Tales: Follow Your Dreams
/wiki/Lady_and_the_Tramp	Lady and the Tramp
/wiki/The_Tortoise_and_the_Hare_(film)	The Tortoise and the Hare
/wiki/The_Pied_Piper_(1933_film)	The Pied Piper
/wiki/Sidney_Franklin_(director)	Sidney Franklin
/wiki/Herbert_Sorrell	Herbert Sorrell
/wiki/The_Ballad_of_Davy_Crockett	The Ballad of Davy Crockett
/wiki/One_Hundred_and_One_Dalmatians	One Hundred and One Dalmatians
/wiki/Pandro_S._Berman	Pandro S. Berman
/wiki/Virginia_Davis	Virginia Davis
/wiki/Robert_Wise	Robert Wise
/wiki/The_Walt_Disney_Company_Italy	The Walt Disney Company Italy
/wiki/Alan_N._Braverman	Alan N. Braverman
/wiki/Hyperion_Books	Hyperion Books
/wiki/Disney_characters	Disney characters
/wiki/Frozen_(2013_film)	Frozen
/wiki/Cecil_B._DeMille_Award	Cecil B. DeMille Award
/wiki/Disneyland_Paris	Disneyland Paris
/wiki/Mickey_Rooney	Mickey Rooney
/wiki/Cutout_animation	cutout animation
/wiki/Walt_Disney_Animation_Studios	Walt Disney
Animation Studios
/wiki/Office_of_the_Coordinator_of_Inter-American_Affairs	Office of the Coordinator of Inter-American Affairs
/wiki/Holmby_Hills	Holmby Hills
/wiki/Deanna_Durbin	Deanna Durbin
/wiki/List_of_Academy_Award_records	List of Academy Award records
/wiki/Playdom	Playdom
/wiki/Walt_Disney_Animation_Studios	Walt Disney Animation Studios
/wiki/Lawrence_Turman	Lawrence Turman
/wiki/Kevin_Brownlow	Kevin Brownlow
/wiki/Richard_M._Sherman	Sherman, Richard M.
/wiki/The_Walt_Disney_Company	The Walt Disney Company
/wiki/Jean-Claude_Carri%C3%A8re	Jean-Claude Carrière
/wiki/Reedy_Creek_Energy_Services	Reedy Creek Energy
/wiki/An_Extremely_Goofy_Movie	An Extremely Goofy Movie
/wiki/Roger_Corman	Roger Corman
/wiki/Steamboat_Willie	Steamboat Willie
/wiki/Mulan_II	Mulan II
/wiki/Cobalt_therapy	cobalt therapy
/wiki/CBS_News	CBS News
/wiki/Disney_animators%27_strike	went on strike
/wiki/George_Kirke_Spoor	George Kirke Spoor
/wiki/The_Tigger_Movie	The Tigger Movie
/wiki/Anaheim,_California	Anaheim, California
/wiki/Three_Blind_Mouseketeers	Three Blind Mouseketeers
/wiki/Hell%27s_Bells_(1929_film)	Hell's Bells
/wiki/Jerry_Wald	Jerry Wald
/wiki/Jack_Wagner_(announcer)	Jack Wagner
/wiki/Jean_Rochefort	Jean Rochefort
/wiki/Ministry_of_Information_(United_Kingdom)	British Ministry of Information
/wiki/Woody_Allen	Woody Allen
/wiki/Planes:_Fire_%26_Rescue	Planes: Fire & Rescue
/wiki/King_Vidor	King Vidor
/wiki/Disney_Music_Group	Disney Music Group
/wiki/Walt_Disney_anthology_series	weekly anthology series
/wiki/Victory_Through_Air_Power_(film)	Victory Through Air Power
/wiki/Ben_Sharpsteen	Ben Sharpsteen
/wiki/Walt_Disney_Studios_(Burbank)	Walt Disney Studios
/wiki/William_the_Conqueror	William the Conqueror
/wiki/Gordon_Willis	Gordon Willis
/wiki/Paul_Frees	Paul Frees
/wiki/Blackface	blackface
/wiki/Treasure_Island_(1950_film)	Treasure Island
/wiki/National_Film_Board_of_Canada	National Film Board of Canada
/wiki/Andrzej_Wajda	Andrzej Wajda
/wiki/Springtime_(1929_film)	Springtime
/wiki/The_China_Plate	The China Plate
/wiki/Hulu	Hulu
/wiki/Saving_Mr._Banks	Saving Mr. Banks
/wiki/Melody_Time	Melody Time
/wiki/Elmer_Elephant	Elmer Elephant
/wiki/Orson_Welles	Orson Welles
/wiki/The_Old_Mill	The Old Mill
/wiki/Moth_and_the_Flame	Moth and the Flame
/wiki/Agn%C3%A8s_Varda	Agnès Varda
/wiki/Bernard_Blier	Bernard Blier
/wiki/Disney_Regional_Entertainment	Disney Regional Entertainment
/wiki/Davy_Crockett_(miniseries)	Davy Crockett miniseries
/wiki/Barbara_Stanwyck	Barbara Stanwyck
/wiki/Ellis,_Kansas	Ellis, Kansas
/wiki/Babes_in_the_Woods	Babes in the Woods
/wiki/Fred_Langhammer	Fred Langhammer
/wiki/Synchronization	synchronization
/wiki/Burt_Gillett	Burt Gillett
/wiki/Walt_%E2%80%93_The_Man_Behind_the_Myth	Walt – The Man Behind the Myth
/wiki/Shirley_MacLaine	Shirley MacLaine
/wiki/Storyboard_artist	storyboard artists
/wiki/Soviet_Union	Soviet
/wiki/Olympia_(1938_film)	Olympia
/wiki/Hasidic_Jew	Hasidic Jew
/wiki/Adolph_Zukor	Adolph Zukor
/wiki/Pierre_Richard	Pierre Richard
/wiki/Neal_Gabler	Gabler, Neal
/wiki/Celebration,_Florida	Celebration, Florida
/wiki/Cultural_icon	cultural icon
/wiki/Michael_Broggie	Broggie, Michael
/wiki/Corey_Burton	Corey Burton
/wiki/Flip_the_Frog	Flip the Frog
/wiki/Ron_Dominguez	Ron Dominguez
/wiki/Home_on_the_Range_(2004_film)	Home on the Range
/wiki/Silly_Symphony	Silly Symphony
/wiki/George_Stevens,_Jr.	George Stevens, Jr.
/wiki/Will_Smith	Will Smith
/wiki/Backyard_railroad	backyard railroad
/wiki/Cartoonist	cartoonist
/wiki/Lilo_%26_Stitch	Lilo & Stitch
/wiki/Elias_Disney	Elias Charles Disney
/wiki/Onna_White	Onna White
/wiki/Mineral_King	Mineral King
/wiki/A_Goofy_Movie	A Goofy Movie
/wiki/The_China_Shop	The China Shop
/wiki/Jean_Carmet	Jean Carmet
/wiki/Birds_of_a_Feather_(1931_film)	Birds of a Feather
/wiki/Hermosa,_Chicago	Hermosa
/wiki/Sidney_Poitier	Sidney Poitier
/wiki/The_Lion_King_II:_Simba%27s_Pride	The Lion King II: Simba's Pride
/wiki/Arnold_Schwarzenegger	Arnold Schwarzenegger
/wiki/Mack_Sennett	Mack Sennett
/wiki/Kristallnacht	Kristallnacht
/wiki/Pluto_(dog)	Pluto
/wiki/Wayback_Machine	Wayback Machine
/wiki/Tarzan_(1999_film)	Tarzan
/wiki/Charles_Brackett	Charles Brackett
/wiki/George_Murphy	George Murphy
/wiki/Joan_Crawford	Joan Crawford
/wiki/The_Walt_Disney_Company_Latin_America	The Walt Disney Company Latin America
/wiki/The_Happiest_Millionaire	The Happiest Millionaire
/wiki/Abraham_Lincoln	Abraham Lincoln
/wiki/Claude_Jarman,_Jr.	Claude Jarman, Jr.
/wiki/LIBRIS	SELIBR
/wiki/Winnie_the_Pooh_and_the_Blustery_Day	Winnie the Pooh and the Blustery Day
/wiki/Son_of_Flubber	Son of Flubber
/wiki/The_Walt_Disney_Company_CIS	The Walt Disney Company CIS
/wiki/Pollyanna_(1960_film)	Pollyanna
/wiki/Cinephone	Cinephone
/wiki/Paul_Newman	Paul Newman
/wiki/ESPN_Inc.	ESPN Inc.
/wiki/Broncho_Billy_Anderson	Gilbert M. "Broncho Billy" Anderson
/wiki/Marcel_Carn%C3%A9	Marcel Carné
/wiki/Ski_resort	ski resort
/wiki/Maria_Shriver	Maria Shriver
/wiki/Carolwood_Pacific_Railroad	Carolwood Pacific Railroad
/wiki/California_Hall_of_Fame	California Hall of Fame
/wiki/Frolicking_Fish	Frolicking Fish
/wiki/Piglet%27s_Big_Movie	Piglet's Big Movie
/wiki/William_Garity	William E. Garity
/wiki/Marl%C3%A8ne_Jobert	Marlène Jobert
/wiki/Wreck-It_Ralph	Wreck-It Ralph
/wiki/Academy_Award_for_Animated_Short_Film	Academy Award for Best Short Subject: Cartoons
/wiki/United_States_Navy	Navy
/wiki/Dustin_Hoffman	Dustin Hoffman
/wiki/Steve_Allen	Steve Allen
/wiki/Peculiar_Penguins	Peculiar Penguins
/wiki/Disney_Television_Animation	Disney Television Animation
/wiki/Good_Neighbor_policy	Good Neighbor policy
/wiki/Hebrew_Orphan_Asylum_of_New_York	the Hebrew Orphan Asylum
/wiki/Disney_English	Disney English
/wiki/Howard_Hawks	Howard Hawks
/wiki/Myrna_Loy	Myrna Loy
/wiki/Ernest_Lehman	Ernest Lehman
/wiki/Warner_Bros.	Warner Bros.
/wiki/Polo	polo
/wiki/Providence_St._Joseph_Medical_Center	Providence St. Joseph Medical Center
/wiki/Plane_Crazy	Plane Crazy
/wiki/Charles_Mintz	Charles Mintz
/wiki/Michael_Douglas	Michael Douglas
/wiki/Disney	Disney
/wiki/Walt_Disney_Family_Museum	Walt Disney Family Museum
/wiki/Y._Frank_Freeman	Y. Frank Freeman
/wiki/Robert_De_Niro	Robert De Niro
/wiki/Jodie_Foster	Jodie Foster
/wiki/Barbra_Streisand	Barbra Streisand
/wiki/The_National_Endowment_for_the_Arts	National Endowment for the Arts
/wiki/The_Wise_Little_Hen	The Wise Little Hen
/wiki/Walt_Disney_(film)	Walt Disney (film)
/wiki/Georges_Cravenne	Georges Cravenne
/wiki/George_Pal	George Pal
/wiki/George_Clooney	George Clooney
/wiki/Orphan%27s_Benefit	Orphan's Benefit
/wiki/Monkey_Melodies	Monkey Melodies
/wiki/Disneyland,_Inc.	Disneyland, Inc.
/wiki/Aylwin_Lewis	Aylwin Lewis
/wiki/The_Lion_King_1%C2%BD	The Lion King 1½
/wiki/Minor_planet	minor planet
/wiki/Winnie_the_Pooh:_Seasons_of_Giving	Winnie the Pooh: Seasons of Giving
/wiki/Kronk%27s_New_Groove	Kronk's New Groove
/wiki/Jeanne_Moreau	Jeanne Moreau
/wiki/Joseph_E._Levine	Joseph E. Levine
/wiki/Denzel_Washington	Denzel Washington
/wiki/Sophia_Loren	Sophia Loren
/wiki/Danielle_Darrieux	Danielle Darrieux
/wiki/Laurence_Olivier	Laurence Olivier
/wiki/Park_City_Daily_News	Park City Daily News
/wiki/OCLC	OCLC
/wiki/Night_(1930_film)	Night
/wiki/Community_areas_in_Chicago	community area
/wiki/Just_Dogs	Just Dogs
/wiki/Lung_cancer	Lung cancer
/wiki/Disney_Channels_Worldwide	Disney Channel
/wiki/Bausch_%26_Lomb	Bausch & Lomb Optical Company
/wiki/Richard_Schickel	Schickel, Richard
/wiki/Tapulous	Tapulous
/wiki/Jack_Lindquist	Jack Lindquist
/wiki/Chouinard_Art_Institute	Chouinard Art Institute
/wiki/Dick_Smith_(make-up_artist)	Dick Smith
/wiki/Forbidden_Games	Forbidden Games
/wiki/The_Fox_and_the_Hound	The Fox and the Hound
/wiki/National_Audubon_Society	National Audubon Society
/wiki/Universal_Pictures	Universal Pictures
/wiki/Mary_Poppins_(film)	Mary Poppins
/wiki/1960_Winter_Olympics	1960 Winter Olympics
/wiki/Jean-Pierre_L%C3%A9aud	Jean-Pierre Léaud
/wiki/Maurice_Chevalier	Maurice Chevalier
/wiki/Alec_Guinness	Alec Guinness
/wiki/Disney_Publishing_Worldwide	Disney Publishing Worldwide
/wiki/Teacher%27s_Pet_(2004_film)	Teacher's Pet
/wiki/Disney_Cruise_Line	Disney Cruise Line
/wiki/Michael_Barrier_(historian)	Barrier, Michael
/wiki/Alain_Resnais	Alain Resnais
/wiki/Spike_Lee	Spike Lee
/wiki/Birds_in_the_Spring	Birds in the Spring
/wiki/Cary_Grant	Cary Grant
/wiki/Leon_Schlesinger_Productions	Leon Schlesinger Productions
/wiki/Steven_Spielberg	Steven Spielberg
/wiki/Who_Framed_Roger_Rabbit	Who Framed Roger Rabbit
/wiki/Cecil_B._DeMille	Cecil B. DeMille
/wiki/Lillian_Disney	Lillian Bounds
/wiki/Valencia,_California	Valencia
/wiki/Amazon_Basin	Amazon Basin
/wiki/Robert_Dorfmann	Robert Dorfmann
/wiki/Dino_De_Laurentiis	Dino De Laurentiis
/wiki/P._L._Travers	P. L. Travers
/wiki/Washington_Irving	Washington Irving
/wiki/Encyclop%C3%A6dia_Britannica	Encyclopædia Britannica
/wiki/101_Dalmatians_II:_Patch%27s_London_Adventure	101 Dalmatians II: Patch's London Adventure
/wiki/Mickey,_Donald,_Goofy:_The_Three_Musketeers	Mickey, Donald, Goofy: The Three Musketeers
/wiki/Donald_W._Graham	Don Graham
/wiki/Yeshiva_College_(Yeshiva_University)	Yeshiva College
/wiki/The_Hunchback_of_Notre_Dame_(1996_film)	The Hunchback of Notre Dame
/wiki/Theme_park	theme parks
/wiki/Moose:_Chapters_From_My_Life	Moose: Chapters From My Life
/wiki/Little_Hiawatha	Little Hiawatha
/wiki/It%27s_a_Small_World	It's a Small World
/wiki/Federico_Fellini	Federico Fellini
/wiki/Disney_California_Adventure	Disney California Adventure
/wiki/The_Bears_and_the_Bees	The Bears and the Bees
/wiki/Bing_Crosby	Bing Crosby
/wiki/Walter_Lantz	Walter Lantz
/wiki/Jean_Delannoy	Jean Delannoy
/wiki/Lauren_Bacall	Lauren Bacall
/wiki/Meryl_Streep	Meryl Streep
/wiki/Kansas_City_Metropolitan_Area	Kansas City
/wiki/List_of_posthumous_Academy_Award_winners_and_nominees	List of posthumous Academy Award winners and nominees
/wiki/D._A._Pennebaker	D. A. Pennebaker
/wiki/Satyajit_Ray	Satyajit Ray
/wiki/Presidential_Medal_of_Freedom	Presidential Medal of Freedom
/wiki/NAACP	NAACP
/wiki/Eastman_Kodak	Eastman Kodak Company
/wiki/Disney%27s_Paradise_Pier_Hotel	Paradise Pier Hotel
/wiki/Make_Mine_Music	Make Mine Music
/wiki/Congressional_Gold_Medal	Congressional Gold Medal
/wiki/Lincolnshire	Lincolnshire
/wiki/Academy_Awards	Academy Awards
/wiki/The_Holy_Terror_(Wells_novel)	Holy Terror
/wiki/The_New_York_Times	The New York Times
/wiki/Andie_MacDowell	Andie MacDowell
/wiki/Harold_Lloyd	Harold Lloyd
/wiki/L%C3%A9gion_d%27Honneur	Légion d'Honneur
/wiki/Jude_Law	Jude Law
/wiki/Vincent_Winter	Vincent Winter
/wiki/Walt_Disney_Imagineering	Walt Disney Imagineering
/wiki/Bill_and_Coo	Bill and Coo
/wiki/HBO	HBO
/wiki/Henri_Langlois	Henri Langlois
/wiki/Georges_Dancigers	Georges Dancigers
/wiki/Laugh-O-Gram_Studio	Laugh-O-Gram Studio
/wiki/Children%27s_Fairyland	Children's Fairyland
/wiki/Midnight_in_a_Toy_Shop	Midnight in a Toy Shop
/wiki/The_Magic_Kingdom:_Walt_Disney_and_the_American_Way_of_Life	The Magic Kingdom: Walt Disney and the American Way of Life
/wiki/Mary_Pickford	Mary Pickford
/wiki/Gate_of_Hell_(film)	Gate of Hell
/wiki/Team_Disney	Team Disney Anaheim
/wiki/Rudolf_Ising	Rudolf Ising
/wiki/More_Kittens	More Kittens
/wiki/William_Pomerance	William Pomerance
/wiki/Song_of_the_South	Song of the South
/wiki/Honorary_Academy_Award	Honorary Academy Award
/wiki/Springtime_with_Roo	Springtime with Roo
/wiki/The_Rescuers_Down_Under	The Rescuers Down Under
/wiki/D._W._Griffith	D. W. Griffith
/wiki/Academy_of_Television_Arts_%26_Sciences	Academy of Television Arts & Sciences
/wiki/Arthur_Freed	Arthur Freed
/wiki/Charlton_Heston	Charlton Heston
/wiki/Thomas_O._Staggs	Tom Staggs
/wiki/David_Hand_(animator)	David Hand
/wiki/Vernon_Stallings	Vernon Stallings
/wiki/20,000_Leagues_Under_the_Sea_(1954_film)	20,000 Leagues Under the Sea
/wiki/David_Swift_(director)	David Swift
/wiki/Charlotte_Rampling	Charlotte Rampling
/wiki/Second_Red_Scare	Second Red Scare
/wiki/Christine_McCarthy	Christine McCarthy
/wiki/Toby_Tortoise_Returns	Toby Tortoise Returns
/wiki/James_Stewart	James Stewart
/wiki/Silent_film	silent film
/wiki/Walt_Disney_Parks_and_Resorts	Walt Disney Parks and Resorts
/wiki/The_Merry_Dwarfs	The Merry Dwarfs
/wiki/Swiss_Family_Robinson_(1960_film)	Swiss Family Robinson
/wiki/Robert_Matschullat	Robert Matschullat
/wiki/Joseph_M._Schenck	Joseph M. Schenck
/wiki/Kevin_Costner	Kevin Costner
/wiki/Danny_Kaye	Danny Kaye
/wiki/The_Legend_of_Sleepy_Hollow	The Legend of Sleepy Hollow
/wiki/CinemaScope	CinemaScope
/wiki/Sherman_Brothers	Sherman Brothers
/wiki/Flora_Call_Disney	Flora Call Disney
/wiki/Fantasia_2000	Fantasia 2000
/wiki/Atlantis:_The_Lost_Empire	Atlantis: The Lost Empire
/wiki/Bozeman,_Montana	Bozeman, Montana
/wiki/Warren_Beatty	Warren Beatty
/wiki/G%C3%A9rard_Philipe	Gérard Philipe
/wiki/Walt_Disney_World_Resort	Walt Disney World Resort
/wiki/Jack_Cardiff	Jack Cardiff
/wiki/Mary_Tyler_Moore	Mary Tyler Moore
/wiki/Wynken,_Blynken_and_Nod_(film)	Wynken, Blynken, and Nod
/wiki/University_of_California_Press	University of California Press
/wiki/Matt_Ouimet	Matt Ouimet
/wiki/George_Stevens	George Stevens
/wiki/Bugs_in_Love	Bugs in Love
/wiki/Partners_Federal_Credit_Union	Partners Federal Credit Union
/wiki/Frank_Stanton_(executive)	Frank Stanton
/wiki/President_of_the_United_States	President of the United States
/wiki/Frank_Pierson	Frank Pierson
/wiki/Presidio_of_San_Francisco	Presidio of San Francisco
/wiki/Leopold_Stokowski	Leopold Stokowski
/wiki/The_Independent	The Independent
/wiki/The_Walt_Disney_Company_Argentina	The Walt Disney Company Argentina
/wiki/Sharon_Mae_Disney	Sharon Mae Disney
/wiki/Charles_Boyer	Charles Boyer
/wiki/Hong_Kong_Disneyland_Resort	Hong Kong Disneyland Resort
/wiki/World_War_II	World War II
/wiki/Multiplane_camera	multiplane camera
/wiki/1964_New_York_World%27s_Fair	1964 New York World's Fair
/wiki/Gary_Cooper	Gary Cooper
/wiki/Thomas_Armat	Thomas Armat
/wiki/The_Black_Cauldron_(film)	The Black Cauldron
/wiki/John_S._Chen	John S. Chen
/wiki/The_Princess_and_the_Frog	The Princess and the Frog
/wiki/Atlantis:_Milo%27s_Return	Atlantis: Milo's Return
/wiki/World_of_Disney	World of Disney
/wiki/Davy_Crockett	Davy Crockett
/wiki/Scarlett_Johansson	Scarlett Johansson
/wiki/The_Mickey_Mouse_Club	The Mickey Mouse Club
/wiki/Mickey%27s_Once_Upon_a_Christmas	Mickey's Once Upon a Christmas
/wiki/Martin_Scorsese	Martin Scorsese
/wiki/Gowran	Gowran
/wiki/Film_producer	film producer
/wiki/Micheline_Presle	Micheline Presle
/wiki/Pocahontas_(1995_film)	Pocahontas
/wiki/Loyal_Griggs	Loyal Griggs
/wiki/Roy_E._Disney	Roy Edward Disney
/wiki/PBS	PBS
/wiki/Isigny-sur-Mer	Isigny
/wiki/Bambi	Bambi
/wiki/Republic_of_the_Children	Republic of the Children
/wiki/Cannibal_Capers	Cannibal Capers
/wiki/Chuck_Jones	Chuck Jones
/wiki/Henry_Fonda	Henry Fonda
/wiki/Snow_White_and_the_Seven_Dwarfs_(1937_film)	Snow White and the Seven Dwarfs (1937 film)
/wiki/The_Fox_and_the_Hound_2	The Fox and the Hound 2
/wiki/Babes_in_Toyland_(1961_film)	Babes in Toyland
/wiki/Walt_Disney:_Hollywood%27s_Dark_Prince	Walt Disney: Hollywood's Dark Prince
/wiki/The_Return_of_Jafar	The Return of Jafar
/wiki/Robert_Altman	Robert Altman
/wiki/Walt_Disney_Animation_Studios	animation studio
/wiki/Disney_Consumer_Products	Consumer Products
/wiki/Loren_L._Ryder	Loren L. Ryder
/wiki/Marvel_Entertainment	Marvel Entertainment
/wiki/Sheryl_Sandberg	Sheryl Sandberg
/wiki/Autumn_(1930_film)	Autumn
/wiki/Piero_Tosi	Piero Tosi
/wiki/Disney.com	Disney.com
/wiki/Hugh_Harman	Hugh Harman
/wiki/Walt%27s_Time:_From_Before_to_Beyond	Walt's Time: From Before to Beyond
/wiki/Cinderella_Castle	Cinderella Castle
/wiki/Doug%27s_1st_Movie	Doug's 1st Movie
/wiki/Flowers_and_Trees	Flowers and Trees
/wiki/The_Grasshopper_and_the_Ants_(film)	The Grasshopper and the Ants
/wiki/Art_Babbitt	Art Babbitt
/wiki/Margaret_Winkler	Margaret Winkler
/wiki/Red_Cross	Red Cross
/wiki/Jack_Nicholson	Jack Nicholson
/wiki/H.G._Wells	H.G. Wells
/wiki/Peter_Pan_(1953_film)	Peter Pan
/wiki/William_L._Hendricks	William L. Hendricks
/wiki/Pinocchio_(1940_film)	Pinocchio
/wiki/Funny_Little_Bunnies	Funny Little Bunnies
/wiki/Lawrence_Weingarten	Lawrence Weingarten
/wiki/Disney_Interactive	Disney Interactive
/wiki/Snopes.com	Snopes.com
/wiki/The_Lion_King	The Lion King
/wiki/Wernher_von_Braun	Wernher von Braun
/wiki/Touchstone_Pictures	Touchstone Pictures
/wiki/Disney_Vacation_Club	Disney Vacation Club
/wiki/Winnie_the_Pooh_(2011_film)	Winnie the Pooh
/wiki/Sylvester_Stallone	Sylvester Stallone
/wiki/Sherman,_Robert_B.	Sherman, Robert B.
/wiki/Federal_Bureau_of_Investigation	Federal Bureau of Investigation
/wiki/Pierre_Braunberger	Pierre Braunberger
/wiki/Walt_Disney_Parks_and_Resorts	Parks and Resorts
/wiki/List_of_ambulance_drivers_during_World_War_I	List of ambulance drivers during World War I
/wiki/Irving_G._Thalberg_Memorial_Award	Irving G. Thalberg Memorial Award
/wiki/Farciot_Edouart	Farciot Edouart
/wiki/W._Howard_Greene	W. Howard Greene
/wiki/Racism	racism
/wiki/Paul_Grimault	Paul Grimault
/wiki/John_Lasseter	John Lasseter
/wiki/Fred_Astaire	Fred Astaire
/wiki/Betty_Boop	Betty Boop
/wiki/Morgan_Freeman	Morgan Freeman
/wiki/Tokyo_Disney_Resort	Tokyo Disney Resort
/wiki/Urban_legend	urban legend
/wiki/Orlando,_Florida	Orlando, Florida
/wiki/Live_steam	live steam
/wiki/Pooh%27s_Heffalump_Halloween_Movie	Pooh's Heffalump Halloween Movie
/wiki/Mich%C3%A8le_Morgan	Michèle Morgan
/wiki/Diane_Marie_Disney	Diane Marie Disney
/wiki/The_House_I_Live_In_(1945_film)	The House I Live In
/wiki/Walt_Disney_Company	Walt Disney Company
/wiki/Jumbo_Pictures	Jumbo Pictures
/wiki/Buzz_Lightyear_of_Star_Command:_The_Adventure_Begins	Buzz Lightyear of Star Command: The Adventure Begins
/wiki/Stitch!_The_Movie	Stitch! The Movie
/wiki/Laugh-O-Gram_Studio	Laugh-O-Gram
/wiki/Fantasia_(1940_film)	Fantasia
/wiki/Jean_Renoir	Jean Renoir
/wiki/Louis_B._Mayer	Louis B. Mayer
/wiki/Samuel_Goldwyn	Samuel Goldwyn
/wiki/Harold_Rosson	Harold Rosson
/wiki/The_Emperor%27s_New_Groove	The Emperor's New Groove
/wiki/William_Cameron_Menzies	William Cameron Menzies
/wiki/Aesop%27s_Fables_(film_series)	Aesop's Fables
/wiki/Diane_Disney_Miller	Diane
/wiki/Jean-Pierre_Aumont	Jean-Pierre Aumont
/wiki/Broken_Toys	Broken Toys
/wiki/Recess:_Taking_the_Fifth_Grade	Recess: Taking the Fifth Grade
/wiki/Hong_Kong_Disneyland	Hong Kong Disneyland
/wiki/Deborah_Kerr	Deborah Kerr
/wiki/Recess_Christmas:_Miracle_on_Third_Street	Recess Christmas: Miracle on Third Street
/wiki/Pedro_Almod%C3%B3var	Pedro Almodóvar
/wiki/The_California_Museum_for_History,_Women,_and_the_Arts	The California Museum for History, Women, and the Arts
/wiki/The_Sword_in_the_Stone_(film)	The Sword in the Stone
/wiki/Roberto_Benigni	Roberto Benigni
/wiki/Angela_Lansbury	Angela Lansbury
/wiki/Gregory_Peck	Gregory Peck
/wiki/Pocahontas_II:_Journey_to_a_New_World	Pocahontas II: Journey to a New World
/wiki/Pete_Smith_(film_producer)	Pete Smith
/wiki/Stan_Laurel	Stan Laurel
/wiki/Super_Technirama	Super Technirama
/wiki/Bedknobs_and_Broomsticks	Bedknobs and Broomsticks
/wiki/Cinderella_(1950_film)	Cinderella
/wiki/Oliver_%26_Company	Oliver & Company
/wiki/Sean_Connery	Sean Connery
/wiki/Disney_Sing_Along_Songs	Disney Sing Along Songs
/wiki/Meet_the_Robinsons	Meet the Robinsons
/wiki/The_Wind_in_the_Willows	The Wind in the Willows
/wiki/Internet_Movie_Database	Internet Movie Database
/wiki/Audrey_Hepburn	Audrey Hepburn
/wiki/Atchison,_Topeka_and_Santa_Fe_Railway	Atchison, Topeka and Santa Fe Railway
/wiki/Ronald_Reagan	Ronald Reagan
/wiki/Oakland,_California	Oakland, California
/wiki/The_Walt_Disney_Company_France	The Walt Disney Company France
/wiki/Oswald_the_Lucky_Rabbit	Oswald the Lucky Rabbit
/wiki/Sean_Penn	Sean Penn
/wiki/Mickey%27s_Mellerdrammer	Mickey's Mellerdrammer
/wiki/Treasure_Planet	Treasure Planet
/wiki/The_Rescuers	The Rescuers
/wiki/Bank_of_America	Bank of America
/wiki/4017_Disneya	4017 Disneya
/wiki/Francis_Ford_Coppola	Francis Ford Coppola
/wiki/The_Shaggy_Dog_(1959_film)	The Shaggy Dog
/wiki/Michelangelo_Antonioni	Michelangelo Antonioni
/wiki/Motion_Picture_Alliance_for_the_Preservation_of_American_Ideals	Motion Picture Alliance for the Preservation of American Ideals
/wiki/The_Walls_of_Malapaga	The Walls of Malapaga
/wiki/RKO	RKO
/wiki/Carman_Maxwell	Carman Maxwell
/wiki/Anglicisation	anglicized
/wiki/Bette_Davis	Bette Davis
/wiki/Voice_acting	voice actor
/wiki/The_Flying_Mouse	The Flying Mouse
/wiki/Bernadette_Lafont	Bernadette Lafont
/wiki/Louis_Grell	Louis Grell
/wiki/Maurice_Jarre	Maurice Jarre
/wiki/Stanley_Donen	Stanley Donen
/wiki/The_Absent-Minded_Professor	The Absent-Minded Professor
/wiki/Burr_Tillstrom	Burr Tillstrom
/wiki/Magic_Music_Days	Magic Music Days
/wiki/Congregationalist	Congregationalist
/wiki/Anthony_Quinn	Anthony Quinn
/wiki/Disneyland_Monorail_System	Disneyland Monorail System
/wiki/Character_animation	character animation
/wiki/The_Adventures_of_Ichabod_and_Mr._Toad	The Adventures of Ichabod and Mr. Toad
/wiki/Ub_Iwerks	Ubbe Iwerks
/wiki/Fun_and_Fancy_Free	Fun and Fancy Free
/wiki/Maker_Studios	Maker Studios
/wiki/Louis_de_Fun%C3%A8s	Louis de Funès
/wiki/Ennio_Morricone	Ennio Morricone
/wiki/Art_Linkletter	Art Linkletter
/wiki/German_American_Bund	German American Bund
/wiki/Montreal_Museum_of_Fine_Arts	Montreal Museum of Fine Arts
/wiki/Lung_cancer	lung cancer
/wiki/Animator	animator
