/wiki/Relative_direction	Relative direction
/wiki/Particle_physics	particle physics
/wiki/Left_(disambiguation)	left (disambiguation)
/wiki/Page_layout	page layout
/wiki/American_Sign_Language	American Sign Language
/wiki/Acculturation	acculturation
/wiki/Proper_right	Proper right and proper left
/wiki/The_New_York_Times	The New York Times
/wiki/Port_and_starboard	port, and starboard
/wiki/Right-hand_rule	right-hand rule
/wiki/Right-hand_rule	right-handed
/wiki/Beta_radiation	beta radiation
/wiki/Translational_symmetry	translational invariance
/wiki/Counterclockwise	counterclockwise
/wiki/Stern	stern
/wiki/Education	education
/wiki/Drexel_University	Drexel University
/wiki/Coat_of_arms	coat of arms
/wiki/Absolute_value	absolute
/wiki/Port_and_starboard	Port and starboard
/wiki/Motion_(physics)	motion
/wiki/Geomagnetic_pole	magnetic poles
/wiki/Clockwise	clockwise
/wiki/Inertial_frame_of_reference	inertial frame of reference
/wiki/Sun	sun
/wiki/Handedness	handedness
/wiki/Parity_(physics)#Parity_violation	parity violations
/wiki/Gravity	gravity
/wiki/Tradition	tradition
/wiki/Parietal_bone	sagittal border
/wiki/Magnetism	magnetized
/wiki/Right_(disambiguation)	right (disambiguation)
/wiki/Ballroom_dancing	ballroom dancing
/wiki/Cartesian_coordinate_system	Cartesian coordinate system
/wiki/Rotation	Rotation
/wiki/Up_(disambiguation)	up (disambiguation)
/wiki/Handedness	Handedness
/wiki/Compositor_(typesetting)	type compositor
/wiki/Cobalt	cobalt-60
/wiki/Orthogonal	orthogonal
/wiki/Magnetic_compass	magnetic compass
/wiki/Windward_and_leeward	Windward and leeward
/wiki/Anatomical_terms_of_location	Anatomical terms of location
/wiki/Cardinal_direction	Cardinal direction
/wiki/Atoms	atoms
/wiki/Direction_(geometry)	directions
/wiki/Earth	planet Earth
/wiki/Bow_(ship)	Bow
/wiki/Blocking_(stage)	stage blocking
/wiki/Guugu_Yimithirr_people	Guugu Yimithirr
/wiki/Guugu_Yimithirr_language	language
/wiki/Human_skull	skull
/wiki/Clock_position	Clock position
/wiki/Nuclear_decay	nuclear decay
/wiki/List_of_international_common_standards	List of international common standards
/wiki/Cerebral_hemisphere	Cerebral hemisphere
/wiki/Guy_Deutscher_(linguist)	Deutscher, Guy
/wiki/Cardinal_directions	cardinal directions
/wiki/Proper_right	proper right
/wiki/Down_(disambiguation)	down (disambiguation)
/wiki/Human_nose	nose
/wiki/Physics	physics
/wiki/Dexter_and_sinister	Dexter and sinister
/wiki/Sinistral_and_dextral	Dextral and sinistral
