/wiki/Outline_of_healthcare_science	Outline of health sciences
/wiki/Web_engineering	Web
/wiki/Mind-body_intervention	Mind-body intervention
/wiki/Radiology	Radiology
/wiki/Scientific_modelling	Scientific modelling
/wiki/Cell_biology	Cell biology
/wiki/Biochemistry	Biochemistry
/wiki/Public_health	Public Health
/wiki/Social_science	Social
/wiki/Bioethics	Bioethics
/wiki/Microbiology	Microbiology
/wiki/Academic_health_science_centre	Academic health science centre
/wiki/Quantum_mechanics	Quantum mechanics
/wiki/Chemical_engineering	Chemical
/wiki/Pedology_(soil_study)	Pedology
/wiki/Mathematical_statistics	Mathematical statistics
/wiki/Geochemistry	Geochemistry
/wiki/Computer_science	Computer science
/wiki/Human_geography	human
/wiki/Military_engineering	Military
/wiki/Urology	Urology
/wiki/Molecular_physics	Molecular
/wiki/World_medical_systems	World medical systems
/wiki/Paleontology	Paleontology
/wiki/Operations_research	Operations research
/wiki/Optometry	Optometry
/wiki/Medical_imaging	Medical imaging
/wiki/Self-healing	Self-healing
/wiki/Interdisciplinarity	Interdisciplinary
/wiki/Medical_technology	Medical Technology
/wiki/Limnology	Limnology
/wiki/Philosophy_of_science	Philosophy
/wiki/Biophysics	Biophysics
/wiki/Anthropology	Anthropology
/wiki/History_of_medicine	History of medicine
/wiki/Cultural_studies	Cultural studies
/wiki/Sociobiology	Sociobiology
/wiki/Acupuncture	acupuncture
/wiki/Planetary_geology	Planetary geology
/wiki/Solid-state_chemistry	Solid-state
/wiki/Software_engineering	Software
/wiki/Anaesthesia	Anaesthesiology
/wiki/Applied_science	Applied
/wiki/Marine_biology	Marine biology
/wiki/Applied_sciences	applied sciences
/wiki/Speech-Language_Pathology	Speech-Language Pathology
/wiki/Systematics	Systematics
/wiki/Fluid_mechanics	fluid
/wiki/Kinesiology	Kinesiology
/wiki/Energy_medicine	Energy medicine
/wiki/History_of_optometry	History of optometry
/wiki/Neural_engineering	Neural engineering
/wiki/String_theory	String theory
/wiki/Toxicology	Toxicology
/wiki/Basic_research	Basic research
/wiki/Experimental_physics	Experimental
/wiki/Theoretical_computer_science	Theoretical computer science
/wiki/Mechanics	Mechanics
/wiki/Otorhinolaryngology	Otorhinolaryngology
/wiki/Oncology	Oncology
/wiki/Ecology	Ecology
/wiki/Developmental_biology	Developmental biology
/wiki/Continuum_mechanics	continuum
/wiki/Gynaecology	Gynecology
/wiki/Endocrinology	Endocrinology
/wiki/Faith_healing	Faith healing
/wiki/Robotics	Robotics
/wiki/Parasitology	Parasitology
/wiki/CT_scan	CT scan
/wiki/Citizen_science	Citizen science
/wiki/Fire_protection_engineering	Fire protection
/wiki/Orthopedics	Orthopedics
/wiki/Home_remedy	Home remedy
/wiki/Obstetrics	Obstetrics
/wiki/Network_science	Network science
/wiki/Dermatology	Dermatology
/wiki/Agricultural_engineering	Agricultural
/wiki/Pathology	Pathology
/wiki/Cryobiology	Cryobiology
/wiki/Pulmonology	Pulmonology
/wiki/Cognitive_therapy	Cognitive Therapy
/wiki/Criminology	Criminology
/wiki/Statistics	Statistics
/wiki/Neurology	Neurology
/wiki/Classical_mechanics	classical
/wiki/Radiochemistry	Radiochemistry
/wiki/Hospital	Hospital
/wiki/Medical_herbalism	Medical herbalism
/wiki/Pharmacy	Pharmacy
/wiki/Thermodynamics	Thermodynamics
/wiki/Physician	Physician
/wiki/Behavioral_neuroscience	Behavioral neuroscience
/wiki/Percussion_(medicine)	Percussion
/wiki/Stereochemistry	Stereochemistry
/wiki/Nurse	Nurse
/wiki/Holistic_health	Holistic health
/wiki/Plasma_(physics)	Plasma
/wiki/Audiology	Audiology
/wiki/Artificial_intelligence	Artificial intelligence
/wiki/Traditional_medicine	Traditional medicine
/wiki/Dentist	Dentist
/wiki/Military_science	Military science
/wiki/Life_sciences	Life
/wiki/Scientific_method	Scientific method
/wiki/Planetary_science	Planetary science
/wiki/Bioinformatics	Bioinformatics
/wiki/Veterinary_medicine	veterinary
/wiki/Biomedical_model	Biomedical model
/wiki/Engineering	Engineering
/wiki/Quantum_field_theory	Quantum field theory
/wiki/Occupational_therapy	Occupational Therapy
/wiki/Infectious_disease_(medical_specialty)	Infectious Disease
/wiki/Computational_linguistics	Computational linguistics
/wiki/Nocebo	Nocebo
/wiki/Virology	Virology
/wiki/Traditional_Korean_medicine	Traditional Korean medicine
/wiki/Biomedical_sciences	Biomedical sciences
/wiki/Shamanism	Shamanism
/wiki/Astronomy	Astronomy
/wiki/Biomedical_engineering	Biomedical engineering
/wiki/Atomic_physics	Atomic
/wiki/Hematology	Hematology
/wiki/Immunology	Immunology
/wiki/Outline_of_science	Outline
/wiki/Particle_physics	Particle
/wiki/Nutrition	Nutrition
/wiki/Protoscience	Protoscience
/wiki/Medical_physics	Medical Physics
/wiki/Economics	Economics
/wiki/Paleoecology	Paleoecology
/wiki/Microscopy	Microscopy
/wiki/Cosmology	Cosmology
/wiki/Semiotics	Semiotics
/wiki/Technoscience	Technoscience
/wiki/Manual_therapy	Manual therapy
/wiki/Analytical_chemistry	Analytical
/wiki/Pedagogy	Pedagogy
/wiki/Chemistry	Chemistry
/wiki/Archaeology	Archaeology
/wiki/X-ray	X-ray
/wiki/List_of_life_sciences	List of life sciences
/wiki/Fringe_science	Fringe science
/wiki/Computational_physics	Computational
/wiki/International_relations	International relations
/wiki/Gastroenterology	Gastroenterology
/wiki/Biostatistics	Biostatistics
/wiki/Pseudoscience	Pseudoscience
/wiki/Dietetics	Dietetics
/wiki/Conservation_biology	Conservation biology
/wiki/Health_applications_and_clinical_studies_of_meditation	Health applications and clinical studies of meditation
/wiki/Epidemiology	Epidemiology
/wiki/Special_relativity	Special relativity
/wiki/List_of_health_sciences_topics	List of health sciences topics
/wiki/Mathematical_physics	Mathematical physics
/wiki/Cybernetics	Cybernetics
/wiki/Medical_model	Medical model
/wiki/Zoology	Zoology
/wiki/Inorganic_chemistry	Inorganic
/wiki/Molecular_physics	Molecular physics
/wiki/Linguistics	Linguistics
/wiki/Environmental_social_science	Environmental social science
/wiki/Genetics	Genetics
/wiki/Psychology	Psychology
/wiki/Program_for_Evaluating_Complementary_Medicine	Program for Evaluating Complementary Medicine
/wiki/Ethnobiology	Ethnobiology
/wiki/NCCAM	NCCAM
/wiki/Forestry	Forestry
/wiki/Urban_planning	Urban planning
/wiki/Physical_examination	Physical examination
/wiki/Astrochemistry	Astrochemistry
/wiki/Electrical_engineering	Electrical
/wiki/Johrei	Johrei
/wiki/Biological_engineering	Biological
/wiki/Medicine	Medicine
/wiki/Physical_therapy	Physical Therapy (Physiotherapy)
/wiki/Mechanical_engineering	Mechanical
/wiki/Applied_physics	Applied physics
/wiki/Theoretical_physics	Theoretical
/wiki/Veterinary_medicine	Veterinary Medicine
/wiki/Evolutionary_psychology	Evolutionary psychology
/wiki/Placebo	Placebo
/wiki/Galactic_astronomy	Galactic astronomy
/wiki/Science_studies	Science studies
/wiki/Molecular_biology	Molecular biology
/wiki/Geology	Geology
/wiki/Homeopathy	Homeopathy
/wiki/Earth_science	Earth sciences
/wiki/Ayurveda	Ayurveda
/wiki/Health	Health
/wiki/Environmental_chemistry	Environmental
/wiki/Ophthalmology	Ophthalmology
/wiki/Auscultation	Auscultation
/wiki/Political_science	Political science
/wiki/Dentistry	Dentistry
/wiki/Nursing	Nursing
/wiki/Neuroscience	Neuroscience
/wiki/Psychotherapy	Psychotherapy
/wiki/Physiology	Physiology
/wiki/Science_policy	Science policy
/wiki/Aerospace_engineering	Aerospace
/wiki/Chiropractic	Chiropractic
/wiki/Science	Science
/wiki/Phlebotomy_(modern)	Phlebotomy
/wiki/Meteorology	Meteorology
/wiki/Surface_science	Surface science
/wiki/Ethology	Ethology
/wiki/Traditional_Chinese_medicine	Traditional Chinese medicine
/wiki/Medication	Medication
/wiki/Science_education	Science education
/wiki/Social_work	Social Work
/wiki/Healthcare_science	Healthcare
/wiki/Genetic_engineering	Genetic
/wiki/Health_sciences	health sciences
/wiki/Climatology	Climatology
/wiki/Surgery	Surgeon
/wiki/History	History
/wiki/History_of_biology	History of biology
/wiki/Botany	Botany
/wiki/Gerontology	Gerontology
/wiki/Industrial_engineering	Industrial
/wiki/Body_treatment	Body treatment
/wiki/Classical_physics	Classical
/wiki/Complex_systems	Complex systems
/wiki/Solid_mechanics	solid
/wiki/Science	science
/wiki/Exercise_physiology	Exercise Physiology
/wiki/Scientific_freedom	Scientific freedom
/wiki/Wellness_(alternative_medicine)	Wellness (alternative medicine)
/wiki/Engineering	engineering
/wiki/Ultrasound	Ultrasound
/wiki/Volcanology	Volcanology
/wiki/Cognitive_science	Cognitive science
/wiki/Veterinarian	Veterinarian
/wiki/Outline_of_space_science	Space science
/wiki/Rejuvenation_(aging)	Rejuvenation (aging)
/wiki/Astrobiology	Astrobiology
/wiki/Crystallography	Crystallography
/wiki/Glaciology	Glaciology
/wiki/Rheumatology	Rheumatology
/wiki/Biomedical_engineering	Biomedical
/wiki/Photochemistry	Photochemistry
/wiki/Maharishi_Vedic_Medicine	Maharishi Vedic Medicine
/wiki/Sociology	Sociology
/wiki/Oceanography	Oceanography
/wiki/History_of_nutrition	History of nutrition
/wiki/Nuclear_physics	Nuclear
/wiki/Outline_(list)	outline
/wiki/General_relativity	General relativity
/wiki/Surgery	Surgery
/wiki/Soil_biology	Soil biology
/wiki/Psychiatry	Psychiatry
/wiki/Ethnic_studies	Ethnic studies
/wiki/Edaphology	Edaphology
/wiki/Midwifery	Midwifery
/wiki/Geodesy	Geodesy
/wiki/Biopsychosocial_model	Biopsychosocial model
/wiki/Astrophysics	Astrophysics
/wiki/Mathematics	Mathematics
/wiki/Technology	technology
/wiki/Physical_geography	physical
/wiki/Materials_science	Materials science
/wiki/Mining_engineering	Mining
/wiki/Biological_engineering	Biological engineering
/wiki/Pharmacology	Pharmacology
/wiki/Environmental_science	Environmental science
/wiki/Disease	Disease
/wiki/Condensed_matter_physics	Condensed matter
/wiki/Anatomy	Anatomy
/wiki/Geophysics	Geophysics
/wiki/Healing	Healing
/wiki/Radiobiology	Radiobiology
/wiki/Mathematics	mathematics
/wiki/Energy_(spirituality)	Energy (spirituality)
/wiki/Law	Law
/wiki/Organic_chemistry	Organic
/wiki/Environmental_studies	Environmental studies
/wiki/Formal_science	Formal
/wiki/Addiction_medicine	Addiction Medicine
/wiki/Hydrology	Hydrology
/wiki/Genetic_counselling	Genetic Counselling
/wiki/Library_science	Library science
/wiki/Biology	Biology
/wiki/Allergic_disease	Allergic Disease
/wiki/Food_chemistry	Food chemistry
/wiki/Manipulative_therapy	Manipulative therapy
/wiki/Demography	Demography
/wiki/Logic	Logic
/wiki/Geomorphology	Geomorphology
/wiki/Biotechnology	Biotechnology
/wiki/Nephrology	Nephrology
/wiki/Physics	Physics
/wiki/Sleep_medicine	Sleep Medicine
/wiki/Folk_medicine	Folk medicine
/wiki/Biogeography	Biogeography
/wiki/Hepatology	Hepatology
/wiki/Mathematical_and_theoretical_biology	Mathematical / theoretical biology
/wiki/Systems_science	Systems science
/wiki/Civil_engineering	Civil
/wiki/Supramolecular_chemistry	Supramolecular
/wiki/Medical_history	Medical history
/wiki/Modern_physics	Modern
/wiki/Paleoclimatology	Paleoclimatology
/wiki/Web_science	Web science
/wiki/Mathematical_logic	Mathematical logic
/wiki/Cardiology	Cardiology
/wiki/Healthcare	healthcare
/wiki/Palynology	Palynology
/wiki/Healer_(alternative_medicine)	Healer
/wiki/Evolutionary_biology	Evolutionary biology
/wiki/Physical_chemistry	Physical
/wiki/Rheology	Rheology
/wiki/Christian_Science	Christian Science
/wiki/Geography	Geography
