/wiki/John_Young	John Young
/wiki/John_Paul_Young	John Paul Young
/wiki/John_Zerunge_Young	John Zerunge Young
/wiki/John_Young_(jazz_pianist)	John Young (jazz pianist)
/wiki/John_Young_Brown_(disambiguation)	John Young Brown (disambiguation)
/wiki/John_Hardin_Young	John Hardin Young
/wiki/John_Young_(actor)	John Young (actor)
/wiki/John_Willard_Young	John Willard Young
/wiki/John_F._Young	John F. Young
/wiki/John_Young_(Regius_Professor)	John Young (Regius Professor)
/wiki/John_Chin_Young	John Chin Young
/wiki/John_Young_(pioneer)	John Young (pioneer)
/wiki/John_Young_(naval_officer)	John Young (naval officer)
/wiki/John_Duncan_Young	John Duncan Young
/wiki/Marlborough_(UK_Parliament_constituency)	Marlborough (UK Parliament constituency)
/wiki/John_Orr_Young	John Orr Young
/wiki/Jonathan_Young_(disambiguation)	Jonathan Young (disambiguation)
/wiki/John_Young_(engraver)	John Young (engraver)
/wiki/John_Henry_Young	John Henry Young
/wiki/John_Lloyd_Young	John Lloyd Young
/wiki/John_Young_(judge)	John Young (judge)
/wiki/John_Young_(cricketer,_born_1876)	John Young (cricketer, born 1876)
/wiki/Johnny_Young_(disambiguation)	Johnny Young (disambiguation)
/wiki/John_Wesley_Young	John Wesley Young
/wiki/John_Young_Parkway	John Young Parkway
/wiki/John_Lorenzo_Young	John Lorenzo Young
/wiki/John_J._Young,_Jr.	John J. Young, Jr.
/wiki/John_Andrew_Young	John Andrew Young
/wiki/John_Sacret_Young	John Sacret Young
/wiki/John_Young_(British_musician)	John Young (British musician)
/wiki/John_Young_(cricketer,_born_1863)	John Young (cricketer, born 1863)
/wiki/John_Young_(composer)	John Young (composer)
/wiki/John_Yonge_(disambiguation)	John Yonge (disambiguation)
/wiki/John_Young_(Professor_of_Natural_History)	John Young (Professor of Natural History)
/wiki/Rye_(UK_Parliament_constituency)	Rye (UK Parliament constituency)
/wiki/John_Young_(building_contractor)	John Young (building contractor)
/wiki/John_Zachary_Young	John Zachary Young
/wiki/John_Dragon_Young	John Dragon Young
/wiki/John_Young_(Hawaii)	John Young (Hawaii)
/wiki/John_Allan_Young	John Allan Young
/wiki/John_Young_(Dean_of_Chichester)	John Young (Dean of Chichester)
/wiki/John_Young_(cyclist)	John Young (cyclist)
/wiki/John_Bruce_Young	John Bruce Young
/wiki/John_Young_(Australian_politician)	John Young (Australian politician)
/wiki/John_G._Young	John G. Young
/wiki/John_A._Young	John A. Young
/wiki/John_Young_(governor)	John Young (governor)
/wiki/Jack_Young_(disambiguation)	Jack Young (disambiguation)
/wiki/John_Young_(footballer)	John Young (footballer)
/wiki/John_Young_(bishop)	John Young (bishop)
/wiki/John_Young_(astronaut)	John Young (astronaut)
/wiki/John_Young_(footballer,_born_1951)	John Young (footballer, born 1951)
/wiki/Harry_Anthony	Harry Anthony
/wiki/John_Young_(merchant)	John Young (merchant)
/wiki/John_Young_(Cryptome)	John Young (Cryptome)
/wiki/John_Young_(footballer,_born_1957)	John Young (footballer, born 1957)
/wiki/John_Francis_Young	John Francis Young
/wiki/John_Young_(16th_century_MP)	John Young (16th century MP)
/wiki/J._Smith_Young	J. Smith Young
/wiki/John_M._Young	John M. Young
/wiki/John_Young_(baseball)	John Young (baseball)
/wiki/John_Young_(jurist)	John Young (jurist)
/wiki/John_Young_(cricketer,_born_1884)	John Young (cricketer, born 1884)
/wiki/John_Young_(Canadian_politician)	John Young (Canadian politician)
/wiki/John_Russell_Young	John Russell Young
/wiki/John_Darling_Young	John Darling Young
/wiki/John_Young_(Dean_of_St_George%27s_Cathedral)	John Young (Dean of St George's Cathedral)
/wiki/John_Young_(businessman)	John Young (businessman)
/wiki/John_Young,_1st_Baron_Lisgar	John Young, 1st Baron Lisgar
/wiki/John_Young_(professor_of_Greek)	John Young (professor of Greek)
/wiki/John_Young_(seigneur)	John Young (seigneur)
/wiki/USS_John_Young_(DD-973)	USS John Young (DD-973)
/wiki/John_Young_(Scottish_politician)	John Young (Scottish politician)
