/wiki/Andre_Agassi	Andre Agassi
/wiki/Michael_Stich	Michael Stich
/wiki/Marc_Rosset	Marc Rosset
/wiki/ESPN	ESPN
/wiki/Daniela_Hantuchov%C3%A1	Daniela Hantuchová
/wiki/Bob_Bryan	Bob Bryan
/wiki/Miami_Masters	Miami Masters
/wiki/ATP_Arthur_Ashe_Humanitarian_award	ATP Arthur Ashe Humanitarian award
/wiki/International_Tennis_Federation	International Tennis Federation
/wiki/Madison_Square_Garden	Madison Square Garden
/wiki/Mountain_Dew	Mountain Dew
/wiki/F%C3%A9lix_Mantilla_Botella	Félix Mantilla
/wiki/Michael_Mina	Michael Mina
/wiki/Marty_Riessen	Marty Riessen
/wiki/Darren_Cahill	Darren Cahill
/wiki/Wayne_Gretzky	Wayne Gretzky
/wiki/Muhammad_Ali	Muhammad Ali
/wiki/Rainer_Sch%C3%BCttler	Rainer Schüttler
/wiki/S%C3%A9bastien_Grosjean	Sébastien Grosjean
/wiki/Vitas_Gerulaitis	Vitas Gerulaitis
/wiki/Rohan_Bopanna	Rohan Bopanna
/wiki/Andr%C3%A9s_G%C3%B3mez	Andrés Gómez
/wiki/Jonathan_Stark_(tennis)	Jonathan Stark
/wiki/1994_Australian_Open	1994 Australian Open
/wiki/Atlanta	Atlanta
/wiki/Biography_Channel	Biography Channel
/wiki/Jean_Borotra	Jean Borotra
/wiki/Julien_Benneteau	Julien Benneteau
/wiki/1990_Davis_Cup	1990
/wiki/Marcelo_R%C3%ADos	Marcelo Ríos
/wiki/Head_(company)	Head Ti Radical
/wiki/Yahoo!_Sports	Yahoo! Sports
/wiki/Ivan_Ljubi%C4%8Di%C4%87	Ivan Ljubičić
/wiki/Mats_Wilander	Mats Wilander
/wiki/Nicol%C3%A1s_Lapentti	Nicolás Lapentti
/wiki/Novak_Djokovic	Novak Djokovic
/wiki/Macau	Macau
/wiki/Marcin_Matkowski	Marcin Matkowski
/wiki/Lisa_Raymond	Lisa Raymond
/wiki/Nikolay_Davydenko	Nikolay Davydenko
/wiki/Mark_Edmondson	Mark Edmondson
/wiki/Alex_Bogomolov	Alex Bogomolov
/wiki/Mardy_Fish	Mardy Fish
/wiki/Mirage_Resorts	MGM Mirage
/wiki/Gustavo_Kuerten	Gustavo Kuerten
/wiki/Monte_Carlo_Masters	Monte Carlo
/wiki/Cal_Ripken,_Jr.	Cal Ripken, Jr.
/wiki/Xbox_360	Xbox 360
/wiki/Jan-Michael_Gambill	Jan-Michael Gambill
/wiki/Brooke_Shields	Brooke Shields
/wiki/Fred_Perry	Fred Perry
/wiki/Sergi_Bruguera	Sergi Bruguera
/wiki/Sciatica	sciatica
/wiki/Brad_Gilbert	Brad Gilbert
/wiki/Emmanuel_Agassi	Emmanuel "Mike" Agassi
/wiki/Assyrian_people	Assyrian
/wiki/Bj%C3%B6rn_Borg	Björn Borg
/wiki/Mazda	Mazda
/wiki/Vincent_Richards	Vincent Richards
/wiki/Daniel_Vacek	Daniel Vacek
/wiki/Olympic_medal	Gold medal
/wiki/Chris_Evert	Chris Evert
/wiki/Donald_Johnson	Donald Johnson
/wiki/24_Hour_Fitness	24 Hour Fitness
/wiki/Bruno_Soares	Bruno Soares
/wiki/Robin_S%C3%B6derling	Robin Söderling
/wiki/Key_Biscayne	Key Biscayne
/wiki/2010_Haiti_earthquake	earthquake
/wiki/Patrick_Rafter	Patrick Rafter
/wiki/Boston	Boston
/wiki/Gil_Reyes_(tennis)	Gil Reyes
/wiki/Stan_Smith	Stan Smith
/wiki/Nicolas_Escud%C3%A9	Nicolas Escudé
/wiki/Las_Vegas_Valley	Las Vegas
/wiki/Juan_Carlos_Ferrero	Juan Carlos Ferrero
/wiki/Patrick_Galbraith	Patrick Galbraith
/wiki/Miloslav_Me%C4%8D%C3%AD%C5%99	Miloslav Mečíř
/wiki/ATP_Tour	ATP Tour
/wiki/History_of_tennis#Open_Era	Open Era
/wiki/Steve_Case	Steve Case
/wiki/Vertebrae	vertebral
/wiki/Andrei_Medvedev	Andrei Medvedev
/wiki/List_of_ATP_number_1_ranked_singles_players	Association of Tennis Professionals (ATP) World No. 1 singles players
/wiki/Mediaset	Mediaset
/wiki/Sega_Game_Gear	Sega Game Gear
/wiki/Stefan_Edberg	Stefan Edberg
/wiki/Hardcourt	hardcourt
/wiki/Doug_Flach	Doug Flach
/wiki/Ken_Griffey,_Jr.	Ken Griffey, Jr.
/wiki/Ken_Fletcher	Ken Fletcher
/wiki/J._R._Moehringer	J. R. Moehringer
/wiki/Owen_Davidson	Owen Davidson
/wiki/Daniel_Nestor	Daniel Nestor
/wiki/1995_Australian_Open	1995 Australian Open
/wiki/Radek_%C5%A0t%C4%9Bp%C3%A1nek	Radek Štěpánek
/wiki/Kim_Clijsters	Kim Clijsters
/wiki/ATP_World_Tour_Finals	Tour Finals
/wiki/International_Tennis_Hall_of_Fame	International Tennis Hall of Fame
/wiki/Fernando_Gonz%C3%A1lez	Fernando González
/wiki/Jana_Novotn%C3%A1	Jana Novotná
/wiki/Greg_Norman	Greg Norman
/wiki/1992_Davis_Cup	1992
/wiki/1995_Davis_Cup	1995
/wiki/Adidas	Adidas
/wiki/Genworth_Financial	Genworth Financial
/wiki/Grand_slam_(tennis)	Grand Slam Tournaments
/wiki/Aisam-ul-Haq_Qureshi	Aisam-ul-Haq Qureshi
/wiki/Agust%C3%ADn_Calleri	Agustín Calleri
/wiki/Nevada	Nevada
/wiki/Surprise,_Arizona	Surprise, Arizona
/wiki/Helena_Sukov%C3%A1	Helena Suková
/wiki/Ellis_Ferreira	Ellis Ferreira
/wiki/Todd_Woodbridge	Todd Woodbridge
/wiki/John_Pius_Boland	John Pius Boland
/wiki/Jim_Brown	Jim Brown
/wiki/Jack_Kramer	Jack Kramer
/wiki/List_of_French_Open_men%27s_singles_champions	French Open men's singles champions
/wiki/1988_U.S._Men%27s_Clay_Court_Championships	U.S. Men's Clay Court Championships
/wiki/Bone_spur	bone spur
/wiki/Yevgeny_Kafelnikov	Yevgeny Kafelnikov
/wiki/Summerlin,_Nevada	Summerlin
/wiki/Tennis_open_era	open era
/wiki/1994_US_Open_(tennis)	1994 US Open
/wiki/Henderson,_Nevada	Henderson, Nevada
/wiki/Donnelly,_Idaho	Donnelly, Idaho
/wiki/Richard_Krajicek	Richard Krajicek
/wiki/Viagogo	viagogo
/wiki/Maria_Sharapova	Maria Sharapova
/wiki/%C3%89douard_Roger-Vasselin	Édouard Roger-Vasselin
/wiki/Guillermo_Vilas	Guillermo Vilas
/wiki/Frank_Sedgman	Frank Sedgman
/wiki/Ashley_Cooper_(tennis)	Ashley Cooper
/wiki/David_Macpherson_(tennis)	David Macpherson
/wiki/Wayne_Arthurs_(tennis)	Wayne Arthurs
/wiki/Jackie_Joyner-Kersee	Jackie Joyner-Kersee
/wiki/Bobby_Riggs	Bobby Riggs
/wiki/Steve_DeVries	Steve DeVries
/wiki/Robert_Lindstedt	Robert Lindstedt
/wiki/Caesars_Palace	Caesars Palace
/wiki/Laurence_Doherty	Laurence Doherty
/wiki/Albert_Portas	Albert Portas
/wiki/Billie_Jean_King	Billie Jean King
/wiki/Dominik_Hrbat%C3%BD	Dominik Hrbatý
/wiki/Luis_Lobo	Luis Lobo
/wiki/Carlos_Moy%C3%A1	Carlos Moyá
/wiki/2009_French_Open	2009 French Open
/wiki/Andre_Agassi_career_statistics	Andre Agassi career statistics
/wiki/Indian_Wells_Masters	Indian Wells Masters
/wiki/Nenad_Zimonji%C4%87	Nenad Zimonjić
/wiki/Tom%C3%A1%C5%A1_Berdych	Tomáš Berdych
/wiki/Ivo_Karlovi%C4%87	Ivo Karlović
/wiki/Marcos_Baghdatis	Marcos Baghdatis
/wiki/Armenians	Armenian
/wiki/Hamburg_Masters	Hamburg
/wiki/Brian_Teacher	Brian Teacher
/wiki/Barbra_Streisand	Barbra Streisand
/wiki/Francisco_Montana	Francisco Montana
/wiki/Martina_Navratilova	Martina Navratilova
/wiki/Paris_Masters	Paris Masters
/wiki/Don_Budge	Don Budge
/wiki/Ken_McGregor	Ken McGregor
/wiki/Rome_Masters	Rome
/wiki/Charter_school	charter school
/wiki/Doris_Hart	Doris Hart
/wiki/ATP_World_Tour_records	ATP World Tour records
/wiki/Alex_O%27Brien	Alex O'Brien
/wiki/Got_Milk%3F	Got Milk?
/wiki/Pavel_V%C3%ADzner	Pavel Vízner
/wiki/Village_Roadshow	Village Roadshow
/wiki/Nicklas_Kulti	Nicklas Kulti
/wiki/R%C4%83zvan_Sab%C4%83u	Răzvan Sabău
/wiki/Cincinnati_Masters	Masters series event in Cincinnati
/wiki/Tamarack_Resort	Tamarack Resort
/wiki/Roberta_Vinci	Roberta Vinci
/wiki/French_Open	French Open
/wiki/Australian_Open	Australian Open
/wiki/Spondylolisthesis	spondylolisthesis
/wiki/Gigi_Fern%C3%A1ndez	Gigi Fernández
/wiki/Los_Angeles_Times	Los Angeles Times
/wiki/Mikael_Pernfors	Mikael Pernfors
/wiki/David_Marrero	David Marrero
/wiki/Madrid_Open_(tennis)	Madrid Masters
/wiki/Albert_Costa	Albert Costa
/wiki/Joint_venture	joint venture
/wiki/Internet_Movie_Database	Internet Movie Database
/wiki/Stan_Wawrinka	Stanislas Wawrinka
/wiki/Mia_Hamm	Mia Hamm
/wiki/Australian_Open	Australian Open
/wiki/Andy_Roddick	Andy Roddick
/wiki/Olivier_Dela%C3%AEtre	Olivier Delaître
/wiki/Sam_Querrey	Sam Querrey
/wiki/CBC_Sports	CBC Sports
/wiki/Lleyton_Hewitt	Lleyton Hewitt
/wiki/Shanghai_Masters_(tennis)	Shanghai Masters
/wiki/100_Greatest_of_All_Time	the greatest tennis players of all time
/wiki/Patrick_McEnroe	Patrick McEnroe
/wiki/Sports_Illustrated	Sports Illustrated
/wiki/Mahesh_Bhupathi	Mahesh Bhupathi
/wiki/Leander_Paes	Leander Paes
/wiki/United_States	United States
/wiki/Margaret_Court	Margaret Court
/wiki/Ivan_Dodig	Ivan Dodig
/wiki/Arnaud_Cl%C3%A9ment	Arnaud Clément
/wiki/Jared_Palmer	Jared Palmer
/wiki/Tennis_Masters_Cup	Masters Cup
/wiki/Monica_Seles	Monica Seles
/wiki/Madrid_Open_(tennis)	Madrid
/wiki/Jo-Wilfried_Tsonga	Jo-Wilfried Tsonga
/wiki/Tommy_Ho	Tommy Ho
/wiki/Top_Spin_4	Top Spin 4
/wiki/Lesley_Turner_Bowrey	Lesley Turner Bowrey
/wiki/Tennis_records_of_All_Time_-_Men%27s_Singles	Tennis records of All Time - Men's Singles
/wiki/Cancer_Treatment_Centers_of_America_Championship_at_Surprise	Cancer Treatment Centers of America Tennis Championships
/wiki/Paul_Haarhuis	Paul Haarhuis
/wiki/Lance_Armstrong	Lance Armstrong
/wiki/Pete_Sampras	Pete Sampras
/wiki/Tony_Hawk	Tony Hawk
/wiki/US_Open_(tennis)	US Open
/wiki/Iran	Iran
/wiki/Todd_Martin	Todd Martin
/wiki/Omar_Camporese	Omar Camporese
/wiki/Martin_Damm	Martin Damm
/wiki/Shirley_Fry_Irvin	Shirley Fry Irvin
/wiki/List_of_Grand_Slam_Men%27s_Singles_champions	List of Grand Slam Men's Singles champions
/wiki/Agassi_Tennis_Generation	Agassi Tennis Generation
/wiki/Ken_Rosewall	Ken Rosewall
/wiki/Paul_McNamee	Paul McNamee
/wiki/Joe_Montana	Joe Montana
/wiki/Longines	Longines
/wiki/List_of_Wimbledon_gentlemen%27s_singles_champions	Wimbledon (Open Era) gentlemen's singles champions
/wiki/Tommy_Robredo	Tommy Robredo
/wiki/IMG_(company)	IMG
/wiki/Scott_Davis_(tennis)	Scott Davis
/wiki/Rick_Leach	Rick Leach
/wiki/Nintendo	Nintendo
/wiki/BBC	BBC
/wiki/Sergio_Casal	Sergio Casal
/wiki/Itaparica	Itaparica
/wiki/Jean-Julien_Rojer	Jean-Julien Rojer
/wiki/John_Austin_(tennis)	John Austin
/wiki/Cyril_Suk	Cyril Suk
/wiki/J%C3%BCrgen_Melzer	Jürgen Melzer
/wiki/Mark_Kratzmann	Mark Kratzmann
/wiki/Henri_Leconte	Henri Leconte
/wiki/Arthur_Gore_(tennis)	Arthur Gore
/wiki/Roger_Federer	Roger Federer
/wiki/Johan_Kriek	Johan Kriek
/wiki/Manuel_Orantes	Manuel Orantes
/wiki/Donnay_(sports)	Donnay
/wiki/Gast%C3%B3n_Gaudio	Gastón Gaudio
/wiki/Outback_Champions_Series	Outback Champions Series
/wiki/Magnus_Larsson	Magnus Larsson
/wiki/Andr%C3%A9s_Gimeno	Andrés Gimeno
/wiki/Major_Ritchie	Major Ritchie
/wiki/Florin_Mergea	Florin Mergea
/wiki/Queen%27s_Club_Championships	Queen's Club Championships
/wiki/Thomas_Muster	Thomas Muster
/wiki/Golden_Nugget_Laughlin	Golden Nugget Laughlin
/wiki/Countrywide_Classic	Countrywide Classic
/wiki/Canon_EOS	Canon EOS
/wiki/Twinlab	Twinlab
/wiki/List_of_US_Open_men%27s_singles_champions	US Open men's singles champions
/wiki/Betfair	Betfair
/wiki/Althea_Gibson	Althea Gibson
/wiki/Emmanuel_Agassi	Emmanuel Agassi
/wiki/Jeff_Gordon	Jeff Gordon
/wiki/The_Daily_Telegraph	The Daily Telegraph
/wiki/Ivan_Lendl	Ivan Lendl
/wiki/Tony_Trabert	Tony Trabert
/wiki/Pam_Shriver	Pam Shriver
/wiki/Schick_(razors)	Schick
/wiki/MSN	MSN Sport
/wiki/Paul_Annacone	Paul Annacone
/wiki/Mariusz_Fyrstenberg	Mariusz Fyrstenberg
/wiki/PlayStation_3	PlayStation 3
/wiki/Yannick_Noah	Yannick Noah
/wiki/Maria_Bueno	Maria Bueno
/wiki/New_York_Times_Best_Seller_list	New York Times Best Seller list
/wiki/Piet_Norval	Piet Norval
/wiki/Raven_Klaasen	Raven Klaasen
/wiki/Pancho_Gonzales	Pancho Gonzales
/wiki/Las_Vegas_Sun	Las Vegas Sun
/wiki/Shaquille_O%27Neal	Shaquille O'Neal
/wiki/Adriano_Panatta	Adriano Panatta
/wiki/Association_of_Tennis_Professionals	Association of Tennis Professionals
/wiki/Canada_Masters	Canadian Open
/wiki/2006_US_Open_(tennis)	2006 US Open
/wiki/Mark_Woodforde	Mark Woodforde
/wiki/Landry%27s,_Inc.	Landry's, Inc.
/wiki/Andrei_Pavel	Andrei Pavel
/wiki/Methamphetamine	crystal methamphetamine
/wiki/Anne_Smith	Anne Smith
/wiki/Official_All_Star_Caf%C3%A9	Official All Star Café
/wiki/Paul_Flory	Paul Flory
/wiki/Grand_Slam_(tennis)	Grand Slams
/wiki/John_Isner	John Isner
/wiki/%C3%80lex_Corretja	Alex Corretja
/wiki/2006_Australian_Open	2006 Australian Open
/wiki/Master_System	Master System
/wiki/Luke_Jensen	Luke Jensen
/wiki/Amir_Hadad	Amir Hadad
/wiki/Philadelphia_Freedoms	Philadelphia Freedoms
/wiki/David_Ferrer	David Ferrer
/wiki/Wayne_Black	Wayne Black
/wiki/Monte-Carlo_Masters	Monte-Carlo Masters
/wiki/Cincinnati_Masters	Cincinnati Masters
/wiki/Steffi_Graf	Steffi Graf
/wiki/Wayback_Machine	Wayback Machine
/wiki/Agassi%E2%80%93Sampras_rivalry	Agassi–Sampras rivalry
/wiki/Limited_liability_company	limited liability company
/wiki/Australian_Championships_(tennis)	Australasian/Australian Championships
/wiki/Mike_Bryan	Mike Bryan
/wiki/Arthur_Ashe	Arthur Ashe
/wiki/Jonas_Bj%C3%B6rkman	Jonas Björkman
/wiki/Sara_Errani	Sara Errani
/wiki/%C3%80lex_Corretja	Àlex Corretja
/wiki/Horia_Tec%C4%83u	Horia Tecău
/wiki/Laurie_Warder	Laurie Warder
/wiki/Ren%C3%A9_Lacoste	René Lacoste
/wiki/Robert_Seguso	Robert Seguso
/wiki/Juan_Aguilera	Juan Aguilera
/wiki/James_Blake_(tennis)	James Blake
/wiki/Todd_Witsken	Todd Witsken
/wiki/Sega_Genesis	Sega Genesis
/wiki/Grand_Slam_(tennis)#Career_Grand_Slam	Career Grand Slam
/wiki/Tony_Roche	Tony Roche
/wiki/David_Rikl	David Rikl
/wiki/Warrick_Dunn	Warrick Dunn
/wiki/Boris_Becker	Boris Becker
/wiki/Greg_Rusedski	Greg Rusedski
/wiki/WorldCat	WorldCat
/wiki/Pat_Cash	Pat Cash
/wiki/Tiger_Woods	Tiger Woods
/wiki/Dana_Point	Dana Point
/wiki/Andy_Murray	Andy Murray
/wiki/University_of_Phoenix	University of Phoenix
/wiki/Roberto_Carretero	Roberto Carretero
/wiki/Tennis_male_players_statistics	Tennis male players statistics
/wiki/Mark_Philippoussis	Mark Philippoussis
/wiki/Martina_Hingis	Martina Hingis
/wiki/Louis_Raymond_(tennis)	Louis Raymond
/wiki/Allen_%26_Company	Allen & Company
/wiki/OCLC	OCLC
/wiki/Magnus_Norman	Magnus Norman
/wiki/Henri_Cochet	Henri Cochet
/wiki/Kia_Motors	Kia Motors
/wiki/Bob_Hewitt	Bob Hewitt
/wiki/Jacco_Eltingh	Jacco Eltingh
/wiki/World_Team_Tennis	World Team Tennis
/wiki/Ilie_N%C4%83stase	Ilie Năstase
/wiki/Natasha_Zvereva	Natasha Zvereva
/wiki/1988_Volvo_International	Volvo International
/wiki/Sandon_Stolle	Sandon Stolle
/wiki/Grant_Connell	Grant Connell
/wiki/French_Open	French Open
/wiki/Grand_Prix_tour	Grand Prix tour
/wiki/C%C3%A9dric_Pioline	Cédric Pioline
/wiki/David_Pate	David Pate
/wiki/Peter_Lundgren	Peter Lundgren
/wiki/Michael_Chang	Michael Chang
/wiki/Marcel_Granollers	Marcel Granollers
/wiki/Louise_Brough	Louise Brough Clapp
/wiki/Roy_Emerson	Roy Emerson
/wiki/Athletes_for_Hope	Athletes for Hope
/wiki/Rod_Laver	Rod Laver
/wiki/BBC_Overseas_Sports_Personality_of_the_Year	BBC Overseas Sports Personality of the Year
/wiki/Deutsche_Bank	Deutsche Bank
/wiki/Alonzo_Mourning	Alonzo Mourning
/wiki/Cara_Black	Cara Black
/wiki/ATP_World_Tour_Finals	ATP Tour World Championships
/wiki/Career_Super_Slam	Career Super Slam
/wiki/Zinedine_Zidane	Zinedine Zidane
/wiki/Jonathan_Erlich	Jonathan Erlich
/wiki/Tennis_at_the_Summer_Olympics	Tennis at the Summer Olympics
/wiki/Bill_Tilden	Bill Tilden
/wiki/Andriy_Medvedev	Andriy Medvedev
/wiki/Budge_Patty	Budge Patty
/wiki/1996_Summer_Olympics	Olympic Games
/wiki/The_New_York_Times	The New York Times
/wiki/Tim_Henman	Tim Henman
/wiki/Portland,_Oregon	Portland
/wiki/Chris_Woodruff	Chris Woodruff
/wiki/Las_Vegas_Review-Journal	Las Vegas Review-Journal
/wiki/1993_US_Open_(tennis)	1993 US Open
/wiki/Jack_Crawford_(tennis)	Jack Crawford
/wiki/Fabrice_Santoro	Fabrice Santoro
/wiki/S%C3%A9bastien_Lareau	Sébastien Lareau
/wiki/San_Francisco	San Francisco
/wiki/LVMH	LVMH
/wiki/List_of_Australian_Open_men%27s_singles_champions	Australian Open men's singles champions
/wiki/American_Express	American Express
/wiki/Anders_J%C3%A4rryd	Anders Järryd
/wiki/Paul_Hanley_(tennis)	Paul Hanley
/wiki/Roscoe_Tanner	Roscoe Tanner
/wiki/Canon_Inc.	Canon Inc.
/wiki/Jacobs_Creek_(Australia)	Jacobs Creek
/wiki/Cincinnati_Masters	Cincinnati
/wiki/Marin_%C4%8Cili%C4%87	Marin Čilić
/wiki/Andrea_Jaeger	Andrea Jaeger
/wiki/Andre_Agassi_Tennis	Andre Agassi Tennis
/wiki/College_of_Westchester	College of Westchester
/wiki/DuPont	DuPont
/wiki/Jack_Sock	Jack Sock
/wiki/Jim_Pugh	Jim Pugh
/wiki/Guy_Forget	Guy Forget
/wiki/Prince_Sports	Prince
/wiki/Alex_Olmedo	Alex Olmedo
/wiki/Jim_Courier	Jim Courier
/wiki/Marc_L%C3%B3pez	Marc López
/wiki/Kathy_Jordan	Kathy Jordan
/wiki/Wayne_Ferreira	Wayne Ferreira
/wiki/Mike_Powell_(athlete)	Mike Powell
/wiki/Thomas_Johansson	Thomas Johansson
/wiki/Grand_Slam_(tennis)	Grand Slam
/wiki/The_Ellen_DeGeneres_Show	The Ellen DeGeneres Show
/wiki/Jimmy_Connors	Jimmy Connors
/wiki/1988_Livingston_Open	Livingston Open
/wiki/Nicol%C3%A1s_Mass%C3%BA	Nicolás Massú
/wiki/Mark_Knowles	Mark Knowles
/wiki/Stan_Wawrinka	Stan Wawrinka
/wiki/Wii_Fit_U	Wii Fit U
/wiki/Thomas_Enqvist	Thomas Enqvist
/wiki/Methamphetamine	methamphetamine
/wiki/Alexander_Peya	Alexander Peya
/wiki/List_of_Olympic_medalists_in_tennis	Olympic Champions in men's singles
/wiki/San_Jose,_California	San Jose
/wiki/Marcelo_Melo	Marcelo Melo
/wiki/Juan_Mart%C3%ADn_del_Potro	Juan Martín del Potro
/wiki/Xavier_Malisse	Xavier Malisse
/wiki/Wet%27n%27Wild_Las_Vegas	Wet'n'Wild Las Vegas
/wiki/Dick_Savitt	Dick Savitt
/wiki/Tennis_Channel	Tennis Channel
/wiki/Benjamin_Becker	Benjamin Becker
/wiki/Atlantic_City	Atlantic City
/wiki/Deutsche_Telekom	Deutsche Telekom
/wiki/Golden_Nugget_Las_Vegas	Golden Nugget Las Vegas
/wiki/Byron_Black	Byron Black
/wiki/Nerve	nerve
/wiki/Nike,_Inc.	Nike
/wiki/Jim_Grabb	Jim Grabb
/wiki/Maureen_Connolly	Maureen Connolly
/wiki/Tennis_records_of_the_Open_Era_%E2%80%93_Men%27s_Singles	Tennis records of the Open Era – Men's Singles
/wiki/David_Wheaton	David Wheaton
/wiki/Davis_Cup	Davis Cup
/wiki/Mario_Lemieux	Mario Lemieux
/wiki/Nick_Bollettieri	Nick Bollettieri
/wiki/Goran_Ivani%C5%A1evi%C4%87	Goran Ivanišević
/wiki/Adrian_Quist	Adrian Quist
/wiki/Max_Mirnyi	Max Mirnyi
/wiki/Tommy_Haas	Tommy Haas
/wiki/Jan_Kode%C5%A1	Jan Kodeš
/wiki/Andr%C3%A9_Gobert	André Gobert
/wiki/Rafael_Nadal	Rafael Nadal
/wiki/MobyGames	MobyGames
/wiki/David_Nalbandian	David Nalbandian
/wiki/Kevin_Ullyett	Kevin Ullyett
/wiki/Guillermo_Coria	Guillermo Coria
/wiki/Andrei_Olhovskiy	Andrei Olhovskiy
/wiki/Serena_Williams	Serena Williams
/wiki/Brett_Steven	Brett Steven
/wiki/Micha%C3%ABl_Llodra	Michaël Llodra
/wiki/Neale_Fraser	Neale Fraser
/wiki/Tennis_court#Grass_courts	grass courts
/wiki/British_Sports_Book_Awards	British Sports Book Awards
/wiki/Andrei_Chesnokov	Andrei Chesnokov
/wiki/French_Championships	French Championships
/wiki/Emilio_S%C3%A1nchez	Emilio Sánchez
/wiki/Judy_Tegart	Judy Tegart Dalton
/wiki/L%27%C3%89quipe_Champion_of_Champions	L'Équipe Champion of Champions
/wiki/Scott_Melville	Scott Melville
/wiki/ATP_World_Tour_Masters_1000	ATP Masters Series
/wiki/Mark_Koevermans	Mark Koevermans
/wiki/Pablo_Cuevas	Pablo Cuevas
/wiki/Jakob_Hlasek	Jakob Hlasek
/wiki/John_Fitzgerald_(tennis)	John Fitzgerald
/wiki/Guillermo_Ca%C3%B1as	Guillermo Cañas
/wiki/Karel_Nov%C3%A1%C4%8Dek	Karel Nováček
/wiki/John_McEnroe	John McEnroe
/wiki/Wimbledon_Championships	Wimbledon
/wiki/Petr_Korda	Petr Korda
/wiki/Andy_Ram	Andy Ram
/wiki/Marat_Safin	Marat Safin
/wiki/Tennis_Masters_Cup	Tennis Masters Cup
/wiki/Beals_Wright	Beals Wright
/wiki/Lew_Hoad	Lew Hoad
/wiki/La_Quinta,_California	La Quinta, California
/wiki/Alexandr_Dolgopolov	Alexandr Dolgopolov
/wiki/Javier_S%C3%A1nchez	Javier Sánchez
/wiki/Ebel	Ebel
/wiki/Ken_Flach	Ken Flach
/wiki/John_Newcombe	John Newcombe
/wiki/Andrew_Kratzmann	Andrew Kratzmann
/wiki/Robby_Ginepri	Robby Ginepri
/wiki/Jan_Siemerink	Jan Siemerink
/wiki/Charles_Winslow	Charles Winslow
/wiki/Vasek_Pospisil	Vasek Pospisil
/wiki/Venus_Williams	Venus Williams
/wiki/Las_Vegas_Valley	Las Vegas Valley
/wiki/Danie_Visser	Danie Visser
/wiki/Wii	Wii
/wiki/Ellsworth_Vines	Ellsworth Vines
/wiki/Jarkko_Nieminen	Jarkko Nieminen
/wiki/Stockholm_Open	Stockholm
