/wiki/Johannes_Kepler	Johannes Kepler
/wiki/Mercury_(planet)	Mercury
/wiki/Arcminute	arcminutes
/wiki/Eucharist	Eucharist
/wiki/Edmund_Halley	Edmund Halley
/wiki/Focus_(geometry)	focus
/wiki/Kepler_College	Kepler College
/wiki/Vienna_U-Bahn	Vienna U-Bahn
/wiki/Ptolemaic_system	Ptolemaic system
/wiki/Johannes_Jessenius	Johannes Jessenius
/wiki/Owen_Gingerich	Gingerich, Owen
/wiki/Kepler%E2%80%93Poinsot_polyhedron#History	Kepler polyhedra
/wiki/Giovanni_Alfonso_Borelli	Giovanni Alfonso Borelli
/wiki/Point_at_infinity	point at infinity
/wiki/Arthur_I._Miller	Arthur I. Miller
/wiki/Perihelion	perihelion
/wiki/John_the_Evangelist	John the Evangelist
/wiki/Astronomy	Astronomy
/wiki/Optics	optics
/wiki/Spirituality	spiritual
/wiki/Kepler_orbit	Kepler orbit
/wiki/Kepler_(crater_on_Mars)	Kepler (crater on Mars)
/wiki/Franz_Tengnagel	Franz Tengnagel
/wiki/Norwood_Russell_Hanson	Norwood Russell Hanson
/wiki/Linz	Linz
/wiki/Thirty_Years%27_War	Thirty Years' War
/wiki/Padua	Padua
/wiki/Alexandre_Koyr%C3%A9	Alexandre Koyré
/wiki/Epitome_of_Copernican_Astronomy	Epitome of Copernican Astronomy
/wiki/Conic_section	conic section
/wiki/Astrophysics	astrophysicist
/wiki/J._L._E._Dreyer	Dreyer, J. L. E.
/wiki/Apollo_12	Apollo 12
/wiki/University_of_Chicago_Press	University of Chicago Press
/wiki/Weil_der_Stadt	Weil der Stadt
/wiki/Rudolphine_Tables	Rudolphine Tables
/wiki/The_Sleepwalkers	The Sleepwalkers
/wiki/DMOZ	DMOZ
/wiki/Johannes_Kepler_University_of_Linz	Johannes Kepler University Linz
/wiki/Jacob_Heerbrand	Jacob Heerbrand
/wiki/Solar_eclipse	solar eclipses
/wiki/Ephemerides	ephemerides
/wiki/Projective_geometry	projective geometry
/wiki/Holy_Roman_Empire	Holy Roman Empire
/wiki/Transit_of_Venus	transit of Venus
/wiki/Simon_Marius	[Simon] Mayr
/wiki/Newton%27s_law_of_universal_gravitation	universal gravitation
/wiki/Prutenic_Tables	Prutenic Tables
/wiki/Ismael_Boulliau	Ismael Boulliau
/wiki/Great_Comet_of_1577	Great Comet of 1577
/wiki/Electorate_of_Bavaria	Electorate of Bavaria
/wiki/Arthur_Koestler	Arthur Koestler
/wiki/Astronomia_nova	Astronomia nova
/wiki/Refracting_telescope	refracting telescope
/wiki/Kepler-Poinsot_polyhedra	Kepler's solids
/wiki/Jeremiah_Horrocks	Jeremiah Horrocks
/wiki/Free_Imperial_City	Free Imperial City
/wiki/Icosahedron	icosahedron
/wiki/Helisaeus_Roeslin	Helisaeus Roeslin
/wiki/Christiaan_Huygens	Christiaan Huygens
/wiki/Kepler_problem	Kepler problem
/wiki/Baden-W%C3%BCrttemberg	Baden-Württemberg
/wiki/Carl_Sagan	Carl Sagan
/wiki/Arthur_Koestler	Koestler, Arthur
/wiki/NASA	NASA
/wiki/Katharina_Guldenmann	Katharina Guldenmann
/wiki/Liberal_arts	liberal arts
/wiki/Isis_(journal)	Isis
/wiki/John_Banville	John Banville
/wiki/SN_1604	SN 1604
/wiki/Smooth_function#Geometric_continuity	geometric continuity
/wiki/Isaac_Newton	Isaac Newton
/wiki/Ophiuchus	Ophiuchus
/wiki/Epitome_Astronomiae_Copernicanae	Epitome Astronomiae Copernicanae
/wiki/Kepler-Poinsot_polyhedra	Kepler Solids
/wiki/Nicholas_Kollerstrom	Kollerstrom, Nicholas
/wiki/Augsburg_Confession	Augsburg Confession
/wiki/Richard_S._Westfall	Westfall, Richard S.
/wiki/Ptolemy	Ptolemy
/wiki/Astrology	astrology
/wiki/Giovanni_Riccioli	Giovanni Riccioli
/wiki/Galileo_Galilei	Galileo Galilei
/wiki/Keplerian_Telescope	Keplerian Telescope
/wiki/Parabola	parabola
/wiki/Cosmos:_A_Personal_Voyage	Cosmos: A Personal Voyage
/wiki/Venus	Venus
/wiki/Mathematician	mathematician
/wiki/T%C3%BCbingen	Tübingen
/wiki/Celestial_spheres	celestial spheres
/wiki/Telescope	telescope
/wiki/Jean-Baptiste_Delambre	Jean-Baptiste Delambre
/wiki/Apparent_retrograde_motion	apparent retrograde motion
/wiki/Kepler%27s_Supernova	Kepler's Supernova
/wiki/Astrological_aspects	astrological aspects
/wiki/Mysterium_cosmographicum	Mysterium cosmographicum
/wiki/Ernst_Friedrich_Apelt	Ernst Friedrich Apelt
/wiki/Musica_universalis	musica universalis
/wiki/Beno%C3%AEt_Charest	Benoît Charest
/wiki/Parallax	parallax
/wiki/Mysterium_Cosmographicum	Mysterium Cosmographicum
/wiki/Saturn	Saturn
/wiki/Platonic_solid	Platonic solid
/wiki/Kepler_(disambiguation)	Kepler (disambiguation)
/wiki/Polyhedron	polyhedra
/wiki/Philip_Glass	Philip Glass
/wiki/Tychonic_system	Tychonic system
/wiki/Reason	reason
/wiki/Alchemy	alchemists
/wiki/Stanford_Encyclopedia_of_Philosophy	Stanford Encyclopedia of Philosophy
/wiki/Scientific_Revolution	Scientific Revolution
/wiki/Kepler_triangle	Kepler triangle
/wiki/Kepler_(opera)	Kepler
/wiki/Calendar_of_saints_(Episcopal_Church_in_the_United_States_of_America)	liturgical calendar of the Episcopal Church (USA)
/wiki/Somnium_(novel)	Somnium
/wiki/Secretary_problem	marriage problem
/wiki/University_of_St_Andrews	University of St Andrews
/wiki/William_Whewell	William Whewell
/wiki/Galilean_telescope	Galilean telescope
/wiki/Method_of_Indivisibles	Method of Indivisibles
/wiki/David_Fabricius	David Fabricius
/wiki/Philosophiae_Naturalis_Principia_Mathematica	Principia Mathematica
/wiki/Seizure	seizures
/wiki/Pythagoras	Pythagoras
/wiki/Giovanni_Antonio_Magini	Giovanni Antonio Magini
/wiki/Numerology	numerological
/wiki/Automated_Transfer_Vehicle	Automated Transfer Vehicle
/wiki/Marcelo_Gleiser	Marcelo Gleiser
/wiki/Tycho_Brahe	Tycho Brahe
/wiki/Hans_Ulrich_von_Eggenberg	Prince Hans Ulrich von Eggenberg
/wiki/Transit_of_Venus,_1639	1639 Venus transit
/wiki/Chicago_University_Press	Chicago University Press
/wiki/Cornell_University_Press	Cornell University Press
/wiki/Oliver_Joseph_Lodge	Sir Oliver Lodge
/wiki/Orbital_period	orbital period
/wiki/Seminary	seminary
/wiki/Law_of_Continuity	Law or Principle of Continuity
/wiki/Johannes_Kepler_ATV	Johannes Kepler ATV
/wiki/History_of_astronomy	History of astronomy
/wiki/Utraquist	Utraquist
/wiki/Theology	theology
/wiki/Smallpox	smallpox
/wiki/God_the_Father	God the Father
/wiki/Law_of_refraction	law of refraction
/wiki/Kepler_(spacecraft)	Kepler (spacecraft)
/wiki/Galileo	Galileo
/wiki/Exegesis	exegesis
/wiki/Great_conjunction	great conjunctions
/wiki/Eggenberg_Castle	Eggenberg Castle
/wiki/Styria	Styria
/wiki/Orbital_speed	orbital velocity
/wiki/Wolfgang_Pauli	Pauli, Wolfgang
/wiki/University_of_Padua	University of Padua
/wiki/Katharina_Kepler	Katharina Kepler
/wiki/Prague	Prague
/wiki/Dodecahedron	dodecahedron
/wiki/Earth	Earth
/wiki/Physics	physics
/wiki/Kepler_Track	Kepler Track
/wiki/Double-concave_diverging_lens	double-concave diverging lenses
/wiki/Kepler%27s_equation	Kepler's equation
/wiki/History_of_physics	History of physics
/wiki/T%C3%BCbinger_Stift	Tübinger Stift
/wiki/Lunar_eclipse	lunar eclipse
/wiki/Heliocentrism	heliocentrism
/wiki/Kapteyn_Astronomical_Institute	Kapteyn Astronomical Institute
/wiki/Cube	cube
/wiki/Jakob_Bartsch	Jakob Bartsch
/wiki/Geocentric	geocentric
/wiki/Alma_mater	Alma mater
/wiki/James_R._Newman	Newman, J.R.
/wiki/Jean_Etienne_Montucla	Jean Etienne Montucla
/wiki/Michael_Maestlin	Michael Maestlin
/wiki/Die_Harmonie_der_Welt	Die Harmonie der Welt
/wiki/Jupiter	Jupiter
/wiki/Kepler_(lunar_crater)	Kepler crater
/wiki/Jean-Victor_Poncelet	Poncelet
/wiki/Walther_von_Dyck	Walther von Dyck
/wiki/Robert_Fludd	Robert Fludd
/wiki/Horoscope	horoscopes
/wiki/Mars_et_Avril	Mars et Avril
/wiki/Upper_Austria	Upper Austria
/wiki/University_of_T%C3%BCbingen	University of Tübingen
/wiki/Library_of_Congress	Library of Congress
/wiki/Google_Books	Google Books
/wiki/Atomism	atomistic
/wiki/Martin_Villeneuve	Martin Villeneuve
/wiki/Jost_B%C3%BCrgi	Jost Bürgi
/wiki/Thales	Thales
/wiki/LIBRIS	SELIBR
/wiki/Holy_Spirit	Holy Spirit
/wiki/Charlemagne	Charlemagne
/wiki/Hungarian_spotted_fever	Hungarian spotted fever
/wiki/Carnegie-Mellon_University	Carnegie-Mellon University
/wiki/Paul_Hindemith	Paul Hindemith
/wiki/Astrologer	astrologer
/wiki/Counter-Reformation	Catholic Counter-Reformation
/wiki/Robert_Hooke	Robert Hooke
/wiki/Keplerian_telescope	Keplerian telescope
/wiki/MacTutor_History_of_Mathematics_archive	MacTutor History of Mathematics archive
/wiki/Kepler%E2%80%93Bouwkamp_constant	Kepler–Bouwkamp constant
/wiki/Regular_solid	regular solids
/wiki/Alexander_von_Brill	Alexander von Brill
/wiki/William_Gilbert_(astronomer)	William Gilbert's
/wiki/Kepler_conjecture	Kepler conjecture
/wiki/Copernican_heliocentrism	Copernican system
/wiki/Atmospheric_refraction	atmospheric refraction
/wiki/Equant	equant
/wiki/OCLC	OCLC
/wiki/Nvidia	Nvidia
/wiki/Inverse-square_law	inverse-square law
/wiki/Tetrahedron	tetrahedron
/wiki/Stephen_Toulmin	Stephen Toulmin
/wiki/Thomas_Samuel_Kuhn	Kuhn, Thomas S.
/wiki/Wolfgang_Pauli	Wolfgang Pauli
/wiki/Alexandre_Koyr%C3%A9	Koyré, Alexandre
/wiki/List_of_rulers_of_Bohemia	King of Bohemia
/wiki/Linda_Hall_Library	Linda Hall Library
/wiki/1134_Kepler	1134 Kepler
/wiki/Kepler_Mission	Kepler Mission
/wiki/Pinhole_camera	pinhole cameras
/wiki/Christopher_Wren	Christopher Wren
/wiki/Scientific_method	scientific method
/wiki/Regensburg	Regensburg
/wiki/Cambridge_University_Press	Cambridge University Press
/wiki/Octahedron	octahedron
/wiki/Analogical_reasoning	analogical reasoning
/wiki/Photometer	photometer
/wiki/Longomontanus	Longomontanus
/wiki/Charles_Sanders_Peirce	Charles Sanders Peirce
/wiki/Aphelion	aphelion
/wiki/Journal_for_the_History_of_Astronomy	Journal for the History of Astronomy
/wiki/Kepler_Challenge	Kepler Challenge
/wiki/John_J._O%27Connor_(mathematician)	O'Connor, John J.
/wiki/Seth_Ward_(bishop)	Seth Ward
/wiki/Project_Gutenberg	Project Gutenberg
/wiki/Ren%C3%A9_Descartes	René Descartes
/wiki/Scientific_revolution	scientific revolution
/wiki/Platonic_solid	Platonic solids
/wiki/Roland_Bulirsch	Roland Bulirsch
/wiki/Kepler%27s_laws_of_planetary_motion	laws of planetary motion
/wiki/Calvinism	Calvinist
/wiki/Real_image	real
/wiki/List_of_things_named_after_Johannes_Kepler	List of things named after Johannes Kepler
/wiki/University_of_Linz	University of Linz
/wiki/New_Zealand	New Zealand
/wiki/Regular_polygon	regular polygons
/wiki/Formula_of_Concord	Formula of Concord
/wiki/Gaspard_Monge	Monge
/wiki/Simon_%26_Schuster	Simon and Schuster
/wiki/Aristotle	Aristotle
/wiki/Sidereus_Nuncius	Sidereus Nuncius
/wiki/Metaphysics_(Aristotle)	Metaphysics
/wiki/Edmund_F._Robertson	Robertson, Edmund F.
/wiki/European_witchcraft	witchcraft
/wiki/Sun	Sun
/wiki/Chronology	chronology
/wiki/Astronomer	astronomer
/wiki/Mars	Mars
/wiki/Habsburg_Austria	Austria
/wiki/Ferdinand_II,_Holy_Roman_Emperor	Ferdinand II
/wiki/Bohemia	Bohemia
/wiki/Karl_Popper	Karl Popper
/wiki/Star_of_Bethlehem	Star of Bethlehem
/wiki/Moon	moon
/wiki/Pope_Gregory_XIII	Pope Gregory
/wiki/Theological	theological
/wiki/Graz	Graz
/wiki/Laurentius_Suslyga	Laurentius Suslyga
/wiki/Weil_der_Stadt	Free Imperial City of Weil der Stadt
/wiki/Gottfried_Wilhelm_Leibniz	Leibniz
/wiki/Epiphany_(feeling)	epiphany
/wiki/Harmonices_Mundi	Harmonices Mundi
/wiki/Bayerische_Akademie_der_Wissenschaften	Bayerische Akademie der Wissenschaften
/wiki/Rudolf_II,_Holy_Roman_Emperor	Emperor Rudolf II
/wiki/Historiography_of_science	historiography of science
/wiki/Rudolphine_Tables	Tabulae Rudolphinae
/wiki/Age_of_Enlightenment	Enlightenment
/wiki/Ellipse	ellipse
/wiki/Herbalist	herbalist
/wiki/Natural_philosophy	natural philosophy
/wiki/Nicolaus_Copernicus	Nicolaus Copernicus
/wiki/W%C3%BCrttemberg	Württemberg
/wiki/Scientific_revolution	Scientific revolution
/wiki/Princeton_University_Press	Princeton University Press
/wiki/Philipp_Melanchthon	Philipp Melanchthon
/wiki/Fiery_trigon	fiery trigon
/wiki/Retina	retina
/wiki/Analytical_psychology	analytical psychology
/wiki/Ulm	Ulm
/wiki/De_Magnete	De Magnete
/wiki/On_the_Heavens	On the Heavens
/wiki/Solar_system	Solar system
/wiki/Kepler_Launch_Site	Kepler Launch Site
/wiki/Blaise_Pascal	Pascal
/wiki/Pierre_Gassendi	Pierre Gassendi
/wiki/Telescope	telescopic
/wiki/Ovoid	ovoid
/wiki/Zodiac	zodiac
/wiki/Infinitesimal	infinitesimals
/wiki/Epitome_astronomiae_Copernicanae	Epitome astronomiae Copernicanae
/wiki/Reimarus_Ursus	Reimarus Ursus
/wiki/Kepler%27s_laws_of_planetary_motion	Kepler's laws of planetary motion
/wiki/Kepler_Mountains	Kepler Mountains
/wiki/Virtual_image	virtual
/wiki/Erasmus_Reinhold	Erasmus Reinhold
/wiki/Eighty_Years%27_War	Eighty Years' War
/wiki/Astrology	astrological
/wiki/Catherine_the_Great	Catherine the Great
/wiki/Mathematics	mathematics
/wiki/Sphere_packing	sphere packing
/wiki/Feast_day	feast day
/wiki/Double-convex_converging_lens	double-convex converging lenses
/wiki/Patronage	patronage system
/wiki/Stuttgart_Region	Stuttgart Region
/wiki/Internet_Archive	Internet Archive
/wiki/Ben%C3%A1tky_nad_Jizerou	Benátky nad Jizerou
/wiki/Gregorian_calendar	reformed calendar
/wiki/Mercenary	mercenary
/wiki/Johannes_Matth%C3%A4us_Wackher_von_Wackhenfels	Johannes Matthäus Wackher von Wackhenfels
