/wiki/Yogh	Yogh
/wiki/Dalziel	Dalziel
/wiki/Gaberlunzie	Gaberlunzie
/wiki/Past_participle	past participles
/wiki/Cornish_language	Cornish
/wiki/Drumelzier	Drumelzier
/wiki/Hamilton,_South_Lanarkshire	Hamilton, South Lanarkshire
/wiki/Egyptian_language	Ancient Egyptian
/wiki/French_language	French
/wiki/English_spelling	English spelling
/wiki/Insular_G	Insular G
/wiki/Scribe	scribes
/wiki/Kilncadzow	Kilncadzow
/wiki/Gate	gate
/wiki/Italian_language	Italian
/wiki/Fife	Fife
/wiki/Gift	gift
/wiki/Yell_(island)	Isle of Yell
/wiki/Velar_consonant	velar
/wiki/Ezh_(letter)	Ezh
/wiki/Anglo-Saxon_runes	Anglo-Saxon futhorc
/wiki/Proto-Germanic	Proto-Germanic
/wiki/Old_Norse	Old Norse
/wiki/Capercailzie	Capercailzie
/wiki/Chaucer	Chaucer
/wiki/Gyfu	Gyfu
/wiki/Ruchazie	Ruchazie
/wiki/Scots_language	Lowland Scots
/wiki/Egyptology	Egyptology
/wiki/Ormulum	Orm
/wiki/Anglo-Saxon	Anglo-Saxon
/wiki/Shetland	Shetland
/wiki/Capercaillie	capercaillie
/wiki/Scottish_Gaelic	Gaelic
/wiki/Mackenzie_(surname)	MacKenzie
/wiki/Modern_Scots	Modern Scots
/wiki/Uncial_script	Uncial script
/wiki/Melibeus	Melibeus
/wiki/Unicode	Unicode
/wiki/Arabic_language	Arabic
/wiki/Culzean	Culzean
/wiki/Middle_English	Middle English
/wiki/Michael_Everson	Everson, Michael
/wiki/Institut_Fran%C3%A7ais_d%27Arch%C3%A9ologie_Orientale	Institut Français d'Archéologie Orientale
/wiki/Gh_(digraph)	digraph gh
/wiki/Irish_missionaries	Irish missionaries
/wiki/Eye	eye
/wiki/Normans	Norman
/wiki/Hallowed	hallowed
/wiki/Ezh_(letter)	Ezh (letter)
/wiki/Lenzie	Lenzie
/wiki/Ninian_Winzet	Winzet
/wiki/Menzies	Menzies
/wiki/Aleph	aleph
/wiki/Harbour	harboured
/wiki/Ear	ear
/wiki/Early_Scots	Early Scots
/wiki/Funzie_Girt_dyke	Funzie Girt
/wiki/Oxford_University_Press	Oxford University Press
/wiki/Queenzieburn	Queenzieburn
/wiki/Beggar	beggar
/wiki/Arabic_numerals	Arabic numeral
/wiki/Christianization_of_England	Christianization of England
/wiki/Cadzow_Castle	Cadzow Castle
/wiki/Oxford_English_Dictionary	Oxford English Dictionary
/wiki/Middle_Scots	Middle Scots
/wiki/David_Crystal	Crystal, David
/wiki/Voiced_velar_fricative	voiced velar fricative
/wiki/Glenzier	Glenzier
/wiki/Menzies_Campbell	Menzies Campbell
/wiki/Maclean	Maclean
/wiki/Older_Scots	Older Scots
/wiki/Palatal_consonant	palatal consonant
/wiki/Voiced_interdental_fricative	voiced interdental fricative
/wiki/Finzean	Finzean
/wiki/Old_English_Latin_alphabet	Old English
/wiki/UK_postcodes	postcodes
/wiki/Latin_alphabet	Latin characters
