/wiki/Book_of_Alma	Book of Alma
/wiki/Plates_of_Nephi#Small_plates	Small Plates of Nephi
/wiki/Monte_S._Nyman	Nyman, Monte
/wiki/John_W._Welch	John W. Welch
/wiki/Book_of_Ether	Book of Ether
/wiki/Captain_Moroni	Captain Moroni
/wiki/Zeezrom	Zeezrom
/wiki/Macmillan_Publishing	Macmillan Publishing
/wiki/Himni	Himni
/wiki/Book_of_Helaman	Book of Helaman
/wiki/Aaron_(Nephite)	Aaron
/wiki/Laman	Laman4
/wiki/Daniel_H._Ludlow	Ludlow, Daniel H
/wiki/Nehor	Nehor
/wiki/AntiChrist	AntiChrist
/wiki/John_W._Welch	Welch, John W.
/wiki/King_Mosiah_II	King Mosiah II
/wiki/Corianton	Corianton
/wiki/Korihor	Korihor
/wiki/Lamoni	Lamoni
/wiki/Sons_of_Mosiah	sons of Mosiah
/wiki/Two_thousand_stripling_warriors	Two thousand stripling warriors
/wiki/Amalickiah	Amalickiah
/wiki/Zerahemnah	Zerahemnah
/wiki/Mormon_(prophet)	Mormon
/wiki/Helaman	Helaman
/wiki/Religious_Studies_Center	Religious Studies Center
/wiki/Amulek	Amulek
/wiki/Aaron_(Nephite)	Aaron3
/wiki/Ensign_(LDS_magazine)	Ensign
/wiki/Encyclopedia_of_Mormonism	Encyclopedia of Mormonism
/wiki/Antagonist	antagonist
/wiki/Second_Book_of_Nephi	Second Book of Nephi
/wiki/First_Book_of_Nephi	First Book of Nephi
/wiki/Book_of_Jarom	Book of Jarom
/wiki/Amlici	Amlici
/wiki/Words_of_Mormon	Words of Mormon
/wiki/Brigham_Young_University	Brigham Young University
/wiki/Donald_W._Parry	Parry, Donald W.
/wiki/Pahoran	Pahoran
/wiki/Sons_of_Mosiah	Sons of Mosiah
/wiki/Alma_the_Younger	Alma
/wiki/Morianton	Morianton
/wiki/Plates_of_Nephi#Large_plates	Large Plates of Nephi
/wiki/Nephihah	Nephihah
/wiki/Nephite	Nephites
/wiki/Moronihah	Moronihah
/wiki/Teancum	Teancum
/wiki/Book:Books_of_the_Book_of_Mormon	Book:Books of the Book of Mormon
/wiki/Book_of_Mormon	Book of Mormon
/wiki/Ammoron	Ammoron
/wiki/Anti-Nephi-Lehi	Anti-Nephi-Lehi
/wiki/Teomner	Teomner
/wiki/OCLC	OCLC
/wiki/Wikisource	Wikisource
/wiki/Lamanite	Lamanite
/wiki/James_O._Mason	Mason, James O.
/wiki/Book_of_Jacob	Book of Jacob
/wiki/Zoram	Zoram2
/wiki/Book_of_Enos	Book of Enos
/wiki/Hagoth	Hagoth
/wiki/Book_of_Mosiah	Book of Mosiah
/wiki/Zoram	Zoram
/wiki/Ammon	Ammon
/wiki/Book_of_Moroni	Book of Moroni
/wiki/Book_of_Omni	Book of Omni
/wiki/Fourth_Nephi	Fourth Nephi
/wiki/Zoramites	Zoramites
/wiki/Shiblon	Shiblon
/wiki/Jesus	Jesus
/wiki/Lehonti	Lehonti
/wiki/FARMS	FARMS
/wiki/Gid	Gid
/wiki/Third_Nephi	Third Nephi
/wiki/Omner	Omner
/wiki/Alma_the_Younger	Alma the Younger
