/wiki/List_of_cartoonists	List of cartoonists
/wiki/Rick_Law	Rick Law
/wiki/The_Cavern_Clan	The Cavern Clan
/wiki/Understanding_Comics	Understanding Comics
/wiki/Doctor_Strange	Doctor Strange
/wiki/Dick_Guindon	Dick Guindon
/wiki/Moose_%26_Molly	Moose & Molly
/wiki/The_Cartoon_History_of_the_Universe	The Cartoon History of the Universe
/wiki/Chon_Day	Chon Day
/wiki/Mark_Marderosian	Mark Marderosian
/wiki/Retail_(comic_strip)	Retail
/wiki/Richard_Decker	Richard Decker
/wiki/Diary_of_a_Wimpy_Kid	Diary of a Wimpy Kid
/wiki/David_Messer	David Messer
/wiki/Little_Nemo	Little Nemo
/wiki/Geoff_%22Jeff%22_Hook	Geoff "Jeff" Hook
/wiki/Gaman_Palem	Gaman Palem
/wiki/The_Adventures_of_Tintin	The Adventures of Tintin
/wiki/Popeye	Popeye
/wiki/Otto_Messmer	Otto Messmer
/wiki/Donald_Duck	Donald Duck
/wiki/Sabrina,_the_Teenage_Witch	Sabrina, the Teenage Witch
/wiki/Don_Bluth	Don Bluth
/wiki/Achewood	Achewood
/wiki/Robert_W._Edgren	Robert W. Edgren
/wiki/Al_Jaffee	Al Jaffee
/wiki/Comic_strip	comic strip
/wiki/David_Liljemark	David Liljemark
/wiki/Hank_Ketcham	Hank Ketcham
/wiki/Fred_Neher	Fred Neher
/wiki/Charles_Peattie	Charles Peattie
/wiki/Charles_Kuhn	Charles Kuhn
/wiki/R_K_Laxman	R K Laxman
/wiki/Gustave_Verbeek	Gustave Verbeek
/wiki/Copper_(comic)	Copper
/wiki/RASL	RASL
/wiki/George_Fett	George Fett
/wiki/List_of_manga_artists	List of manga artists
/wiki/The_Simpsons	The Simpsons
/wiki/Armando_Salas	Armando Salas
/wiki/Max_Rep	Max Rep
/wiki/Dick_Hodgins,_Jr.	Dick Hodgins, Jr.
/wiki/Jerry_Van_Amerongen	Jerry Van Amerongen
/wiki/Julie_Doucet	Julie Doucet
/wiki/Opus_(comic_strip)	Opus
/wiki/Monty_Wedd	Monty Wedd
/wiki/Niko_Barun	Niko Barun
/wiki/Sylvia_(comic_strip)	Sylvia
/wiki/Mutt_and_Jeff	Mutt and Jeff
/wiki/John_Rivas	John Rivas
/wiki/Daniel_Hulet	Daniel Hulet
/wiki/Beyond_the_Veil_(comics)	Beyond the Veil
/wiki/The_Rake%27s_Progress	The Rake's Progress
/wiki/John_Byrne_(comics)	John Byrne
/wiki/David_Firth	David Firth
/wiki/The_Cleveland_Show	The Cleveland Show
/wiki/Selena_Lin	Selena Lin
/wiki/Dennis_the_Menace_(U.S.)	Dennis the Menace
/wiki/Joost_Swarte	Joost Swarte
/wiki/Roy_Nelson_(cartoonist)	Roy Nelson
/wiki/Max_Crivello	Max Crivello
/wiki/Lyman_Dally	Lyman Dally
/wiki/Ben_Sharpsteen	Ben Sharpsteen
/wiki/Mauricio_de_Sousa	Mauricio de Sousa
/wiki/John_Lounsbery	John Lounsbery
/wiki/Fantax	Fantax
/wiki/Gasoline_Alley	Gasoline Alley
/wiki/Evelyn_Flinders	Evelyn Flinders
/wiki/Chester_Gould	Chester Gould
/wiki/Zapiro	Zapiro
/wiki/Murray_Ball	Murray Ball
/wiki/Ralph_Stein	Ralph Stein
/wiki/The_Spirit	The Spirit
/wiki/Jules_Faber	Jules Faber
/wiki/Knockout	Knockout
/wiki/Whizzer_and_Chips	Whizzer and Chips
/wiki/Gene_Ahern	Gene Ahern
/wiki/Family_Guy	Family Guy
/wiki/Bill_Griffith	Bill Griffith
/wiki/Walter_Lantz	Walter Lantz
/wiki/Nothing_Nice_to_Say	Nothing Nice to Say
/wiki/Jaime_Crespo	Jaime Crespo
/wiki/Tex_Avery	Tex Avery
/wiki/Jeff_Kinney_(writer)	Jeff Kinney
/wiki/The_Kin-der-Kids	The Kin-der-Kids
/wiki/Cerebus	Cerebus
/wiki/Cathy_Guisewite	Cathy Guisewite
/wiki/Burr_Shafer	Burr Shafer
/wiki/George_Baker_(cartoonist)	George Baker
/wiki/Asterix	Asterix
/wiki/Steve_Bell_(cartoonist)	Steve Bell
/wiki/Steve_Canyon	Steve Canyon
/wiki/George_McManus	George McManus
/wiki/Sherman%27s_Lagoon	Sherman's Lagoon
/wiki/Arotxa	Arotxa
/wiki/Genius_(comics)	Genius
/wiki/Rachel_Nabors	Rachel Nabors
/wiki/Warren_Sattler	Warren Sattler
/wiki/Will_Elder	Will Elder
/wiki/Bill_Kroyer	Bill Kroyer
/wiki/Matt_Percival	Matt Percival
/wiki/Marvelman	Marvelman
/wiki/Scrooge_McDuck	Scrooge McDuck
/wiki/Mario_Miranda	Mario Miranda
/wiki/Shivram_Dattatreya_Phadnis	Shivram Dattatreya Phadnis
/wiki/Stan_Pitt	Stan Pitt
/wiki/Kerry_G._Johnson	Kerry G. Johnson
/wiki/Ren%C3%A9_Pellos	René Pellos
/wiki/Darby_Conley	Darby Conley
/wiki/Jack_Kirby	Jack Kirby
/wiki/Ralph_Bakshi	Ralph Bakshi
/wiki/War_is_Hell_(comics)	War is Hell
/wiki/James_Kemsley	James Kemsley
/wiki/Russell_Taylor_(cartoonist)	Russell Taylor
/wiki/Moon_Mullins	Moon Mullins
/wiki/Ronald_Michaud	Ronald Michaud
/wiki/Arthur_Watts_(illustrator)	Arthur Watts
/wiki/Amit_Offir	Amit Offir
/wiki/John_Holmstrom	John Holmstrom
/wiki/Monica%27s_Gang	Monica's Gang
/wiki/Alan_Stuart_Paterson	Alan Stuart Paterson
/wiki/Larry_Feign	Larry Feign
/wiki/Art_Nugent	Art Nugent
/wiki/Bill_Hinds	Bill Hinds
/wiki/User_Friendly	User Friendly
/wiki/Diddl	Diddl
/wiki/J._C._Duffy	J. C. Duffy
/wiki/Fred_Lasswell	Fred Lasswell
/wiki/Belsky_(cartoonist)	Belsky
/wiki/Alain_Voss	Alain Voss
/wiki/Pondus	Pondus
/wiki/Will_Eisner	Will Eisner
/wiki/India_Today	India Today
/wiki/De_Rode_Ridder	De Rode Ridder
/wiki/Greg_Brooks_(artist)	Greg Brooks
/wiki/Andrea_Pazienza	Andrea Pazienza
/wiki/Ivan_Brunetti	Ivan Brunetti
/wiki/Oscar_Berger_(cartoonist)	Oscar Berger
/wiki/Butch_Hartman	Butch Hartman
/wiki/Charles_M._Schulz	Charles M. Schulz
/wiki/Dawn_Best	Dawn Best
/wiki/Vince_Deporter	Vince Deporter
/wiki/Pearls_Before_Swine_(comic_strip)	Pearls Before Swine
/wiki/Friz_Freleng	Friz Freleng
/wiki/Edwina_Dumm	Edwina Dumm
/wiki/Suicide_Rabbit	Suicide Rabbit
/wiki/Neeraj_Gupta	Neeraj Gupta
/wiki/Bill_Benulis	Bill Benulis
/wiki/Zot!	Zot!
/wiki/The_Far_Side	The Far Side
/wiki/Art_Spiegelman	Art Spiegelman
/wiki/Phoenix_(manga)	Phoenix
/wiki/Joseph_Barbera	Joseph Barbera
/wiki/Fingerpori	Fingerpori
/wiki/Zero_(cartoonist)	Zero
/wiki/James_O%27Barr	James O'Barr
/wiki/Big_Fat_Whale	Big Fat Whale
/wiki/Ajit_Ninan	Ajit Ninan
/wiki/Frank_Miller_(comics)	Frank Miller
/wiki/Safe_Havens	Safe Havens
/wiki/Dan_Steffan	Dan Steffan
/wiki/Mutts	Mutts
/wiki/Eric_Goldberg_(film_director)	Eric Goldberg
/wiki/J._R._Williams_(cartoonist)	J. R. Williams
/wiki/Cleven_%22Goodie%22_Goudeau	Cleven "Goodie" Goudeau
/wiki/Chester_Commodore	Chester Commodore
/wiki/Checkerboard_Nightmare	Checkerboard Nightmare
/wiki/Dave_Breger	Dave Breger
/wiki/Autosport	Autosport
/wiki/Palookaville_(comics)	Palookaville
/wiki/Jos%C3%A9_Zabala-Santos	José Zabala-Santos
/wiki/Paul_Palnik	Paul Palnik
/wiki/Reg_Bunn	Reg Bunn
/wiki/Arnold_Levin	Arnold Levin
/wiki/Arja_Kajermo	Arja Kajermo
/wiki/Darren_Sanchez	Darren Sanchez
/wiki/Jok_Church	Jok Church
/wiki/Quino	Quino
/wiki/San_Antonio_Rock_City	San Antonio Rock City
/wiki/Gene_Deitch	Gene Deitch
/wiki/The_Potts	The Potts
/wiki/Steven_Strong	Steven Strong
/wiki/Al_Gordon_(1950s)	Al Gordon
/wiki/Vernon_Grant	Vernon Grant
/wiki/Johan_and_Peewit	Johan and Peewit
/wiki/Milton_Caniff	Milton Caniff
/wiki/Amelia_Rules!	Amelia Rules!
/wiki/Virgil_Franklin_Partch	Virgil Franklin Partch
/wiki/Get_Fuzzy	Get Fuzzy
/wiki/Jules_Bass	Jules Bass
/wiki/La_Compagnia_della_Forca	La Compagnia della Forca
/wiki/RAW_(magazine)	RAW
/wiki/David_F%C3%BCleki	David Füleki
/wiki/Wyncie_King	Wyncie King
/wiki/Candorville	Candorville
/wiki/Richard_Williams_(animator)	Richard Williams
/wiki/Keats_Petree	Keats Petree
/wiki/Frank_Thomas_(animator)	Frank Thomas
/wiki/South_Park	South Park
/wiki/Charles_Addams	Charles Addams
/wiki/Horacio_Sandoval	Horacio Sandoval
/wiki/Out_Our_Way	Out Our Way
/wiki/Lyonel_Feininger	Lyonel Feininger
/wiki/Willy_Vandersteen	Willy Vandersteen
/wiki/Savage_Dragon	Savage Dragon
/wiki/Martin_Rowson	Martin Rowson
/wiki/Fran%C3%A7ois_Bourgeon	François Bourgeon
/wiki/Seth_(cartoonist)	Seth
/wiki/Patrick_McDonnell	Patrick McDonnell
/wiki/Speed_Bump_(comic_strip)	Speed Bump
/wiki/Jim_Toomey	Jim Toomey
/wiki/Shekhar_Gurera	Shekhar Gurera
/wiki/Spirou_et_Fantasio	Spirou et Fantasio
/wiki/Watson_Heston	Watson Heston
/wiki/Ge_Ge_Ge_no_Kitaro	Ge Ge Ge no Kitaro
/wiki/Jeff_Smith_(comics)	Jeff Smith
/wiki/Andrea_Kruis	Andrea Kruis
/wiki/Robyn_E._Kenealy	Robyn E. Kenealy
/wiki/Edgar_Martin	Edgar Martin
/wiki/India	India
/wiki/Macbeth	Macbeth
/wiki/Kazimir_Strzepek	Kazimir Strzepek
/wiki/Przemys%C5%82aw_Tru%C5%9Bci%C5%84ski	Przemysław Truściński
/wiki/Rik_Kemp	Rik Kemp
/wiki/Paul_Gilligan	Paul Gilligan
/wiki/Bill_Watterson	Bill Watterson
/wiki/Edgar_Henry_Banger	Edgar Henry Banger
/wiki/Carlos_Z%C3%A9firo	Carlos Zéfiro
/wiki/Erika_Moen	Erika Moen
/wiki/Aldo_Capitanio	Aldo Capitanio
/wiki/Smokey_Stover	Smokey Stover
/wiki/Mickey_Mouse	Mickey Mouse
/wiki/Fung_Chin_Pang	Fung Chin Pang
/wiki/Martin_Handford	Martin Handford
/wiki/Jerry_Bittle	Jerry Bittle
/wiki/Morrie_Turner	Morrie Turner
/wiki/Victoria_Roberts_(cartoonist)	Victoria Roberts
/wiki/Six_Chix	Six Chix
/wiki/Alex_Akerbladh	Alex Akerbladh
/wiki/Gardner_Rea	Gardner Rea
/wiki/Don_Figlozzi	Don Figlozzi
/wiki/Milton_Trajano	Milton Trajano
/wiki/Ravi_Shankar_(cartoonist)	Ravi Shankar
/wiki/Where%27s_Wally%3F	Where's Wally?
/wiki/Mafalda	Mafalda
/wiki/Bud_Fisher	Bud Fisher
/wiki/Kazu_Kibuishi	Kazu Kibuishi
/wiki/Blake_and_Mortimer	Blake and Mortimer
/wiki/Avi_Katz_(illustrator)	Avi Katz
/wiki/Spike_and_Suzy	Spike and Suzy
/wiki/Billy_Ireland	Billy Ireland
/wiki/U.S._Acres	U.S. Acres
/wiki/Chacha_Chaudhary	Chacha Chaudhary
/wiki/American_Iron_Magazine	American Iron Magazine
/wiki/Donelan	Donelan
/wiki/Eduardo_Va%C3%B1%C3%B3_Pastor	Eduardo Vañó Pastor
/wiki/Mitch_Clem	Mitch Clem
/wiki/Ed_Brubaker	Ed Brubaker
/wiki/Ollie_Johnston	Ollie Johnston
/wiki/Andreas_Deja	Andreas Deja
/wiki/Simon%27s_Cat	Simon's Cat
/wiki/The_Wizard_of_Id	The Wizard of Id
/wiki/The_Fusco_Brothers	The Fusco Brothers
/wiki/Mana_Neyestani_(Iranian_cartoonist)	Mana Neyestani
/wiki/Barney_Google	Barney Google
/wiki/George_(webcomic)	George
/wiki/Jim_McDermott_(illustrator)	Jim McDermott
/wiki/Aaron_McGruder	Aaron McGruder
/wiki/Lou_Darvas	Lou Darvas
/wiki/Tom_Cheney_(cartoonist)	Tom Cheney
/wiki/Jason_Craig	Jason Craig
/wiki/Eric_Larson	Eric Larson
/wiki/Jessica_Hagy	Jessica Hagy
/wiki/Arthur_Davis_(animator)	Arthur Davis
/wiki/Paul_Mason_(canoeist)	Paul Mason
/wiki/Marc_Davis_(animator)	Marc Davis
/wiki/The_Crow	The Crow
/wiki/Wilfred_Jackson	Wilfred Jackson
/wiki/Josie_and_the_Pussycats_(comics)	Josie and the Pussycats
/wiki/H%C3%A4gar_the_Horrible	Hägar the Horrible
/wiki/Playboy	Playboy
/wiki/Jhonen_Vasquez	Jhonen Vasquez
/wiki/Gladstone_Gander	Gladstone Gander
/wiki/Howard_Tayler	Howard Tayler
/wiki/Hoxwinder_Hall	Hoxwinder Hall
/wiki/Kevin_Woodcock	Kevin Woodcock
/wiki/Ziraldo_Alves_Pinto	Ziraldo Alves Pinto
/wiki/Matt_Stone	Matt Stone
/wiki/Roberto_Raviola	Roberto Raviola
/wiki/Spider-Man	Spider-Man
/wiki/George_William_Houghton	George William Houghton
/wiki/Zap_Comix	Zap Comix
/wiki/John_Kricfalusi	John Kricfalusi
/wiki/Norm_Feuti	Norm Feuti
/wiki/Marc_Hansen	Marc Hansen
/wiki/National_Lampoon_(magazine)	National Lampoon
/wiki/Harvey_Kurtzman	Harvey Kurtzman
/wiki/Sergio_Aragones	Sergio Aragones
/wiki/Tank_McNamara	Tank McNamara
/wiki/Spanish%E2%80%93American_War	Spanish–American War
/wiki/Michael_Leunig	Michael Leunig
/wiki/Family_Circus	Family Circus
/wiki/Joan_Vizcarra	Joan Vizcarra
/wiki/Leonard_Glasser	Leonard Glasser
/wiki/Carl_Giles	Carl Giles
/wiki/Matt_Groening	Matt Groening
/wiki/Irwin_Caplan	Irwin Caplan
/wiki/Chandra_Free	Chandra Free
/wiki/Bill_Holbrook	Bill Holbrook
/wiki/Denis_Gifford	Denis Gifford
/wiki/John_Reiner	John Reiner
/wiki/Barry_Appleby	Barry Appleby
/wiki/Beavis_and_Butt-head	Beavis and Butt-head
/wiki/Life_in_Hell	Life in Hell
/wiki/Peyo	Peyo
/wiki/Brad_Diller	Brad Diller
/wiki/Graphic_novel	graphic novel
/wiki/Gnorm_Gnat	Gnorm Gnat
/wiki/Dave_Pascal	Dave Pascal
/wiki/Alex_Hallatt	Alex Hallatt
/wiki/Zippy_the_Pinhead	Zippy the Pinhead
/wiki/Mark_Burrier	Mark Burrier
/wiki/Ward_Kimball	Ward Kimball
/wiki/Agony_(book)	Agony
/wiki/Ub_Iwerks	Ub Iwerks
/wiki/King_of_the_Hill	King of the Hill
/wiki/Jack_Markow	Jack Markow
/wiki/Hi_and_Lois	Hi and Lois
/wiki/Sidney_Harris_(cartoonist)	Sidney Harris
/wiki/Bill_Tytla	Bill Tytla
/wiki/Brian_McFadden_(cartoonist)	Brian McFadden
/wiki/The_Jackson_Twins	The Jackson Twins
/wiki/Jacki_Randall	Jacki Randall
/wiki/Mad_Peck	Mad Peck
/wiki/Vicco_von_B%C3%BClow	Vicco von Bülow
/wiki/Arlene_Klasky	Arlene Klasky
/wiki/Clifford_McBride	Clifford McBride
/wiki/List_of_newspaper_comic_strips	List of newspaper comic strips
/wiki/Dick_Fulmine	Dick Fulmine
/wiki/Lee_W._Stanley	Lee W. Stanley
/wiki/Terry_and_the_Pirates_(comics)	Terry and the Pirates
/wiki/Fred_Negro	Fred Negro
/wiki/Henry_Selick	Henry Selick
/wiki/Barnaby_(comic_strip)	Barnaby
/wiki/Nigar_Nazar	Nigar Nazar
/wiki/Placar_magazine	Placar
/wiki/Broadside_(comic_strip)	Broadside
/wiki/Meat_Cake_(comics)	Meat Cake
/wiki/The_Times_of_India	The Times of India
/wiki/Martin_Perscheid	Martin Perscheid
/wiki/Mike_Judge	Mike Judge
/wiki/Les_Clark	Les Clark
/wiki/Darrin_Bell	Darrin Bell
/wiki/Bone	Bone
/wiki/Bringing_Up_Father	Bringing Up Father
/wiki/Gabor_Csupo	Gabor Csupo
/wiki/Wilbur_Kookmeyer	Wilbur Kookmeyer
/wiki/Frode_%C3%98verli	Frode Øverli
/wiki/Murray_Olderman	Murray Olderman
/wiki/Manga	manga
/wiki/Sumanta_Baruah	Sumanta Baruah
/wiki/Shelby_Robertson	Shelby Robertson
/wiki/Carlo_Ambrosini	Carlo Ambrosini
/wiki/Clyde_Lamb	Clyde Lamb
/wiki/Yuliy_Ganf	Yuliy Abramovich Ganf
/wiki/Jimmy_Gownley	Jimmy Gownley
/wiki/List_of_comic_strips	List of comic strips
/wiki/William_Hanna	William Hanna
/wiki/Tim_Burton	Tim Burton
/wiki/W._B._Park	W. B. Park
/wiki/Gaston_Lagaffe	Gaston Lagaffe
/wiki/Antonio_Lara_de_Gavil%C3%A1n	Antonio Lara de Gavilán
/wiki/Mark_O%27Hare	Mark O'Hare
/wiki/Steve_Ditko	Steve Ditko
/wiki/Bal_Thackeray	Bal Thackeray
/wiki/Berkeley_Breathed	Berkeley Breathed
/wiki/Shawn_McManus	Shawn McManus
/wiki/Natalie_d%27Arbeloff	Natalie d'Arbeloff
/wiki/Mark_Beyer_(comics)	Mark Beyer
/wiki/Underground_Comix	Underground Comix
/wiki/Kyle_Baker	Kyle Baker
/wiki/Michael_Esser	Michael Esser
/wiki/Billy_the_Kid	Billy the Kid
/wiki/Doctor_Hormone	Doctor Hormone
/wiki/Easyriders	Easyriders
/wiki/Albert_Uderzo	Albert Uderzo
/wiki/Sad_Sack	Sad Sack
/wiki/Li%27l_Abner	Li'l Abner
/wiki/Vahan_Shirvanian	Vahan Shirvanian
/wiki/Bill_Hoest	Bill Hoest
/wiki/Shazam!:_The_Monster_Society_of_Evil	Shazam!: The Monster Society of Evil
/wiki/American_Dad!	American Dad!
/wiki/Cul_de_Sac_(comic_strip)	Cul de Sac
/wiki/Ginger_Meggs	Ginger Meggs
/wiki/Andy_Fish	Andy Fish
/wiki/David_Fletcher_(cartoonist)	David Fletcher
/wiki/Chumy_Ch%C3%BAmez	Chumy Chúmez
/wiki/Vanhat_herrat	Vanhat herrat
/wiki/Francis_Cleetus	Francis Cleetus
/wiki/The_New_Yorker	The New Yorker
/wiki/Ed_Tourriol	Ed Tourriol
/wiki/Mr._Potato_Head	Mr. Potato Head
/wiki/%C3%98ystein_Runde	Øystein Runde
/wiki/The_Silent_Three	The Silent Three
/wiki/Caroll_Spinney	Caroll Spinney
/wiki/Jack_Cole_(artist)	Jack Cole
/wiki/Editorial_cartoons	Editorial cartoons
/wiki/Edgar_Church	Edgar Church
/wiki/Walt_Kelly	Walt Kelly
/wiki/Vic_Pratt	Vic Pratt
/wiki/Cartoon	cartoons
/wiki/Kevin_and_Kell	Kevin and Kell
/wiki/Christine_Roche	Christine Roche
/wiki/Bill_Amend	Bill Amend
/wiki/Jack_Davis_(cartoonist)	Jack Davis
/wiki/Henry_Matthew_Talintyre	Henry Matthew Talintyre
/wiki/Anna_Brandoli	Anna Brandoli
/wiki/Buzz_Beamer	Buzz Beamer
/wiki/Hans_Steinbach	Hans Steinbach
/wiki/Tove_Jansson	Tove
/wiki/Attila_Adorjany	Attila Adorjany
/wiki/Ed_Emshwiller	Ed Emshwiller
/wiki/Don_Hillsman_II	Don Hillsman II
/wiki/Shigeru_Mizuki	Shigeru Mizuki
/wiki/Rubes	Rubes
/wiki/John_Callahan_(cartoonist)	John Callahan
/wiki/Jim_Bamber	Jim Bamber
/wiki/Alberto_Saichann	Alberto Saichann
/wiki/Prabhakar_Thokal	Prabhakar Thokal
/wiki/Starslip_Crisis	Starslip Crisis
/wiki/Ernie_Bushmiller	Ernie Bushmiller
/wiki/Edgar_Pierre_Jacobs	Edgar Pierre Jacobs
/wiki/Ralph_Steadman	Ralph Steadman
/wiki/Frank_Dunne_(cartoonist)	Frank Dunne
/wiki/S._Jithesh	S. Jithesh
/wiki/Gianni_De_Luca	Gianni De Luca
/wiki/Bill_Finger	Bill Finger
/wiki/Jim_Hummel	Jim Hummel
/wiki/Fritz_the_Cat	Fritz the Cat
/wiki/On_the_Fastrack	On the Fastrack
/wiki/Mike_Peters_(cartoonist)	Mike Peters
/wiki/Batman	The Batman
/wiki/78_Tage_auf_der_Stra%C3%9Fe_des_Hasses	78 Tage auf der Straße des Hasses
/wiki/Sam_Gross	Sam Gross
/wiki/Colonel_Moutarde	Colonel Moutarde
/wiki/Sergio_Aragon%C3%A9s	Sergio Aragonés
/wiki/Joe_Palooka	Joe Palooka
/wiki/Larry_Gonick	Larry Gonick
/wiki/Virginio_Livraghi	Virginio Livraghi
/wiki/Bob_Weber_(cartoonist)	Bob Weber
/wiki/Outland_(comics)	Outland
/wiki/List_of_editorial_cartoonists	List of editorial cartoonists
/wiki/Kim_Deitch	Kim Deitch
/wiki/Denise_Dorrance	Denise Dorrance
/wiki/Mother_Goose_%26_Grimm	Mother Goose & Grimm
/wiki/Caesar_Meadows	Caesar Meadows
/wiki/Reginald_Ben_Davis	Reginald Ben Davis
/wiki/Ferm%C3%ADn_Sol%C3%ADs	Fermín Solís
/wiki/Ramon_Torrents	Ramon Torrents
/wiki/Ralph_Snart	Ralph Snart
/wiki/Harold_Tamblyn-Watts	Harold Tamblyn-Watts
/wiki/Dick_Tracy	Dick Tracy
/wiki/J.D._Frazer	J.D. Frazer
/wiki/Robert_McKimson	Robert McKimson
/wiki/Mike_Lynch_(cartoonist)	Mike Lynch
/wiki/Pran_Kumar_Sharma	Pran Kumar Sharma
/wiki/The_Smurfs	The Smurfs
/wiki/Marvel_Comics	Marvel Comics
/wiki/Judy_Horacek	Judy Horacek
/wiki/Dharma_the_Cat	Dharma the Cat
/wiki/Peanuts	Peanuts
/wiki/John_Leech_(caricaturist)	John Leech
/wiki/B.C._(comic)	B.C.
/wiki/Nina_Paley	Nina Paley
/wiki/Mike_Mignola	Mike Mignola
/wiki/Nicholas_Gurewitch	Nicholas Gurewitch
/wiki/Lynn_Johnston	Lynn Johnston
/wiki/Harry_J._Tuthill	Harry J. Tuthill
/wiki/Love_and_Rockets_(comics)	Love and Rockets
/wiki/Dick_Hafer_(comics)	Dick Hafer
/wiki/Krazy_Kat	Krazy Kat
/wiki/Phil_Ortiz	Phil Ortiz
/wiki/Heath_Robinson	W. Heath Robinson
/wiki/Benita_Epstein	Benita Epstein
/wiki/Tatsuya_Ishida	Tatsuya Ishida
/wiki/Yevgeniy_Migunov	Yevgeniy Migunov
/wiki/Dan_DeCarlo	Dan DeCarlo
/wiki/Stan_Hunt	Stan Hunt
/wiki/Harry_Grant_Dart	Harry Grant Dart
/wiki/Keep_on_Truckin%27_(comics)	Keep on Truckin'
/wiki/Dale_Messick	Dale Messick
/wiki/Charles_Fincher	Charles Fincher
/wiki/Don_Orehek	Don Orehek
/wiki/Boulet_(comics)	Boulet
/wiki/Dame_Darcy	Dame Darcy
/wiki/Ronald_Searle	Ronald Searle
/wiki/FoxTrot	FoxTrot
/wiki/Daniel_A._Baker	Daniel A. Baker
/wiki/Calvin_and_Hobbes	Calvin and Hobbes
/wiki/Rod_Filbrandt	Rod Filbrandt
/wiki/Chris_Slane	Chris Slane
/wiki/Stanley_Arthur_Franklin	Stanley Arthur Franklin
/wiki/Dilbert	Dilbert
/wiki/Bruce_Petty	Bruce Petty
/wiki/Baron_Halpenny	Baron Halpenny
/wiki/SpongeBob_SquarePants	SpongeBob SquarePants
/wiki/George_Wolfe_(cartoonist)	George Wolfe
/wiki/Futurama	Futurama
/wiki/Johnny_Hart	Johnny Hart
/wiki/Stacy_Curtis	Stacy Curtis
/wiki/Seth_MacFarlane	Seth MacFarlane
/wiki/James_Thurber	James Thurber
/wiki/Frank_King_(cartoonist)	Frank King
/wiki/Brad_Neely	Brad Neely
/wiki/Arthur_Rankin,_Jr.	Arthur Rankin, Jr.
/wiki/Astro_Boy_(1960s)	Astro Boy
/wiki/The_Goode_Family	The Goode Family
/wiki/Alan_Davis	Alan Davis
/wiki/Chao_Yat	Chao Yat
/wiki/Carl_Barks	Carl Barks
/wiki/Leigh_Rubin	Leigh Rubin
/wiki/Ham_Fisher	Ham Fisher
/wiki/Tom_Kurzanski	Tom Kurzanski
/wiki/Osamu_Tezuka	Osamu Tezuka
/wiki/Glen_Keane	Glen Keane
/wiki/Gahan_Wilson	Gahan Wilson
/wiki/Bob_Mankoff	Bob Mankoff
/wiki/Mel_Lazarus	Mel Lazarus
/wiki/Rudy_Park	Rudy Park
/wiki/Ken_Battefield	Ken Battefield
/wiki/Mort_Drucker	Mort Drucker
/wiki/Nick_Downes	Nick Downes
/wiki/Brenda_Starr	Brenda Starr
/wiki/Andrew_Kennaway_Henderson	Andrew Kennaway Henderson
/wiki/Cal_Sobrepe%C3%B1a	Cal Sobrepeña
/wiki/Chuck_Billy_%27n%27_Folks	Chuck Billy 'n' Folks
/wiki/Richard_Thompson_(cartoonist)	Richard Thompson
/wiki/Art_Young	Art Young
/wiki/Stephan_Pastis	Stephan Pastis
/wiki/Morris_(comics)	Morris
/wiki/Duckburg	Duckburg
/wiki/Nancy_(comic_strip)	Nancy
/wiki/Jakob_Martin_Strid	Jakob Martin Strid
/wiki/Plastic_Man	Plastic Man
/wiki/Motor_sport	motor sports
/wiki/Prriya_Raj	Prriya Raj
/wiki/Archie_Comics	Archie
/wiki/Welcome_to_Convenience_Store	Welcome to Convenience Store
/wiki/The_New_York_Times	The New York Times
/wiki/Cleats_(comic_strip)	Cleats
/wiki/Charles_Evenden	Charles Evenden
/wiki/Los_Bros_Hernandez	Los Bros Hernandez
/wiki/Russell_Johnson_(cartoonist)	Russell Johnson
/wiki/Brad_W._Foster	Brad W. Foster
/wiki/Otto_Eppers	Otto Eppers
/wiki/Keith_Knight_(cartoonist)	Keith Knight
/wiki/Ted_Key	Ted Key
/wiki/George_Herriman	George Herriman
/wiki/Pogo_(comics)	Pogo
/wiki/Patryck_de_Froidmont	Patryck de Froidmont
/wiki/Bob_Clampett	Bob Clampett
/wiki/Bill_Holman_(cartoonist)	Bill Holman
/wiki/Wolfgang_Reitherman	Wolfgang "Woolie" Reitherman
/wiki/Robert_Crumb	Robert Crumb
/wiki/Bob_Kane	Bob Kane
/wiki/Sean_Pendergrass	Sean Pendergrass
/wiki/Rudolf_Ising	Rudolf Ising
/wiki/List_of_illustrators	List of illustrators
/wiki/Fr%C3%A9d%C3%A9ric_Back	Frédéric Back
/wiki/Lars_Jansson_(cartoonist)	Lars Jansson
/wiki/Scott_McCloud	Scott McCloud
/wiki/Bill_Yates	Bill Yates
/wiki/Dan_Spiegle	Dan Spiegle
/wiki/Wee_Willie_Winkie%27s_World	Wee Willie Winkie's World
/wiki/Brant_Parker	Brant Parker
/wiki/Jay_Lynch	Jay Lynch
/wiki/Why_I_Hate_Saturn	Why I Hate Saturn
/wiki/Fakta_fra_verden	Fakta fra verden
/wiki/Hugo_Pratt	Hugo Pratt
/wiki/Heinrich_Kley	Heinrich Kley
/wiki/Eric_Jolliffe	Eric Jolliffe
/wiki/H._T._Webster	H. T. Webster
/wiki/Joe_Simon	Joe Simon
/wiki/Charles_Boyce	Charles Boyce
/wiki/Artie_Romero	Artie Romero
/wiki/Andr%C3%A9_Franquin	André Franquin
/wiki/S._Clay_Wilson	S. Clay Wilson
/wiki/Dik_Browne	Dik Browne
/wiki/Dariush_Ramezani	Dariush Ramezani
/wiki/Herg%C3%A9	Hergé
/wiki/Winsor_McCay	Winsor McCay
/wiki/ClanDestine	ClanDestine
/wiki/Lee_Sheppard_(cartoonist)	Lee Sheppard
/wiki/Sequential_art	sequential art
/wiki/Lefred_Thouron	Lefred Thouron
/wiki/Lucky_Luke	Lucky Luke
/wiki/Bo_Brown	Bo Brown
/wiki/Simon_and_Schuster	Simon and Schuster
/wiki/Erik_Larsen	Erik Larsen
/wiki/Virgil_Partch	Virgil Partch
/wiki/Brad_Bird	Brad Bird
/wiki/Wally_Wood	Wally Wood
/wiki/Helena_Klakocar	Helena Klakocar
/wiki/Joe_Murray_(animator)	Joe Murray
/wiki/Onofrio_Catacchio	Onofrio Catacchio
/wiki/Sin_City	Sin City
/wiki/Dan_Reynolds_(cartoonist)	Dan Reynolds
/wiki/Frank_Tashlin	Frank Tashlin
/wiki/Rube_Goldberg	Rube Goldberg
/wiki/Ben_Caldwell_(cartoonist)	Ben Caldwell
/wiki/Alex_Toth	Alex Toth
/wiki/The_Boondocks_(TV_series)	The Boondocks
/wiki/The_Ren_%26_Stimpy_Show	The Ren & Stimpy Show
/wiki/Stephen_Hillenburg	Stephen Hillenburg
/wiki/Dave_Coverly	Dave Coverly
/wiki/Kris_Straub	Kris Straub
/wiki/Iwao_Takamoto	Iwao Takamoto
/wiki/Maus	Maus
/wiki/Fr%C3%A9d%C3%A9ric-Antonin_Breysse	Frédéric-Antonin Breysse
/wiki/The_Economic_Times	The Economic Times
/wiki/Bill_Plympton	Bill Plympton
/wiki/Erich_von_G%C3%B6tha_de_la_Rosi%C3%A8re	Erich von Götha de la Rosière
/wiki/Trey_Parker	Trey Parker
/wiki/Eddie_Germano	Eddie Germano
/wiki/Yvonne_Hutton	Yvonne Hutton
/wiki/Chuck_Jones	Chuck Jones
/wiki/Derf	Derf
/wiki/Amy_and_Jordan	Amy and Jordan
/wiki/Stan_Lee	Stan Lee
/wiki/Robert_Leighton_(cartoonist)	Robert Leighton
/wiki/Bruce_Ozella	Bruce Ozella
/wiki/Manjul	Manjul
/wiki/Andr%C3%A9_Fran%C3%A7ois	André François
/wiki/Patrick_Chappatte	Patrick Chappatte
/wiki/Josefina_Tanganelli_Plana	Josefina Tanganelli Plana
/wiki/Posy_Simmonds	Posy Simmonds
/wiki/For_Better_or_For_Worse	For Better or For Worse
/wiki/Captain_America	Captain America
/wiki/William_Haselden	William Haselden
/wiki/You_Can_With_Beakman_and_Jax	You Can With Beakman and Jax
/wiki/Vlad_Kolarov	Vlad Kolarov
/wiki/Tom_Bunk	Tom Bunk
/wiki/Hellboy	Hellboy
/wiki/Ned_Kelly	Ned Kelly
/wiki/John_Norment	John Norment
/wiki/Bob_Penuelas	Bob Penuelas
/wiki/Craig_Phillips_(cartoonist)	Craig Phillips
/wiki/Richard_Rich_(director)	Richard Rich
/wiki/Little_Annie_Fanny	Little Annie Fanny
/wiki/John_Glashan	John Glashan
/wiki/John_Lasseter	John Lasseter
/wiki/Craig_McKay_(cartoonist)	Craig McKay
/wiki/Sinfest	Sinfest
/wiki/George_Lichty	George Lichty
/wiki/Walt_Disney	Walt Disney
/wiki/Shamus_Culhane	Shamus Culhane
/wiki/The_World_of_Lily_Wong	The World of Lily Wong
/wiki/Moomin	The Moomins
/wiki/Steven_Harris_(cartoonist)	Steven Harris
/wiki/Chris_Onstad	Chris Onstad
/wiki/Bob_Boyle_(animator)	Bob Boyle
/wiki/Commissario_Spada	Commissario Spada
/wiki/Ferd_Johnson	Ferd Johnson
/wiki/Roz_Chast	Roz Chast
/wiki/Molly_Kiely	Molly Kiely
/wiki/Elzie_Crisler_Segar	Elzie Crisler Segar
/wiki/Ed_Subitzky	Ed Subitzky
/wiki/B._Kliban	B. Kliban
/wiki/Scott_Adams	Scott Adams
/wiki/Domitille_Collardey	Domitille Collardey
/wiki/Grim_Natwick	Grim Natwick
/wiki/Steve_Fiorilla	Steve Fiorilla
/wiki/Gary_Larson	Gary Larson
/wiki/List_of_American_comics_creators	List of American comics creators
/wiki/Ben_Wicks	Ben Wicks
/wiki/Sheree_Bradford-Lea	Sheree Bradford-Lea
/wiki/Mr._Natural_(comics)	Mr. Natural
/wiki/Bil_Keane	Bil Keane
/wiki/Footrot_Flats	Footrot Flats
/wiki/Nicole_Hollander	Nicole Hollander
/wiki/Boixcar	Boixcar
/wiki/Jim_Davis_(cartoonist)	Jim Davis
/wiki/Abner_Dean	Abner Dean
/wiki/Henfil	Henfil
/wiki/Perry_Bible_Fellowship	Perry Bible Fellowship
/wiki/Herbert_Ryman	Herbert "Herbie" Ryman
/wiki/Garfield	Garfield
/wiki/Ad_Carter	Ad Carter
/wiki/Saul_Steinberg	Saul Steinberg
/wiki/Grubby	Grubby
/wiki/Hans_Christian_Andersen	Hans Christian Andersen
/wiki/Mad_(magazine)	Mad
/wiki/Grandma_(comic_strip)	Grandma
/wiki/Hugleikur_Dagsson	Hugleikur Dagsson
/wiki/Fred_Moore_(animator)	Fred Moore
/wiki/Bloom_County	Bloom County
/wiki/Rhie_Won-bok	Rhie Won-bok
/wiki/William_Hogarth	William Hogarth
/wiki/Cartoonist	cartoonists
/wiki/It%27s_Geek_2_Me	It's Geek 2 Me
/wiki/Tim_Molloy	Tim Molloy
/wiki/Al_Capp	Al Capp
/wiki/Pooch_Cafe	Pooch Cafe
/wiki/Corto_Maltese	Corto Maltese
/wiki/Cathy_(comic_strip)	Cathy
/wiki/Pat_Sullivan_(film_producer)	Pat Sullivan
/wiki/Milt_Kahl	Milt Kahl
/wiki/Political_cartoon	political cartoonist
/wiki/Young_Pillars	Young Pillars
/wiki/Stan_Cross	Stan Cross
/wiki/Dave_Sim	Dave Sim
/wiki/Ted_Goff	Ted Goff
/wiki/Kenn_Navarro	Kenn Navarro
/wiki/Les_Tanner	Les Tanner
/wiki/Camillus_Perera	Camillus Perera
/wiki/Kirk_Jarvinen	Kirk Jarvinen
/wiki/Ralph_Waddell_Douglass	Ralph Waddell Douglass
/wiki/The_Bungle_Family	The Bungle Family
